,ActivePower,WindSpeed,Temperature
2019-01-01 00:00:00+00:00,443.3107,6.0573,19.4340
2019-01-01 01:00:00+00:00,316.6917,5.4483,19.3507
2019-01-01 02:00:00+00:00,162.4457,4.4422,20.0512
2019-01-01 03:00:00+00:00,101.8424,3.8521,21.2889
2019-01-01 04:00:00+00:00,161.7840,4.2908,22.4448
2019-01-01 05:00:00+00:00,191.7029,4.4197,23.7019
2019-01-01 06:00:00+00:00,118.0856,4.0500,25.4651
2019-01-01 07:00:00+00:00,169.2158,4.2358,26.2000
2019-01-01 08:00:00+00:00,76.2241,3.8455,27.3032
2019-01-01 09:00:00+00:00,132.0094,4.1269,27.8460
2019-01-01 10:00:00+00:00,193.2185,4.3401,28.0004
2019-01-01 11:00:00+00:00,155.9466,4.3561,27.6486
2019-01-01 12:00:00+00:00,260.2499,4.9497,26.7492
2019-01-01 13:00:00+00:00,650.0108,6.5241,25.7894
2019-01-01 14:00:00+00:00,692.4810,6.7351,24.8119
2019-01-01 15:00:00+00:00,447.4168,5.9247,23.9338
2019-01-01 16:00:00+00:00,633.9163,6.5107,23.1643
2019-01-01 17:00:00+00:00,918.7167,7.2888,21.9714
2019-01-01 18:00:00+00:00,1011.4630,7.5209,20.5911
2019-01-01 19:00:00+00:00,956.6361,7.4619,20.0788
2019-01-01 20:00:00+00:00,702.0015,6.7206,19.8988
2019-01-01 21:00:00+00:00,724.8991,6.8653,19.6998
2019-01-01 22:00:00+00:00,702.5773,6.8597,19.2516
2019-01-01 23:00:00+00:00,604.1906,6.5194,18.8568
2019-01-02 00:00:00+00:00,448.3664,6.0019,18.9048
2019-01-02 01:00:00+00:00,427.8867,5.9281,19.1311
2019-01-02 02:00:00+00:00,104.6442,4.0114,19.6499
2019-01-02 03:00:00+00:00,86.8879,3.8251,21.3343
2019-01-02 04:00:00+00:00,377.0839,5.3982,22.6772
2019-01-02 05:00:00+00:00,566.3040,6.0164,23.8431
2019-01-02 06:00:00+00:00,482.5912,6.0606,25.0673
2019-01-02 07:00:00+00:00,410.0142,6.0265,26.4048
2019-01-02 08:00:00+00:00,268.3354,4.9166,27.6207
2019-01-02 09:00:00+00:00,207.3679,4.4082,28.1286
2019-01-02 10:00:00+00:00,218.4785,4.4237,28.3695
2019-01-02 11:00:00+00:00,167.6325,4.2361,28.0827
2019-01-02 12:00:00+00:00,224.3453,4.7252,27.3723
2019-01-02 13:00:00+00:00,241.3805,4.9087,26.7654
2019-01-02 14:00:00+00:00,546.4127,6.1978,25.7875
2019-01-02 15:00:00+00:00,834.5346,7.3606,25.0878
2019-01-02 16:00:00+00:00,763.0161,6.9961,24.3540
2019-01-02 17:00:00+00:00,739.6407,6.7265,23.6452
2019-01-02 18:00:00+00:00,623.7975,6.3802,22.8658
2019-01-02 19:00:00+00:00,558.6470,6.2830,21.7354
2019-01-02 20:00:00+00:00,411.6342,5.6903,21.0560
2019-01-02 21:00:00+00:00,268.3769,5.1640,20.7618
2019-01-02 22:00:00+00:00,307.9877,5.4732,20.6819
2019-01-02 23:00:00+00:00,323.3613,5.5465,20.6498
2019-01-03 00:00:00+00:00,296.0993,5.3707,20.2535
2019-01-03 01:00:00+00:00,318.3260,5.4377,19.9647
2019-01-03 02:00:00+00:00,92.7096,3.8023,19.7589
2019-01-03 03:00:00+00:00,4.1017,2.9756,21.6086
2019-01-03 04:00:00+00:00,76.4225,3.6386,23.2822
2019-01-03 05:00:00+00:00,15.2944,3.2804,24.9560
2019-01-03 06:00:00+00:00,9.1288,3.2325,27.1104
2019-01-03 07:00:00+00:00,29.1562,3.4420,28.2051
2019-01-03 08:00:00+00:00,96.5106,3.8506,29.2331
2019-01-03 09:00:00+00:00,156.6892,4.2018,29.6759
2019-01-03 10:00:00+00:00,174.3037,4.2763,29.7691
2019-01-03 11:00:00+00:00,443.7855,5.4793,29.3475
2019-01-03 12:00:00+00:00,221.8334,4.6645,28.5220
2019-01-03 13:00:00+00:00,231.7885,4.8916,27.8456
2019-01-03 14:00:00+00:00,512.6021,6.0948,26.7814
2019-01-03 15:00:00+00:00,713.7709,6.9463,25.8263
2019-01-03 16:00:00+00:00,784.4721,7.1852,25.0019
2019-01-03 17:00:00+00:00,794.5894,6.9665,24.1221
2019-01-03 18:00:00+00:00,625.8085,6.3019,22.8843
2019-01-03 19:00:00+00:00,731.0108,6.8474,22.0039
2019-01-03 20:00:00+00:00,716.2598,6.8754,21.4990
2019-01-03 21:00:00+00:00,606.2298,6.5848,21.1840
2019-01-03 22:00:00+00:00,347.1570,5.6632,21.1589
2019-01-03 23:00:00+00:00,104.9883,4.0310,20.4183
2019-01-04 00:00:00+00:00,402.1443,5.9101,20.6898
2019-01-04 01:00:00+00:00,368.5374,5.7377,20.5009
2019-01-04 02:00:00+00:00,200.3204,4.6172,20.4565
2019-01-04 03:00:00+00:00,173.6032,4.3298,21.4313
2019-01-04 04:00:00+00:00,146.8752,4.0881,23.0124
2019-01-04 05:00:00+00:00,321.2061,4.8938,24.5465
2019-01-04 06:00:00+00:00,414.7487,5.3053,25.9668
2019-01-04 07:00:00+00:00,400.9090,5.3129,27.3252
2019-01-04 08:00:00+00:00,510.5277,5.7530,28.0841
2019-01-04 09:00:00+00:00,620.2380,6.2022,28.5291
2019-01-04 10:00:00+00:00,602.4569,5.8321,28.5762
2019-01-04 11:00:00+00:00,782.6605,6.7151,27.9035
2019-01-04 12:00:00+00:00,969.5314,7.3496,26.8921
2019-01-04 13:00:00+00:00,1239.1710,7.7319,26.0560
2019-01-04 14:00:00+00:00,909.1252,7.2575,25.1739
2019-01-04 15:00:00+00:00,734.3693,6.7824,24.2199
2019-01-04 16:00:00+00:00,652.5902,6.6064,23.5147
2019-01-04 17:00:00+00:00,745.5376,6.9447,22.8212
2019-01-04 18:00:00+00:00,622.9141,6.7083,22.1728
2019-01-04 19:00:00+00:00,487.4943,6.2352,21.6326
2019-01-04 20:00:00+00:00,630.6241,6.7152,21.1408
2019-01-04 21:00:00+00:00,528.9269,6.3287,20.5271
2019-01-04 22:00:00+00:00,240.7185,4.9858,20.0986
2019-01-04 23:00:00+00:00,115.0477,4.2321,20.3008
2019-01-05 00:00:00+00:00,38.2818,3.5790,20.2902
2019-01-05 01:00:00+00:00,-5.0903,2.8108,20.0943
2019-01-05 02:00:00+00:00,-5.2134,2.6407,20.5777
2019-01-05 03:00:00+00:00,-5.2782,2.5375,22.1188
2019-01-05 04:00:00+00:00,62.6944,3.6062,23.5553
2019-01-05 05:00:00+00:00,308.4958,4.9651,24.1759
2019-01-05 06:00:00+00:00,348.6637,5.1504,25.2668
2019-01-05 07:00:00+00:00,226.7546,4.4577,26.5734
2019-01-05 08:00:00+00:00,310.7281,4.7896,27.6027
2019-01-05 09:00:00+00:00,395.4123,5.2666,28.0640
2019-01-05 10:00:00+00:00,307.9897,4.8702,28.2118
2019-01-05 11:00:00+00:00,423.9480,5.6027,27.8286
2019-01-05 12:00:00+00:00,955.6573,7.1935,26.9311
2019-01-05 13:00:00+00:00,1104.9036,7.6192,25.8290
2019-01-05 14:00:00+00:00,1075.7996,7.5620,24.9089
2019-01-05 15:00:00+00:00,1457.3167,8.3066,23.9745
2019-01-05 16:00:00+00:00,1679.2081,8.8640,22.9656
2019-01-05 17:00:00+00:00,1311.0443,8.1451,22.0159
2019-01-05 18:00:00+00:00,807.8860,7.0593,21.1360
2019-01-05 19:00:00+00:00,939.2507,7.4154,20.6791
2019-01-05 20:00:00+00:00,821.8888,7.2461,20.3263
2019-01-05 21:00:00+00:00,976.7570,7.5525,20.0357
2019-01-05 22:00:00+00:00,656.9645,6.8099,20.0061
2019-01-05 23:00:00+00:00,539.4194,6.4657,20.0294
2019-01-06 00:00:00+00:00,275.1041,5.1737,19.8937
2019-01-06 01:00:00+00:00,364.4381,5.6699,19.8587
2019-01-06 02:00:00+00:00,266.6562,5.1748,20.1632
2019-01-06 03:00:00+00:00,151.0279,4.2298,21.3032
2019-01-06 04:00:00+00:00,297.0384,4.9313,22.6008
2019-01-06 05:00:00+00:00,475.5059,5.6518,23.7563
2019-01-06 06:00:00+00:00,241.9588,4.7264,25.0968
2019-01-06 07:00:00+00:00,147.4930,4.2663,26.6220
2019-01-06 08:00:00+00:00,186.0731,4.4701,27.3760
2019-01-06 09:00:00+00:00,133.4041,4.0674,27.9742
2019-01-06 10:00:00+00:00,173.0211,4.3170,28.0596
2019-01-06 11:00:00+00:00,233.1187,4.6857,27.7114
2019-01-06 12:00:00+00:00,424.9238,5.5831,26.8068
2019-01-06 13:00:00+00:00,866.3514,6.9244,25.7465
2019-01-06 14:00:00+00:00,1330.2706,8.1863,24.8168
2019-01-06 15:00:00+00:00,1318.6321,8.2229,23.9785
2019-01-06 16:00:00+00:00,1473.0302,8.4749,23.2480
2019-01-06 17:00:00+00:00,1509.7281,8.5582,22.4257
2019-01-06 18:00:00+00:00,1335.1596,8.4681,21.7946
2019-01-06 19:00:00+00:00,917.6016,7.4189,20.9765
2019-01-06 20:00:00+00:00,962.7928,7.5436,20.5111
2019-01-06 21:00:00+00:00,774.7051,6.9364,20.1535
2019-01-06 22:00:00+00:00,824.7917,7.1381,19.7006
2019-01-06 23:00:00+00:00,832.9434,7.2698,19.6348
2019-01-07 00:00:00+00:00,294.5823,5.3602,19.7707
2019-01-07 01:00:00+00:00,286.3384,5.3101,19.7104
2019-01-07 02:00:00+00:00,325.6308,5.2355,20.6699
2019-01-07 03:00:00+00:00,233.9311,4.5944,21.9362
2019-01-07 04:00:00+00:00,142.2314,3.9534,23.2025
2019-01-07 05:00:00+00:00,106.6328,3.7938,24.6360
2019-01-07 06:00:00+00:00,59.5899,3.8701,26.4115
2019-01-07 07:00:00+00:00,111.4100,3.9783,27.7997
2019-01-07 08:00:00+00:00,140.9746,4.2202,28.8250
2019-01-07 09:00:00+00:00,263.0032,4.6793,29.1869
2019-01-07 10:00:00+00:00,405.9796,5.3349,29.3558
2019-01-07 11:00:00+00:00,463.6655,5.6787,28.9751
2019-01-07 12:00:00+00:00,347.2837,5.3983,28.1876
2019-01-07 13:00:00+00:00,439.8613,5.7876,27.3039
2019-01-07 14:00:00+00:00,590.1028,6.3615,26.1376
2019-01-07 15:00:00+00:00,611.9208,6.5596,25.4036
2019-01-07 16:00:00+00:00,651.0529,6.8316,25.0117
2019-01-07 17:00:00+00:00,929.1390,7.5452,24.9966
2019-01-07 18:00:00+00:00,784.2214,7.0181,25.0603
2019-01-07 19:00:00+00:00,269.0070,5.0821,23.5518
2019-01-07 20:00:00+00:00,185.9656,4.5445,23.0048
2019-01-07 21:00:00+00:00,178.1501,4.5170,22.7265
2019-01-07 22:00:00+00:00,214.1547,4.9132,22.4951
2019-01-07 23:00:00+00:00,185.7892,4.7496,22.3633
2019-01-08 00:00:00+00:00,29.0902,3.5145,21.8104
2019-01-08 01:00:00+00:00,-5.2144,2.6213,22.1521
2019-01-08 02:00:00+00:00,-4.4835,1.6341,23.4674
2019-01-08 03:00:00+00:00,-4.5251,1.3873,25.3867
2019-01-08 04:00:00+00:00,-4.9418,2.3493,26.4994
2019-01-08 05:00:00+00:00,138.2833,4.1501,26.9542
2019-01-08 06:00:00+00:00,351.3085,5.0497,27.1764
2019-01-08 07:00:00+00:00,155.0177,4.4020,28.3096
2019-01-08 08:00:00+00:00,176.5572,4.3726,28.9926
2019-01-08 09:00:00+00:00,147.2993,4.1241,29.7383
2019-01-08 10:00:00+00:00,119.6849,3.9296,29.7820
2019-01-08 11:00:00+00:00,113.5198,3.9204,29.4111
2019-01-08 12:00:00+00:00,138.9230,4.1886,28.6632
2019-01-08 13:00:00+00:00,293.4160,5.1076,27.9878
2019-01-08 14:00:00+00:00,521.8392,6.1630,26.6271
2019-01-08 15:00:00+00:00,625.7835,6.5912,25.8991
2019-01-08 16:00:00+00:00,1003.2802,7.3996,25.0679
2019-01-08 17:00:00+00:00,1180.8506,7.9750,24.6894
2019-01-08 18:00:00+00:00,751.6451,7.0497,24.1827
2019-01-08 19:00:00+00:00,519.8409,6.0764,23.8944
2019-01-08 20:00:00+00:00,158.7022,4.4214,23.3188
2019-01-08 21:00:00+00:00,86.3911,3.9575,23.2685
2019-01-08 22:00:00+00:00,83.3900,3.8436,23.0450
2019-01-08 23:00:00+00:00,5.5716,3.0471,22.7783
2019-01-09 00:00:00+00:00,-4.7426,1.6668,22.4877
2019-01-09 01:00:00+00:00,-5.4146,2.5510,22.4126
2019-01-09 02:00:00+00:00,-5.6399,3.0021,23.0193
2019-01-09 03:00:00+00:00,-5.4140,2.5980,24.1973
2019-01-09 04:00:00+00:00,-5.4546,2.5762,26.1815
2019-01-09 05:00:00+00:00,38.7681,3.3865,27.4803
2019-01-09 06:00:00+00:00,53.3135,3.6822,28.4547
2019-01-09 07:00:00+00:00,112.5760,3.9706,29.4441
2019-01-09 08:00:00+00:00,128.4006,4.1222,30.3883
2019-01-09 09:00:00+00:00,269.8765,4.6325,30.3707
2019-01-09 10:00:00+00:00,202.2271,4.4789,30.6791
2019-01-09 11:00:00+00:00,219.1933,4.5195,30.1109
2019-01-09 12:00:00+00:00,182.8185,4.4735,29.2954
2019-01-09 13:00:00+00:00,492.3357,6.0685,28.3257
2019-01-09 14:00:00+00:00,829.2023,7.0258,27.2905
2019-01-09 15:00:00+00:00,1002.2847,7.4618,26.0205
2019-01-09 16:00:00+00:00,885.2731,7.2746,24.9998
2019-01-09 17:00:00+00:00,915.4009,7.2955,24.3935
2019-01-09 18:00:00+00:00,969.7508,7.3086,22.5047
2019-01-09 19:00:00+00:00,1644.6735,8.9366,22.3415
2019-01-09 20:00:00+00:00,1495.6555,8.4884,22.2386
2019-01-09 21:00:00+00:00,1333.9508,8.0297,22.5011
2019-01-09 22:00:00+00:00,1199.9057,7.6506,22.7677
2019-01-09 23:00:00+00:00,1065.8605,7.2715,23.0342
2019-01-10 00:00:00+00:00,931.8153,6.8924,23.3008
2019-01-10 01:00:00+00:00,797.7702,6.5133,23.5673
2019-01-10 02:00:00+00:00,663.7250,6.1342,23.8339
2019-01-10 03:00:00+00:00,529.6798,5.7552,24.1004
2019-01-10 04:00:00+00:00,395.6347,5.3761,24.3670
2019-01-10 05:00:00+00:00,493.5766,5.6819,25.2395
2019-01-10 06:00:00+00:00,406.9258,5.3505,26.8077
2019-01-10 07:00:00+00:00,294.0800,4.8586,27.9894
2019-01-10 08:00:00+00:00,175.3622,4.4457,28.9279
2019-01-10 09:00:00+00:00,209.3336,4.2906,29.4707
2019-01-10 10:00:00+00:00,190.4770,4.3634,29.8801
2019-01-10 11:00:00+00:00,252.5489,4.6793,29.3866
2019-01-10 12:00:00+00:00,488.3739,5.7259,28.1199
2019-01-10 13:00:00+00:00,833.6246,6.7745,26.9600
2019-01-10 14:00:00+00:00,1163.1047,7.7796,25.7122
2019-01-10 15:00:00+00:00,1497.3701,8.5102,24.5445
2019-01-10 16:00:00+00:00,1528.3332,8.5581,23.4565
2019-01-10 17:00:00+00:00,1434.5302,8.2970,22.6916
2019-01-10 18:00:00+00:00,1481.8035,8.3381,21.8896
2019-01-10 19:00:00+00:00,1305.3209,8.0818,21.4497
2019-01-10 20:00:00+00:00,1474.8296,8.4901,21.2772
2019-01-10 21:00:00+00:00,1054.0433,7.5978,21.0093
2019-01-10 22:00:00+00:00,517.1575,6.3206,20.7760
2019-01-10 23:00:00+00:00,176.3968,4.6110,20.5587
2019-01-11 00:00:00+00:00,273.2579,5.2304,20.1516
2019-01-11 01:00:00+00:00,526.7414,6.3431,20.4341
2019-01-11 02:00:00+00:00,66.9500,3.4894,21.2970
2019-01-11 03:00:00+00:00,108.1925,3.7895,22.7040
2019-01-11 04:00:00+00:00,203.7882,4.3925,23.8328
2019-01-11 05:00:00+00:00,128.0524,3.9997,25.5414
2019-01-11 06:00:00+00:00,45.7069,3.4819,27.3635
2019-01-11 07:00:00+00:00,9.1313,3.2053,28.8509
2019-01-11 08:00:00+00:00,-5.7460,2.7970,30.4757
2019-01-11 09:00:00+00:00,10.0992,3.0373,31.1121
2019-01-11 10:00:00+00:00,97.8335,3.7762,30.2873
2019-01-11 11:00:00+00:00,64.6830,3.6078,29.9433
2019-01-11 12:00:00+00:00,231.0959,4.7576,28.9527
2019-01-11 13:00:00+00:00,631.2905,6.4669,27.4381
2019-01-11 14:00:00+00:00,1011.2611,7.4841,26.3149
2019-01-11 15:00:00+00:00,1220.0270,7.8581,24.7902
2019-01-11 16:00:00+00:00,1235.4612,8.0521,23.5147
2019-01-11 17:00:00+00:00,1052.1051,7.7885,22.9105
2019-01-11 18:00:00+00:00,1550.5014,8.7388,22.6109
2019-01-11 19:00:00+00:00,1106.9741,7.7784,22.3307
2019-01-11 20:00:00+00:00,709.4993,6.6944,21.8936
2019-01-11 21:00:00+00:00,558.0397,6.3461,21.2838
2019-01-11 22:00:00+00:00,703.8597,6.9280,21.0387
2019-01-11 23:00:00+00:00,722.3971,7.1046,20.7516
2019-01-12 00:00:00+00:00,648.4959,6.6782,20.6004
2019-01-12 01:00:00+00:00,462.8367,6.2462,20.6903
2019-01-12 02:00:00+00:00,534.2171,6.2832,21.0271
2019-01-12 03:00:00+00:00,555.2977,6.0347,22.0106
2019-01-12 04:00:00+00:00,493.0774,5.7258,23.4096
2019-01-12 05:00:00+00:00,550.5064,5.9766,24.8399
2019-01-12 06:00:00+00:00,457.1404,5.5714,26.3647
2019-01-12 07:00:00+00:00,245.0172,4.6611,27.7248
2019-01-12 08:00:00+00:00,167.0100,4.1569,28.6923
2019-01-12 09:00:00+00:00,157.8171,4.0462,29.1507
2019-01-12 10:00:00+00:00,185.8700,4.3445,29.2963
2019-01-12 11:00:00+00:00,274.9131,4.7524,28.5943
2019-01-12 12:00:00+00:00,445.0769,5.7533,27.4101
2019-01-12 13:00:00+00:00,867.2058,7.0517,26.3837
2019-01-12 14:00:00+00:00,1032.3779,7.6675,25.3257
2019-01-12 15:00:00+00:00,1188.6882,7.8597,24.4586
2019-01-12 16:00:00+00:00,1404.2354,8.2808,23.7301
2019-01-12 17:00:00+00:00,1256.5566,8.1492,22.7048
2019-01-12 18:00:00+00:00,1332.3862,8.2207,21.9626
2019-01-12 19:00:00+00:00,1655.4073,8.9100,21.5580
2019-01-12 20:00:00+00:00,1688.9033,8.9446,21.4676
2019-01-12 21:00:00+00:00,789.9105,7.1245,21.2323
2019-01-12 22:00:00+00:00,349.2611,5.5885,20.9301
2019-01-12 23:00:00+00:00,180.7430,4.6451,20.6137
2019-01-13 00:00:00+00:00,323.6814,5.8546,20.8800
2019-01-13 01:00:00+00:00,307.5766,5.7056,21.5585
2019-01-13 02:00:00+00:00,291.4718,5.5565,22.2369
2019-01-13 03:00:00+00:00,275.3670,5.4075,22.9154
2019-01-13 04:00:00+00:00,259.2622,5.2585,23.5938
2019-01-13 05:00:00+00:00,243.1575,5.1094,24.2723
2019-01-13 06:00:00+00:00,227.0527,4.9604,24.9507
2019-01-13 07:00:00+00:00,210.9479,4.8114,25.6292
2019-01-13 08:00:00+00:00,194.8431,4.6623,26.3076
2019-01-13 09:00:00+00:00,178.7383,4.5133,26.9861
2019-01-13 10:00:00+00:00,162.6335,4.3643,27.6645
2019-01-13 11:00:00+00:00,146.5288,4.2152,28.3430
2019-01-13 12:00:00+00:00,393.8863,5.3627,27.8133
2019-01-13 13:00:00+00:00,636.8455,6.4739,26.5176
2019-01-13 14:00:00+00:00,709.3594,6.5819,25.7672
2019-01-13 15:00:00+00:00,870.0243,7.1779,24.4935
2019-01-13 16:00:00+00:00,971.1016,7.3325,23.3824
2019-01-13 17:00:00+00:00,1283.5139,8.0642,22.6928
2019-01-13 18:00:00+00:00,1405.1799,8.2504,22.1916
2019-01-13 19:00:00+00:00,1402.8991,8.5679,21.5072
2019-01-13 20:00:00+00:00,889.8208,7.3680,20.9965
2019-01-13 21:00:00+00:00,482.3911,6.3850,20.8992
2019-01-13 22:00:00+00:00,451.2477,6.1485,20.7286
2019-01-13 23:00:00+00:00,392.2477,5.8599,20.4605
2019-01-14 00:00:00+00:00,531.7852,6.4218,20.2948
2019-01-14 01:00:00+00:00,463.2764,6.2361,20.1052
2019-01-14 02:00:00+00:00,329.0482,5.6179,20.5675
2019-01-14 03:00:00+00:00,394.9023,5.5020,21.6945
2019-01-14 04:00:00+00:00,270.9304,4.9097,23.2612
2019-01-14 05:00:00+00:00,425.7483,5.5368,24.8133
2019-01-14 06:00:00+00:00,479.6018,5.8715,26.0063
2019-01-14 07:00:00+00:00,322.8236,5.0788,27.5619
2019-01-14 08:00:00+00:00,434.3760,5.4553,28.4742
2019-01-14 09:00:00+00:00,255.1245,4.7994,29.2428
2019-01-14 10:00:00+00:00,454.8067,5.5587,29.4331
2019-01-14 11:00:00+00:00,611.3365,6.2250,28.8499
2019-01-14 12:00:00+00:00,853.2558,7.2156,27.6914
2019-01-14 13:00:00+00:00,1034.6082,7.8069,26.5647
2019-01-14 14:00:00+00:00,1045.2149,7.8051,25.5439
2019-01-14 15:00:00+00:00,1151.3508,7.9901,24.8953
2019-01-14 16:00:00+00:00,999.9995,7.8200,24.3706
2019-01-14 17:00:00+00:00,727.9383,7.2528,23.7711
2019-01-14 18:00:00+00:00,463.8757,6.1610,22.7910
2019-01-14 19:00:00+00:00,283.4267,5.2346,22.5503
2019-01-14 20:00:00+00:00,347.1090,5.7723,22.5417
2019-01-14 21:00:00+00:00,255.5077,5.1813,22.3048
2019-01-14 22:00:00+00:00,182.0078,4.7271,21.8485
2019-01-14 23:00:00+00:00,73.6777,4.0108,21.3044
2019-01-15 00:00:00+00:00,-4.5241,3.0154,20.9973
2019-01-15 01:00:00+00:00,-4.4463,1.9092,20.9138
2019-01-15 02:00:00+00:00,-4.3918,1.7338,21.3846
2019-01-15 03:00:00+00:00,-5.1006,2.5433,22.1802
2019-01-15 04:00:00+00:00,-5.2671,2.6758,24.2826
2019-01-15 05:00:00+00:00,10.4225,3.0547,25.9288
2019-01-15 06:00:00+00:00,219.8869,4.5284,26.9905
2019-01-15 07:00:00+00:00,508.8535,5.7898,27.7943
2019-01-15 08:00:00+00:00,625.0761,6.1971,28.3487
2019-01-15 09:00:00+00:00,533.4355,6.0504,28.9553
2019-01-15 10:00:00+00:00,307.2000,4.9288,29.2368
2019-01-15 11:00:00+00:00,301.5503,4.9429,28.9430
2019-01-15 12:00:00+00:00,659.3970,6.4422,27.9713
2019-01-15 13:00:00+00:00,858.6217,7.2695,26.8473
2019-01-15 14:00:00+00:00,828.3452,7.1648,25.7941
2019-01-15 15:00:00+00:00,924.1000,7.6107,25.1341
2019-01-15 16:00:00+00:00,684.7385,6.9358,25.0017
2019-01-15 17:00:00+00:00,588.3191,6.5780,24.6362
2019-01-15 18:00:00+00:00,443.0601,6.0252,23.9835
2019-01-15 19:00:00+00:00,226.9439,5.0233,23.3858
2019-01-15 20:00:00+00:00,399.8276,5.8276,22.9550
2019-01-15 21:00:00+00:00,440.4425,6.1401,22.4238
2019-01-15 22:00:00+00:00,242.0606,5.0921,21.9259
2019-01-15 23:00:00+00:00,239.7004,5.0500,21.9823
2019-01-16 00:00:00+00:00,61.4826,3.6860,22.0424
2019-01-16 01:00:00+00:00,79.3749,3.8617,22.0511
2019-01-16 02:00:00+00:00,83.0207,3.6023,22.9207
2019-01-16 03:00:00+00:00,64.9994,3.2089,23.9736
2019-01-16 04:00:00+00:00,74.3449,3.1458,25.0266
2019-01-16 05:00:00+00:00,159.6725,4.1497,26.1785
2019-01-16 06:00:00+00:00,272.0196,4.7606,27.1076
2019-01-16 07:00:00+00:00,216.2593,4.6543,27.9590
2019-01-16 08:00:00+00:00,235.6176,4.7469,28.7660
2019-01-16 09:00:00+00:00,243.7402,4.7479,29.2303
2019-01-16 10:00:00+00:00,136.6496,4.0857,29.4396
2019-01-16 11:00:00+00:00,169.2274,4.2715,28.9087
2019-01-16 12:00:00+00:00,345.8408,5.3309,27.9249
2019-01-16 13:00:00+00:00,397.1108,6.0558,27.1017
2019-01-16 14:00:00+00:00,493.4498,6.2376,26.2529
2019-01-16 15:00:00+00:00,553.8214,6.5265,25.4701
2019-01-16 16:00:00+00:00,931.4006,7.5335,24.4726
2019-01-16 17:00:00+00:00,1221.3014,8.3522,24.0336
2019-01-16 18:00:00+00:00,938.8890,7.7727,23.9363
2019-01-16 19:00:00+00:00,444.6670,6.1132,23.6289
2019-01-16 20:00:00+00:00,90.8759,3.8281,23.1955
2019-01-16 21:00:00+00:00,65.3781,3.7370,23.1939
2019-01-16 22:00:00+00:00,43.9814,3.5447,22.8128
2019-01-16 23:00:00+00:00,208.1566,4.7772,22.1527
2019-01-17 00:00:00+00:00,356.8901,5.8861,21.3962
2019-01-17 01:00:00+00:00,303.2493,5.5367,21.0688
2019-01-17 02:00:00+00:00,157.4871,4.3916,21.7254
2019-01-17 03:00:00+00:00,63.9774,3.5797,23.0340
2019-01-17 04:00:00+00:00,146.9888,4.1041,24.5895
2019-01-17 05:00:00+00:00,226.7008,4.6192,25.9483
2019-01-17 06:00:00+00:00,152.0646,4.1085,27.5163
2019-01-17 07:00:00+00:00,195.7181,4.5389,28.6632
2019-01-17 08:00:00+00:00,137.0110,4.2198,29.3733
2019-01-17 09:00:00+00:00,153.9482,4.1530,29.8348
2019-01-17 10:00:00+00:00,168.6095,4.3509,29.9382
2019-01-17 11:00:00+00:00,152.3208,4.1921,29.7052
2019-01-17 12:00:00+00:00,96.1748,3.9148,28.9739
2019-01-17 13:00:00+00:00,322.2485,5.3592,27.8178
2019-01-17 14:00:00+00:00,548.9833,6.4412,26.7783
2019-01-17 15:00:00+00:00,617.5206,6.6005,25.9402
2019-01-17 16:00:00+00:00,1127.6440,8.0762,24.5524
2019-01-17 17:00:00+00:00,988.3719,7.7672,23.6326
2019-01-17 18:00:00+00:00,1599.8897,8.6094,23.0341
2019-01-17 19:00:00+00:00,1629.2191,8.8400,22.6756
2019-01-17 20:00:00+00:00,925.7172,7.0834,22.3238
2019-01-17 21:00:00+00:00,466.1374,6.1034,21.6566
2019-01-17 22:00:00+00:00,385.7969,5.7738,21.0774
2019-01-17 23:00:00+00:00,339.4521,5.7609,21.0326
2019-01-18 00:00:00+00:00,268.0308,5.2770,20.8542
2019-01-18 01:00:00+00:00,245.5352,5.1883,20.5336
2019-01-18 02:00:00+00:00,97.2104,3.9428,21.3597
2019-01-18 03:00:00+00:00,20.9860,3.3928,22.7107
2019-01-18 04:00:00+00:00,45.7147,3.4976,24.1907
2019-01-18 05:00:00+00:00,18.4786,3.4408,25.8688
2019-01-18 06:00:00+00:00,47.2835,3.7112,27.1164
2019-01-18 07:00:00+00:00,21.4420,3.3633,28.6015
2019-01-18 08:00:00+00:00,59.6419,3.6463,28.9776
2019-01-18 09:00:00+00:00,141.5705,4.1562,29.5675
2019-01-18 10:00:00+00:00,171.9032,4.3835,29.5195
2019-01-18 11:00:00+00:00,274.2230,4.9045,28.8537
2019-01-18 12:00:00+00:00,493.8572,5.9727,28.0344
2019-01-18 13:00:00+00:00,524.1568,6.0998,27.0857
2019-01-18 14:00:00+00:00,633.1922,6.5383,26.1265
2019-01-18 15:00:00+00:00,902.3405,7.3233,25.4514
2019-01-18 16:00:00+00:00,700.8052,6.6079,24.6038
2019-01-18 17:00:00+00:00,433.4297,5.9609,23.7370
2019-01-18 18:00:00+00:00,406.0723,5.8593,23.1726
2019-01-18 19:00:00+00:00,322.0699,5.5103,22.9541
2019-01-18 20:00:00+00:00,315.4215,5.4535,22.4936
2019-01-18 21:00:00+00:00,232.9664,4.9641,22.4269
2019-01-18 22:00:00+00:00,371.5942,5.8042,21.7037
2019-01-18 23:00:00+00:00,122.3895,4.1040,22.0208
2019-01-19 00:00:00+00:00,49.9648,3.6952,21.7864
2019-01-19 01:00:00+00:00,-5.2477,2.9731,21.2618
2019-01-19 02:00:00+00:00,-5.1634,3.0835,21.4268
2019-01-19 03:00:00+00:00,6.5654,3.1102,22.7581
2019-01-19 04:00:00+00:00,67.7243,3.6258,24.3399
2019-01-19 05:00:00+00:00,159.0457,4.2042,25.5508
2019-01-19 06:00:00+00:00,152.1476,4.1496,27.1982
2019-01-19 07:00:00+00:00,149.2860,4.1884,28.2843
2019-01-19 08:00:00+00:00,130.0268,4.0301,29.1745
2019-01-19 09:00:00+00:00,77.2559,3.6631,29.3252
2019-01-19 10:00:00+00:00,158.6600,4.0212,28.7356
2019-01-19 11:00:00+00:00,240.0642,4.3793,28.1461
2019-01-19 12:00:00+00:00,321.4683,4.7375,27.5566
2019-01-19 13:00:00+00:00,402.8725,5.0956,26.9670
2019-01-19 14:00:00+00:00,484.2766,5.4538,26.3775
2019-01-19 15:00:00+00:00,565.6808,5.8119,25.7879
2019-01-19 16:00:00+00:00,647.0849,6.1700,25.1984
2019-01-19 17:00:00+00:00,718.2189,6.6541,24.6751
2019-01-19 18:00:00+00:00,542.3328,6.3903,24.3062
2019-01-19 19:00:00+00:00,503.2763,6.1997,23.9891
2019-01-19 20:00:00+00:00,386.5583,5.8169,23.3904
2019-01-19 21:00:00+00:00,424.2495,5.9871,22.9125
2019-01-19 22:00:00+00:00,140.7759,4.1453,22.4436
2019-01-19 23:00:00+00:00,-5.3668,3.2553,21.7355
2019-01-20 00:00:00+00:00,-5.5640,3.0871,22.0637
2019-01-20 01:00:00+00:00,-4.7045,2.1174,22.2236
2019-01-20 02:00:00+00:00,-4.7898,2.4520,22.5700
2019-01-20 03:00:00+00:00,-5.5381,2.8325,23.6373
2019-01-20 04:00:00+00:00,16.8117,3.2250,25.3794
2019-01-20 05:00:00+00:00,191.8854,4.2464,25.9819
2019-01-20 06:00:00+00:00,266.1247,4.7863,26.7892
2019-01-20 07:00:00+00:00,49.0642,3.7172,28.4717
2019-01-20 08:00:00+00:00,109.3253,4.0058,29.3314
2019-01-20 09:00:00+00:00,207.5138,4.5406,29.9343
2019-01-20 10:00:00+00:00,176.2781,4.4223,29.8842
2019-01-20 11:00:00+00:00,213.5048,4.5791,29.6514
2019-01-20 12:00:00+00:00,638.8965,6.5093,28.5410
2019-01-20 13:00:00+00:00,1272.3330,8.0821,27.2611
2019-01-20 14:00:00+00:00,1509.9663,8.6230,26.0829
2019-01-20 15:00:00+00:00,1155.9974,7.8827,25.2157
2019-01-20 16:00:00+00:00,823.3595,7.2424,24.3883
2019-01-20 17:00:00+00:00,377.0872,5.7624,23.8020
2019-01-20 18:00:00+00:00,379.5912,5.7744,23.5947
2019-01-20 19:00:00+00:00,215.1407,4.9144,22.9350
2019-01-20 20:00:00+00:00,427.8445,5.9513,22.4533
2019-01-20 21:00:00+00:00,376.5606,5.8219,22.3900
2019-01-20 22:00:00+00:00,349.1423,5.7283,21.9416
2019-01-20 23:00:00+00:00,427.9470,5.9765,21.6454
2019-01-21 00:00:00+00:00,293.4257,5.3218,21.1628
2019-01-21 01:00:00+00:00,206.5042,4.6562,21.1478
2019-01-21 02:00:00+00:00,22.5785,2.7024,21.8956
2019-01-21 03:00:00+00:00,-4.4600,2.6755,23.2844
2019-01-21 04:00:00+00:00,-4.8664,3.2684,24.6379
2019-01-21 05:00:00+00:00,20.8630,3.2807,26.0528
2019-01-21 06:00:00+00:00,193.5504,4.3379,27.0989
2019-01-21 07:00:00+00:00,499.4077,5.5891,28.0343
2019-01-21 08:00:00+00:00,697.8012,6.4231,28.9321
2019-01-21 09:00:00+00:00,517.5938,5.9977,29.3318
2019-01-21 10:00:00+00:00,492.6983,5.7326,29.5976
2019-01-21 11:00:00+00:00,687.2271,6.5474,29.0811
2019-01-21 12:00:00+00:00,1025.1643,7.3281,27.9672
2019-01-21 13:00:00+00:00,1202.1347,8.0374,26.6908
2019-01-21 14:00:00+00:00,1277.3666,8.1035,25.4529
2019-01-21 15:00:00+00:00,1404.1182,8.3146,24.2772
2019-01-21 16:00:00+00:00,1691.7311,8.7837,23.1480
2019-01-21 17:00:00+00:00,1678.6496,8.9240,22.3524
2019-01-21 18:00:00+00:00,1338.4577,8.4802,21.5434
2019-01-21 19:00:00+00:00,922.3707,7.3755,20.9091
2019-01-21 20:00:00+00:00,484.3393,6.0988,20.2604
2019-01-21 21:00:00+00:00,411.9566,5.9204,19.8541
2019-01-21 22:00:00+00:00,642.4492,6.8214,19.4965
2019-01-21 23:00:00+00:00,284.8580,5.2834,19.4802
2019-01-22 00:00:00+00:00,164.7595,4.3545,19.4660
2019-01-22 01:00:00+00:00,240.4996,4.9651,19.2400
2019-01-22 02:00:00+00:00,161.6836,4.4076,19.8727
2019-01-22 03:00:00+00:00,177.4557,4.4484,21.0606
2019-01-22 04:00:00+00:00,79.0527,3.6850,22.9088
2019-01-22 05:00:00+00:00,-4.0659,2.4076,26.0460
2019-01-22 06:00:00+00:00,-5.4212,2.1518,28.7663
2019-01-22 07:00:00+00:00,-5.5299,2.2425,30.6440
2019-01-22 08:00:00+00:00,-5.2584,2.5621,31.1686
2019-01-22 09:00:00+00:00,30.4340,3.3185,30.9635
2019-01-22 10:00:00+00:00,38.6139,3.5715,30.7122
2019-01-22 11:00:00+00:00,166.0275,4.3071,30.0521
2019-01-22 12:00:00+00:00,58.4514,3.5044,29.2023
2019-01-22 13:00:00+00:00,93.3492,3.8095,28.0842
2019-01-22 14:00:00+00:00,376.5088,5.0271,27.3712
2019-01-22 15:00:00+00:00,1430.9990,8.3848,25.2162
2019-01-22 16:00:00+00:00,1450.0473,8.4602,23.7949
2019-01-22 17:00:00+00:00,1623.6621,8.7421,22.8891
2019-01-22 18:00:00+00:00,1519.3799,8.5305,22.2647
2019-01-22 19:00:00+00:00,1308.8169,8.3076,21.6786
2019-01-22 20:00:00+00:00,1093.7736,7.9038,21.2166
2019-01-22 21:00:00+00:00,875.6571,7.2223,21.2106
2019-01-22 22:00:00+00:00,722.3713,6.4829,21.5322
2019-01-22 23:00:00+00:00,569.0854,5.7435,21.8537
2019-01-23 00:00:00+00:00,415.7995,5.0041,22.1753
2019-01-23 01:00:00+00:00,262.5137,4.2647,22.4969
2019-01-23 02:00:00+00:00,109.2278,3.5253,22.8185
2019-01-23 03:00:00+00:00,-1.2835,2.7338,23.4942
2019-01-23 04:00:00+00:00,-5.2897,2.4770,25.1327
2019-01-23 05:00:00+00:00,-5.2453,2.1859,27.3034
2019-01-23 06:00:00+00:00,-5.3915,2.5984,28.5761
2019-01-23 07:00:00+00:00,-5.5422,2.3437,29.7972
2019-01-23 08:00:00+00:00,-6.3000,2.5802,30.9420
2019-01-23 09:00:00+00:00,-1.7540,2.6826,31.6077
2019-01-23 10:00:00+00:00,73.4259,3.6937,30.3381
2019-01-23 11:00:00+00:00,56.8375,3.6346,29.7050
2019-01-23 12:00:00+00:00,77.6242,3.6045,28.9100
2019-01-23 13:00:00+00:00,77.6338,3.8014,28.4435
2019-01-23 14:00:00+00:00,569.9514,6.0140,27.5068
2019-01-23 15:00:00+00:00,791.2438,6.9692,26.4409
2019-01-23 16:00:00+00:00,960.4791,7.2630,25.2253
2019-01-23 17:00:00+00:00,866.4577,7.1993,24.4293
2019-01-23 18:00:00+00:00,940.5747,7.3826,23.4522
2019-01-23 19:00:00+00:00,942.9533,7.3657,22.6770
2019-01-23 20:00:00+00:00,550.4943,6.2498,22.1257
2019-01-23 21:00:00+00:00,476.4328,6.0420,21.5898
2019-01-23 22:00:00+00:00,494.0600,6.2161,21.2289
2019-01-23 23:00:00+00:00,442.0972,5.8768,21.0659
2019-01-24 00:00:00+00:00,395.8568,5.5220,20.8562
2019-01-24 01:00:00+00:00,256.2531,5.0785,20.6192
2019-01-24 02:00:00+00:00,53.4393,3.5669,21.7748
2019-01-24 03:00:00+00:00,43.9063,3.4559,23.7565
2019-01-24 04:00:00+00:00,96.2832,3.7425,25.2790
2019-01-24 05:00:00+00:00,16.1606,3.2099,27.1622
2019-01-24 06:00:00+00:00,-5.9588,2.7298,29.0416
2019-01-24 07:00:00+00:00,41.3328,3.5139,30.2101
2019-01-24 08:00:00+00:00,16.0577,3.0305,31.2287
2019-01-24 09:00:00+00:00,30.8782,3.2650,31.4984
2019-01-24 10:00:00+00:00,30.5840,3.3118,31.0705
2019-01-24 11:00:00+00:00,135.6166,3.8901,30.9770
2019-01-24 12:00:00+00:00,337.5907,5.1974,29.9552
2019-01-24 13:00:00+00:00,874.2461,7.0387,28.9071
2019-01-24 14:00:00+00:00,1317.0090,8.2123,27.3194
2019-01-24 15:00:00+00:00,1401.3598,8.1489,25.8245
2019-01-24 16:00:00+00:00,1375.5170,8.1105,25.1015
2019-01-24 17:00:00+00:00,950.9481,7.1212,24.6734
2019-01-24 18:00:00+00:00,1167.6871,7.6389,23.9994
2019-01-24 19:00:00+00:00,546.4107,6.0796,23.6140
2019-01-24 20:00:00+00:00,154.0401,4.3611,23.1659
2019-01-24 21:00:00+00:00,231.9439,4.7492,22.3666
2019-01-24 22:00:00+00:00,224.2937,4.7837,22.0887
2019-01-24 23:00:00+00:00,163.0795,4.3289,21.8257
2019-01-25 00:00:00+00:00,74.8135,3.7625,22.4566
2019-01-25 01:00:00+00:00,103.8657,3.8542,21.7942
2019-01-25 02:00:00+00:00,278.9247,5.0347,22.1688
2019-01-25 03:00:00+00:00,140.0964,4.0503,24.0136
2019-01-25 04:00:00+00:00,29.7536,3.5934,26.1040
2019-01-25 05:00:00+00:00,121.2654,3.9391,27.7240
2019-01-25 06:00:00+00:00,27.2631,3.2006,29.6350
2019-01-25 07:00:00+00:00,1.5962,3.1641,31.0149
2019-01-25 08:00:00+00:00,-3.9814,2.8642,32.0047
2019-01-25 09:00:00+00:00,-5.2166,2.7327,32.9078
2019-01-25 10:00:00+00:00,21.5676,2.9821,32.1992
2019-01-25 11:00:00+00:00,90.7410,3.4962,32.0842
2019-01-25 12:00:00+00:00,422.9596,5.6224,30.6559
2019-01-25 13:00:00+00:00,967.6098,7.3350,28.9691
2019-01-25 14:00:00+00:00,1139.6560,7.9368,27.8648
2019-01-25 15:00:00+00:00,951.1143,7.3143,26.7991
2019-01-25 16:00:00+00:00,1305.9842,8.4363,25.8058
2019-01-25 17:00:00+00:00,1374.7385,9.4247,25.3968
2019-01-25 18:00:00+00:00,1360.4447,9.3674,25.3328
2019-01-25 19:00:00+00:00,1346.1509,9.3102,25.2687
2019-01-25 20:00:00+00:00,1331.8571,9.2529,25.2047
2019-01-25 21:00:00+00:00,1317.5633,9.1957,25.1407
2019-01-25 22:00:00+00:00,1303.2695,9.1384,25.0767
2019-01-25 23:00:00+00:00,1288.9757,9.0812,25.0126
2019-01-26 00:00:00+00:00,1274.6819,9.0239,24.9486
2019-01-26 01:00:00+00:00,1260.3881,8.9667,24.8846
2019-01-26 02:00:00+00:00,1246.0943,8.9094,24.8205
2019-01-26 03:00:00+00:00,1231.8005,8.8522,24.7565
2019-01-26 04:00:00+00:00,1217.5067,8.7949,24.6925
2019-01-26 05:00:00+00:00,1203.2130,8.7376,24.6285
2019-01-26 06:00:00+00:00,1188.9192,8.6804,24.5644
2019-01-26 07:00:00+00:00,1174.6254,8.6231,24.5004
2019-01-26 08:00:00+00:00,1160.3316,8.5659,24.4364
2019-01-26 09:00:00+00:00,1146.0378,8.5086,24.3723
2019-01-26 10:00:00+00:00,1131.7440,8.4514,24.3083
2019-01-26 11:00:00+00:00,1117.4502,8.3941,24.2443
2019-01-26 12:00:00+00:00,1103.1564,8.3369,24.1803
2019-01-26 13:00:00+00:00,1088.8626,8.2796,24.1162
2019-01-26 14:00:00+00:00,1074.5688,8.2224,24.0522
2019-01-26 15:00:00+00:00,1060.2750,8.1651,23.9882
2019-01-26 16:00:00+00:00,1045.9812,8.1078,23.9241
2019-01-26 17:00:00+00:00,1031.6875,8.0506,23.8601
2019-01-26 18:00:00+00:00,1017.3937,7.9933,23.7961
2019-01-26 19:00:00+00:00,1003.0999,7.9361,23.7320
2019-01-26 20:00:00+00:00,988.8061,7.8788,23.6680
2019-01-26 21:00:00+00:00,974.5123,7.8216,23.6040
2019-01-26 22:00:00+00:00,960.2185,7.7643,23.5400
2019-01-26 23:00:00+00:00,945.9247,7.7071,23.4759
2019-01-27 00:00:00+00:00,931.6309,7.6498,23.4119
2019-01-27 01:00:00+00:00,917.3371,7.5926,23.3479
2019-01-27 02:00:00+00:00,903.0433,7.5353,23.2838
2019-01-27 03:00:00+00:00,888.7495,7.4780,23.2198
2019-01-27 04:00:00+00:00,874.4557,7.4208,23.1558
2019-01-27 05:00:00+00:00,860.1619,7.3635,23.0918
2019-01-27 06:00:00+00:00,845.8682,7.3063,23.0277
2019-01-27 07:00:00+00:00,831.5744,7.2490,22.9637
2019-01-27 08:00:00+00:00,817.2806,7.1918,22.8997
2019-01-27 09:00:00+00:00,802.9868,7.1345,22.8356
2019-01-27 10:00:00+00:00,788.6930,7.0773,22.7716
2019-01-27 11:00:00+00:00,774.3992,7.0200,22.7076
2019-01-27 12:00:00+00:00,760.1054,6.9627,22.6436
2019-01-27 13:00:00+00:00,745.8116,6.9055,22.5795
2019-01-27 14:00:00+00:00,731.5178,6.8482,22.5155
2019-01-27 15:00:00+00:00,717.2240,6.7910,22.4515
2019-01-27 16:00:00+00:00,702.9302,6.7337,22.3874
2019-01-27 17:00:00+00:00,688.6364,6.6765,22.3234
2019-01-27 18:00:00+00:00,674.3427,6.6192,22.2594
2019-01-27 19:00:00+00:00,660.0489,6.5620,22.1953
2019-01-27 20:00:00+00:00,645.7551,6.5047,22.1313
2019-01-27 21:00:00+00:00,631.4613,6.4475,22.0673
2019-01-27 22:00:00+00:00,617.1675,6.3902,22.0033
2019-01-27 23:00:00+00:00,602.8737,6.3329,21.9392
2019-01-28 00:00:00+00:00,588.5799,6.2757,21.8752
2019-01-28 01:00:00+00:00,574.2861,6.2184,21.8112
2019-01-28 02:00:00+00:00,559.9923,6.1612,21.7471
2019-01-28 03:00:00+00:00,545.6985,6.1039,21.6831
2019-01-28 04:00:00+00:00,531.4047,6.0467,21.6191
2019-01-28 05:00:00+00:00,517.1109,5.9894,21.5551
2019-01-28 06:00:00+00:00,497.3768,5.8790,21.5110
2019-01-28 07:00:00+00:00,473.7567,5.7307,21.4811
2019-01-28 08:00:00+00:00,450.1367,5.5823,21.4512
2019-01-28 09:00:00+00:00,426.5166,5.4340,21.4213
2019-01-28 10:00:00+00:00,402.8965,5.2856,21.3914
2019-01-28 11:00:00+00:00,379.2765,5.1373,21.3616
2019-01-28 12:00:00+00:00,355.6564,4.9889,21.3317
2019-01-28 13:00:00+00:00,332.0363,4.8406,21.3018
2019-01-28 14:00:00+00:00,308.4162,4.6922,21.2719
2019-01-28 15:00:00+00:00,284.7962,4.5439,21.2421
2019-01-28 16:00:00+00:00,261.1761,4.3955,21.2122
2019-01-28 17:00:00+00:00,237.5560,4.2472,21.1823
2019-01-28 18:00:00+00:00,213.9359,4.0988,21.1524
2019-01-28 19:00:00+00:00,190.3159,3.9505,21.1226
2019-01-28 20:00:00+00:00,166.6958,3.8021,21.0927
2019-01-28 21:00:00+00:00,143.0757,3.6538,21.0628
2019-01-28 22:00:00+00:00,119.4557,3.5054,21.0329
2019-01-28 23:00:00+00:00,95.8356,3.3571,21.0031
2019-01-29 00:00:00+00:00,72.2155,3.2087,20.9732
2019-01-29 01:00:00+00:00,48.5954,3.0604,20.9433
2019-01-29 02:00:00+00:00,24.9754,2.9120,20.9134
2019-01-29 03:00:00+00:00,1.9774,2.4906,20.8281
2019-01-29 04:00:00+00:00,-4.9096,2.0357,21.4801
2019-01-29 05:00:00+00:00,-5.3465,2.4469,22.4085
2019-01-29 06:00:00+00:00,-3.5575,2.9787,23.5614
2019-01-29 07:00:00+00:00,10.6209,3.0692,24.2938
2019-01-29 08:00:00+00:00,84.8372,3.5303,24.8413
2019-01-29 09:00:00+00:00,154.4070,3.9588,24.9229
2019-01-29 10:00:00+00:00,195.9607,4.3968,25.7770
2019-01-29 11:00:00+00:00,31.7911,3.3122,25.7801
2019-01-29 12:00:00+00:00,-8.0599,2.7924,25.2619
2019-01-29 13:00:00+00:00,-6.0079,2.8896,24.9432
2019-01-29 14:00:00+00:00,84.3198,3.8539,24.7863
2019-01-29 15:00:00+00:00,447.0144,5.5004,24.3944
2019-01-29 16:00:00+00:00,1130.5944,7.6701,23.6765
2019-01-29 17:00:00+00:00,926.9781,7.1941,23.1053
2019-01-29 18:00:00+00:00,1310.8786,7.8428,22.6536
2019-01-29 19:00:00+00:00,728.3049,6.6746,21.9961
2019-01-29 20:00:00+00:00,619.5664,6.3947,21.6823
2019-01-29 21:00:00+00:00,522.4307,6.2406,21.5120
2019-01-29 22:00:00+00:00,646.2853,6.5409,21.4348
2019-01-29 23:00:00+00:00,467.2862,5.8942,21.1478
2019-01-30 00:00:00+00:00,516.9621,6.1179,21.1074
2019-01-30 01:00:00+00:00,564.5308,6.3275,20.7160
2019-01-30 02:00:00+00:00,351.0565,5.3318,20.6977
2019-01-30 03:00:00+00:00,274.6897,4.7482,21.3799
2019-01-30 04:00:00+00:00,227.6460,4.5354,22.2696
2019-01-30 05:00:00+00:00,148.6043,4.2349,23.9013
2019-01-30 06:00:00+00:00,208.9936,4.4243,24.9199
2019-01-30 07:00:00+00:00,18.3986,3.4465,26.5817
2019-01-30 08:00:00+00:00,-3.4437,2.6460,28.5648
2019-01-30 09:00:00+00:00,-1.1169,2.7236,29.6286
2019-01-30 10:00:00+00:00,50.0131,3.3942,29.1183
2019-01-30 11:00:00+00:00,57.6979,3.5113,28.8747
2019-01-30 12:00:00+00:00,54.9905,3.5348,28.1003
2019-01-30 13:00:00+00:00,135.8780,4.1909,27.5161
2019-01-30 14:00:00+00:00,643.4828,6.2432,26.4876
2019-01-30 15:00:00+00:00,717.5548,6.4946,25.2856
2019-01-30 16:00:00+00:00,752.9803,6.6942,23.9523
2019-01-30 17:00:00+00:00,1263.5103,7.7941,23.0450
2019-01-30 18:00:00+00:00,1417.9662,8.1065,22.3189
2019-01-30 19:00:00+00:00,508.7126,6.6593,22.1194
2019-01-30 20:00:00+00:00,-4.4858,6.0079,22.1578
2019-01-30 21:00:00+00:00,-4.3854,5.6906,21.5193
2019-01-30 22:00:00+00:00,15.1728,5.9313,20.8776
2019-01-30 23:00:00+00:00,1443.4037,8.4036,20.5924
2019-01-31 00:00:00+00:00,1211.7559,8.1214,20.4922
2019-01-31 01:00:00+00:00,689.2898,6.8979,20.6411
2019-01-31 02:00:00+00:00,734.9558,6.8629,20.9160
2019-01-31 03:00:00+00:00,614.1448,5.9643,21.9022
2019-01-31 04:00:00+00:00,552.0096,5.8616,23.3768
2019-01-31 05:00:00+00:00,664.6887,6.1359,25.0164
2019-01-31 06:00:00+00:00,635.0146,6.0462,26.3411
2019-01-31 07:00:00+00:00,576.9642,5.8456,27.5372
2019-01-31 08:00:00+00:00,388.4616,5.2024,28.3120
2019-01-31 09:00:00+00:00,303.9419,4.8319,28.5222
2019-01-31 10:00:00+00:00,384.6049,5.2237,28.5190
2019-01-31 11:00:00+00:00,367.3484,5.2651,28.1426
2019-01-31 12:00:00+00:00,815.9443,6.6475,27.2171
2019-01-31 13:00:00+00:00,1139.1458,7.3341,25.7268
2019-01-31 14:00:00+00:00,1442.1398,7.9915,24.6113
2019-01-31 15:00:00+00:00,1131.4967,7.6562,23.6402
2019-01-31 16:00:00+00:00,1450.8182,8.6578,22.9745
2019-01-31 17:00:00+00:00,1363.4821,7.9849,22.7420
2019-01-31 18:00:00+00:00,1132.8080,7.4517,22.4505
2019-01-31 19:00:00+00:00,960.5048,7.1249,22.1554
2019-01-31 20:00:00+00:00,788.2016,6.7980,21.8602
2019-01-31 21:00:00+00:00,623.4126,6.4695,21.5651
2019-01-31 22:00:00+00:00,646.4784,6.0990,21.2699
2019-01-31 23:00:00+00:00,304.7034,5.2272,21.5732
2019-02-01 00:00:00+00:00,275.3392,5.3275,22.3040
2019-02-01 01:00:00+00:00,292.0204,5.2677,23.0347
2019-02-01 02:00:00+00:00,308.7017,5.2080,23.7655
2019-02-01 03:00:00+00:00,325.3829,5.1482,24.4963
2019-02-01 04:00:00+00:00,342.0641,5.0885,25.2271
2019-02-01 05:00:00+00:00,358.7453,5.0287,25.9578
2019-02-01 06:00:00+00:00,375.4265,4.9689,26.6886
2019-02-01 07:00:00+00:00,198.6384,4.4303,27.6615
2019-02-01 08:00:00+00:00,27.7533,3.4749,28.7457
2019-02-01 09:00:00+00:00,75.4738,3.5892,29.1311
2019-02-01 10:00:00+00:00,61.5529,3.5675,29.1849
2019-02-01 11:00:00+00:00,48.1878,3.0632,29.0066
2019-02-01 12:00:00+00:00,129.2952,4.0101,27.9567
2019-02-01 13:00:00+00:00,67.0026,3.1358,27.2999
2019-02-01 14:00:00+00:00,364.2147,4.1213,26.1447
2019-02-01 15:00:00+00:00,706.4896,5.4664,24.8761
2019-02-01 16:00:00+00:00,1048.7645,6.8114,23.6076
2019-02-01 17:00:00+00:00,1369.5788,8.0354,22.5553
2019-02-01 18:00:00+00:00,1210.4707,7.8662,22.2265
2019-02-01 19:00:00+00:00,1203.6473,7.7398,22.0872
2019-02-01 20:00:00+00:00,1047.6041,7.6030,21.5397
2019-02-01 21:00:00+00:00,551.6239,6.3117,21.0589
2019-02-01 22:00:00+00:00,311.9888,5.1982,20.7931
2019-02-01 23:00:00+00:00,110.9074,4.1681,20.6667
2019-02-02 00:00:00+00:00,177.2995,4.7595,20.3775
2019-02-02 01:00:00+00:00,334.2025,5.4652,20.2053
2019-02-02 02:00:00+00:00,139.7483,4.0856,20.7477
2019-02-02 03:00:00+00:00,-2.3250,2.8787,23.1397
2019-02-02 04:00:00+00:00,66.6877,3.5479,24.3667
2019-02-02 05:00:00+00:00,152.2023,3.9660,25.4772
2019-02-02 06:00:00+00:00,22.5878,3.4684,27.2079
2019-02-02 07:00:00+00:00,4.1971,3.3614,28.8909
2019-02-02 08:00:00+00:00,111.5864,3.9939,29.4848
2019-02-02 09:00:00+00:00,70.2998,3.6673,29.8832
2019-02-02 10:00:00+00:00,97.0685,3.9243,29.9211
2019-02-02 11:00:00+00:00,10.3803,3.0270,29.9606
2019-02-02 12:00:00+00:00,-5.1307,2.7799,29.1787
2019-02-02 13:00:00+00:00,75.0043,3.6682,28.5318
2019-02-02 14:00:00+00:00,442.9656,5.5001,27.8271
2019-02-02 15:00:00+00:00,1476.9615,8.2881,25.2811
2019-02-02 16:00:00+00:00,968.8405,7.1100,24.2992
2019-02-02 17:00:00+00:00,905.7512,7.1224,23.4403
2019-02-02 18:00:00+00:00,922.0017,7.0748,22.7369
2019-02-02 19:00:00+00:00,602.3430,6.2703,22.0836
2019-02-02 20:00:00+00:00,330.1465,5.1892,21.5118
2019-02-02 21:00:00+00:00,486.4795,5.8744,21.2751
2019-02-02 22:00:00+00:00,404.7261,5.6861,21.0460
2019-02-02 23:00:00+00:00,279.2503,5.1211,20.7567
2019-02-03 00:00:00+00:00,250.1532,5.0192,20.4141
2019-02-03 01:00:00+00:00,264.2923,5.0163,20.3361
2019-02-03 02:00:00+00:00,280.4767,4.9714,20.8322
2019-02-03 03:00:00+00:00,304.6734,4.9264,21.9960
2019-02-03 04:00:00+00:00,289.4587,4.8300,23.7447
2019-02-03 05:00:00+00:00,346.2838,4.9117,25.4812
2019-02-03 06:00:00+00:00,263.0301,4.6362,26.9244
2019-02-03 07:00:00+00:00,132.2519,4.0816,28.5672
2019-02-03 08:00:00+00:00,47.3184,3.5552,29.5767
2019-02-03 09:00:00+00:00,-2.4922,2.8597,30.4844
2019-02-03 10:00:00+00:00,40.5882,3.4576,30.6437
2019-02-03 11:00:00+00:00,223.4634,4.5630,29.9078
2019-02-03 12:00:00+00:00,390.5281,5.3495,28.9394
2019-02-03 13:00:00+00:00,1234.0277,7.7298,27.6265
2019-02-03 14:00:00+00:00,1066.4682,7.4433,26.3063
2019-02-03 15:00:00+00:00,1201.3837,7.7389,25.3161
2019-02-03 16:00:00+00:00,1092.3735,7.3556,24.3043
2019-02-03 17:00:00+00:00,1225.9268,7.9465,23.5623
2019-02-03 18:00:00+00:00,988.0882,7.2606,22.9663
2019-02-03 19:00:00+00:00,1517.7604,8.3843,22.7654
2019-02-03 20:00:00+00:00,1565.8339,8.3193,22.6464
2019-02-03 21:00:00+00:00,1296.7937,7.8926,22.3587
2019-02-03 22:00:00+00:00,938.5457,7.3970,21.7361
2019-02-03 23:00:00+00:00,626.0552,6.4680,21.3533
2019-02-04 00:00:00+00:00,554.9985,6.1732,21.3250
2019-02-04 01:00:00+00:00,338.3251,5.4145,21.3018
2019-02-04 02:00:00+00:00,182.2988,4.4420,21.6467
2019-02-04 03:00:00+00:00,236.3558,4.6266,22.9346
2019-02-04 04:00:00+00:00,436.9696,5.5439,24.1285
2019-02-04 05:00:00+00:00,601.4292,5.9798,25.7085
2019-02-04 06:00:00+00:00,431.3266,5.5637,27.2367
2019-02-04 07:00:00+00:00,555.8325,5.5832,28.8141
2019-02-04 08:00:00+00:00,648.2742,6.0121,29.5416
2019-02-04 09:00:00+00:00,538.9408,5.9726,30.0664
2019-02-04 10:00:00+00:00,904.9739,6.8530,29.9184
2019-02-04 11:00:00+00:00,890.9852,6.8219,29.5428
2019-02-04 12:00:00+00:00,971.1433,7.1015,28.7906
2019-02-04 13:00:00+00:00,947.7352,7.1525,27.8072
2019-02-04 14:00:00+00:00,958.7632,7.2083,26.9408
2019-02-04 15:00:00+00:00,1055.8085,7.4334,26.1201
2019-02-04 16:00:00+00:00,1152.8538,7.6585,25.2994
2019-02-04 17:00:00+00:00,1249.8991,7.8836,24.4787
2019-02-04 18:00:00+00:00,1351.3820,8.1425,23.7082
2019-02-04 19:00:00+00:00,1077.3870,7.4788,23.1497
2019-02-04 20:00:00+00:00,864.8189,7.0157,22.7951
2019-02-04 21:00:00+00:00,1064.1076,7.6374,22.6190
2019-02-04 22:00:00+00:00,887.1855,7.2610,22.2553
2019-02-04 23:00:00+00:00,572.2402,6.3697,21.6449
2019-02-05 00:00:00+00:00,526.2100,6.1624,21.6314
2019-02-05 01:00:00+00:00,359.4492,5.5622,21.7476
2019-02-05 02:00:00+00:00,147.7488,4.1773,22.0987
2019-02-05 03:00:00+00:00,299.2081,4.9633,22.8413
2019-02-05 04:00:00+00:00,320.7480,4.8926,24.3715
2019-02-05 05:00:00+00:00,725.4069,6.2975,25.9463
2019-02-05 06:00:00+00:00,1023.8214,7.0856,27.6820
2019-02-05 07:00:00+00:00,898.7444,6.6167,28.9164
2019-02-05 08:00:00+00:00,602.2622,5.9929,29.7370
2019-02-05 09:00:00+00:00,504.9546,5.5923,30.1396
2019-02-05 10:00:00+00:00,746.3449,6.3852,30.3381
2019-02-05 11:00:00+00:00,956.9204,6.9929,29.8066
2019-02-05 12:00:00+00:00,600.1337,6.6828,28.9155
2019-02-05 13:00:00+00:00,1196.9355,7.6857,27.7348
2019-02-05 14:00:00+00:00,1171.4673,7.6291,26.9801
2019-02-05 15:00:00+00:00,1492.5459,8.2214,26.2596
2019-02-05 16:00:00+00:00,1191.7358,7.8904,24.8762
2019-02-05 17:00:00+00:00,1062.6560,7.5287,24.6766
2019-02-05 18:00:00+00:00,977.8814,7.3725,24.4226
2019-02-05 19:00:00+00:00,680.7843,6.7687,24.6840
2019-02-05 20:00:00+00:00,326.3210,5.4808,24.7771
2019-02-05 21:00:00+00:00,48.2293,3.6273,24.0775
2019-02-05 22:00:00+00:00,0.0823,3.1494,23.5790
2019-02-05 23:00:00+00:00,31.3849,3.4019,23.6799
2019-02-06 00:00:00+00:00,102.1284,4.2527,23.4876
2019-02-06 01:00:00+00:00,84.4699,4.0817,23.4788
2019-02-06 02:00:00+00:00,-0.0527,2.8776,24.2245
2019-02-06 03:00:00+00:00,31.5629,3.2632,25.8609
2019-02-06 04:00:00+00:00,142.7577,4.0488,26.8617
2019-02-06 05:00:00+00:00,486.3942,5.7083,27.8202
2019-02-06 06:00:00+00:00,292.1998,4.7516,29.4846
2019-02-06 07:00:00+00:00,359.2357,5.1027,30.5537
2019-02-06 08:00:00+00:00,270.7685,4.7403,31.5323
2019-02-06 09:00:00+00:00,241.1710,4.4480,32.0288
2019-02-06 10:00:00+00:00,265.2081,4.8122,32.2094
2019-02-06 11:00:00+00:00,369.5540,5.3595,31.7492
2019-02-06 12:00:00+00:00,870.2232,6.9568,30.3077
2019-02-06 13:00:00+00:00,1170.8075,7.4665,28.9728
2019-02-06 14:00:00+00:00,1647.7853,8.7186,27.8281
2019-02-06 15:00:00+00:00,1625.9580,8.8438,26.9010
2019-02-06 16:00:00+00:00,1443.0068,8.1994,26.0602
2019-02-06 17:00:00+00:00,1216.4378,7.9246,25.5705
2019-02-06 18:00:00+00:00,814.8769,7.0039,24.7894
2019-02-06 19:00:00+00:00,631.5441,6.3458,24.1049
2019-02-06 20:00:00+00:00,195.7314,4.7206,23.8641
2019-02-06 21:00:00+00:00,157.6345,4.3612,23.9610
2019-02-06 22:00:00+00:00,330.4308,5.3115,24.2146
2019-02-06 23:00:00+00:00,259.8843,5.2049,23.8649
2019-02-07 00:00:00+00:00,185.0315,4.6196,23.8180
2019-02-07 01:00:00+00:00,128.5187,4.1547,23.9534
2019-02-07 02:00:00+00:00,-5.6029,3.0109,24.7953
2019-02-07 03:00:00+00:00,85.9000,3.7293,25.7547
2019-02-07 04:00:00+00:00,225.5471,4.4828,27.0561
2019-02-07 05:00:00+00:00,85.9203,3.5898,28.6217
2019-02-07 06:00:00+00:00,26.3388,3.2337,30.3635
2019-02-07 07:00:00+00:00,4.1391,3.1180,32.0123
2019-02-07 08:00:00+00:00,26.8245,3.3922,32.8297
2019-02-07 09:00:00+00:00,51.3429,3.6790,33.0412
2019-02-07 10:00:00+00:00,147.3454,4.1076,33.0065
2019-02-07 11:00:00+00:00,332.4265,5.0983,32.6326
2019-02-07 12:00:00+00:00,885.2352,7.0230,31.8349
2019-02-07 13:00:00+00:00,987.6062,7.1454,30.4069
2019-02-07 14:00:00+00:00,1318.8090,7.9062,29.3826
2019-02-07 15:00:00+00:00,971.4966,7.3587,28.4373
2019-02-07 16:00:00+00:00,1173.7046,7.9245,27.2895
2019-02-07 17:00:00+00:00,738.0552,6.6032,26.2416
2019-02-07 18:00:00+00:00,768.3664,6.6784,25.3421
2019-02-07 19:00:00+00:00,578.9926,6.0837,24.5701
2019-02-07 20:00:00+00:00,374.3894,5.2915,24.0513
2019-02-07 21:00:00+00:00,66.5567,3.6091,23.7605
2019-02-07 22:00:00+00:00,96.5324,3.9238,23.4122
2019-02-07 23:00:00+00:00,320.9289,5.2695,23.1155
2019-02-08 00:00:00+00:00,252.8262,5.0055,23.0544
2019-02-08 01:00:00+00:00,177.0967,4.5119,23.1371
2019-02-08 02:00:00+00:00,81.2570,3.7447,23.9673
2019-02-08 03:00:00+00:00,73.4041,3.6162,25.7891
2019-02-08 04:00:00+00:00,8.1713,2.8376,28.3210
2019-02-08 05:00:00+00:00,63.1409,3.5616,30.2798
2019-02-08 06:00:00+00:00,139.1384,4.0074,31.3157
2019-02-08 07:00:00+00:00,78.5914,3.8661,32.2062
2019-02-08 08:00:00+00:00,53.9381,3.5997,33.4442
2019-02-08 09:00:00+00:00,55.1537,3.5014,34.0273
2019-02-08 10:00:00+00:00,164.1553,4.0678,34.0769
2019-02-08 11:00:00+00:00,258.0514,4.6793,33.4074
2019-02-08 12:00:00+00:00,367.1975,5.2517,32.6703
2019-02-08 13:00:00+00:00,328.6592,5.0414,32.1858
2019-02-08 14:00:00+00:00,72.9510,3.6154,32.1373
2019-02-08 15:00:00+00:00,173.0056,4.0912,31.9709
2019-02-08 16:00:00+00:00,1023.8190,7.2129,30.0003
2019-02-08 17:00:00+00:00,520.3317,6.0091,28.5037
2019-02-08 18:00:00+00:00,321.5310,5.2695,27.2207
2019-02-08 19:00:00+00:00,366.2483,5.1616,26.1789
2019-02-08 20:00:00+00:00,521.2751,5.8927,25.3791
2019-02-08 21:00:00+00:00,826.0205,6.8335,24.8963
2019-02-08 22:00:00+00:00,663.9727,6.4266,24.5834
2019-02-08 23:00:00+00:00,478.4675,5.8617,24.4692
2019-02-09 00:00:00+00:00,383.6365,5.5397,24.3784
2019-02-09 01:00:00+00:00,252.5288,4.7752,24.2109
2019-02-09 02:00:00+00:00,268.2566,4.8560,24.5208
2019-02-09 03:00:00+00:00,190.5341,4.5187,25.1447
2019-02-09 04:00:00+00:00,223.6634,4.5824,26.0671
2019-02-09 05:00:00+00:00,42.5859,3.4485,27.5307
2019-02-09 06:00:00+00:00,10.3357,3.1928,28.9335
2019-02-09 07:00:00+00:00,26.2571,3.2239,30.6268
2019-02-09 08:00:00+00:00,50.1929,3.4166,31.6764
2019-02-09 09:00:00+00:00,88.0141,3.6985,32.1593
2019-02-09 10:00:00+00:00,95.6583,3.7018,32.3196
2019-02-09 11:00:00+00:00,95.5158,3.8850,31.8900
2019-02-09 12:00:00+00:00,404.1449,5.3982,30.9888
2019-02-09 13:00:00+00:00,790.0849,6.5839,30.0225
2019-02-09 14:00:00+00:00,868.3847,6.7895,28.7714
2019-02-09 15:00:00+00:00,716.2950,6.7030,28.1722
2019-02-09 16:00:00+00:00,846.1882,6.9381,27.6917
2019-02-09 17:00:00+00:00,805.7358,6.8857,26.7820
2019-02-09 18:00:00+00:00,781.9143,6.7139,26.0011
2019-02-09 19:00:00+00:00,860.7595,7.0510,25.4042
2019-02-09 20:00:00+00:00,1040.5379,7.4217,25.0251
2019-02-09 21:00:00+00:00,753.1161,6.6357,24.5926
2019-02-09 22:00:00+00:00,709.4241,6.6010,24.2345
2019-02-09 23:00:00+00:00,596.1210,6.2455,23.8051
2019-02-10 00:00:00+00:00,508.5330,5.9236,23.6825
2019-02-10 01:00:00+00:00,683.4073,6.4849,23.7434
2019-02-10 02:00:00+00:00,376.5334,5.3942,24.2003
2019-02-10 03:00:00+00:00,258.4980,4.7816,25.0289
2019-02-10 04:00:00+00:00,335.1382,5.0410,26.2922
2019-02-10 05:00:00+00:00,298.5388,4.8132,27.9028
2019-02-10 06:00:00+00:00,197.7298,4.4149,29.2790
2019-02-10 07:00:00+00:00,205.5091,4.2989,30.4614
2019-02-10 08:00:00+00:00,124.0483,4.0799,31.5392
2019-02-10 09:00:00+00:00,253.6430,4.4640,31.7761
2019-02-10 10:00:00+00:00,624.7039,6.1953,31.5729
2019-02-10 11:00:00+00:00,868.3020,6.7652,31.3596
2019-02-10 12:00:00+00:00,1314.9714,7.9262,30.3503
2019-02-10 13:00:00+00:00,1568.4290,8.6904,29.4069
2019-02-10 14:00:00+00:00,1535.6570,8.3709,28.3289
2019-02-10 15:00:00+00:00,1671.5051,8.9658,27.1024
2019-02-10 16:00:00+00:00,1660.3579,8.8166,26.1529
2019-02-10 17:00:00+00:00,1549.0486,8.6958,25.5885
2019-02-10 18:00:00+00:00,1538.6382,8.5358,24.9384
2019-02-10 19:00:00+00:00,1638.2943,8.6061,24.3583
2019-02-10 20:00:00+00:00,1068.0721,7.3939,23.9991
2019-02-10 21:00:00+00:00,728.8037,6.6247,23.7963
2019-02-10 22:00:00+00:00,931.3086,7.0404,23.9123
2019-02-10 23:00:00+00:00,1043.7762,7.4592,23.8025
2019-02-11 00:00:00+00:00,529.4774,6.1240,23.7455
2019-02-11 01:00:00+00:00,307.1702,5.2047,23.8164
2019-02-11 02:00:00+00:00,504.8030,5.7519,24.0487
2019-02-11 03:00:00+00:00,1125.4080,7.5511,24.8552
2019-02-11 04:00:00+00:00,1344.9327,7.9161,25.6590
2019-02-11 05:00:00+00:00,1187.1839,7.5729,26.8885
2019-02-11 06:00:00+00:00,1187.0686,7.4924,27.9728
2019-02-11 07:00:00+00:00,1013.8206,7.3061,29.2068
2019-02-11 08:00:00+00:00,1556.3057,8.6546,30.0806
2019-02-11 09:00:00+00:00,1300.4317,7.7958,30.7135
2019-02-11 10:00:00+00:00,1204.6441,7.6614,30.4819
2019-02-11 11:00:00+00:00,1168.8639,7.5746,30.2119
2019-02-11 12:00:00+00:00,1273.3880,7.8461,29.4381
2019-02-11 13:00:00+00:00,1510.1958,8.3221,28.2702
2019-02-11 14:00:00+00:00,1608.9715,8.6041,26.5740
2019-02-11 15:00:00+00:00,1583.7963,8.5765,26.2992
2019-02-11 16:00:00+00:00,1706.3128,9.0575,26.0022
2019-02-11 17:00:00+00:00,1583.3214,8.7866,25.4229
2019-02-11 18:00:00+00:00,1051.8588,7.4612,24.1661
2019-02-11 19:00:00+00:00,1026.3241,7.4109,23.7678
2019-02-11 20:00:00+00:00,1178.0277,7.8524,23.2069
2019-02-11 21:00:00+00:00,1324.6600,8.1882,22.9372
2019-02-11 22:00:00+00:00,772.6205,6.8780,22.6765
2019-02-11 23:00:00+00:00,636.5237,6.6072,22.5388
2019-02-12 00:00:00+00:00,394.0956,5.7745,22.6525
2019-02-12 01:00:00+00:00,362.1384,5.6396,22.6965
2019-02-12 02:00:00+00:00,394.9117,5.5909,23.1359
2019-02-12 03:00:00+00:00,589.4505,5.9888,24.1072
2019-02-12 04:00:00+00:00,1027.5322,7.0626,25.4181
2019-02-12 05:00:00+00:00,1053.1907,7.2945,26.8055
2019-02-12 06:00:00+00:00,822.5656,6.5321,28.0381
2019-02-12 07:00:00+00:00,554.0295,5.8771,29.2609
2019-02-12 08:00:00+00:00,560.7093,5.7302,30.1621
2019-02-12 09:00:00+00:00,766.1058,6.4554,30.0930
2019-02-12 10:00:00+00:00,585.8142,5.9183,30.7976
2019-02-12 11:00:00+00:00,773.8937,6.4831,30.4362
2019-02-12 12:00:00+00:00,1100.4200,7.7165,29.4932
2019-02-12 13:00:00+00:00,1395.1389,8.1603,28.4497
2019-02-12 14:00:00+00:00,1664.4517,9.1357,27.2498
2019-02-12 15:00:00+00:00,1471.8155,8.5241,26.1402
2019-02-12 16:00:00+00:00,962.4959,7.6352,25.5193
2019-02-12 17:00:00+00:00,1058.8103,7.5093,25.1044
2019-02-12 18:00:00+00:00,1214.7738,7.7623,24.1766
2019-02-12 19:00:00+00:00,1117.0615,7.8886,23.2543
2019-02-12 20:00:00+00:00,820.0718,7.1175,22.5027
2019-02-12 21:00:00+00:00,613.0575,6.5065,21.7819
2019-02-12 22:00:00+00:00,426.7306,5.7176,21.6678
2019-02-12 23:00:00+00:00,165.0098,4.4880,21.2883
2019-02-13 00:00:00+00:00,124.6891,4.3363,21.0032
2019-02-13 01:00:00+00:00,137.8277,4.4243,20.9573
2019-02-13 02:00:00+00:00,12.8860,3.1549,21.9666
2019-02-13 03:00:00+00:00,6.7457,3.2440,23.6924
2019-02-13 04:00:00+00:00,300.7812,4.9075,24.6362
2019-02-13 05:00:00+00:00,323.1465,4.9211,25.8937
2019-02-13 06:00:00+00:00,260.1021,4.6292,27.2750
2019-02-13 07:00:00+00:00,263.0315,4.6054,28.5594
2019-02-13 08:00:00+00:00,193.2413,4.4283,29.6807
2019-02-13 09:00:00+00:00,262.7462,4.7387,30.5095
2019-02-13 10:00:00+00:00,292.5721,4.8221,30.9044
2019-02-13 11:00:00+00:00,342.4518,5.1266,30.7175
2019-02-13 12:00:00+00:00,602.2965,6.1422,29.9053
2019-02-13 13:00:00+00:00,966.7552,7.2006,29.0166
2019-02-13 14:00:00+00:00,979.4163,7.3090,28.1354
2019-02-13 15:00:00+00:00,1421.8617,8.1735,26.9741
2019-02-13 16:00:00+00:00,1386.3382,8.2325,26.0691
2019-02-13 17:00:00+00:00,1162.4197,7.7087,25.4764
2019-02-13 18:00:00+00:00,1264.3871,8.1077,24.6545
2019-02-13 19:00:00+00:00,768.5152,6.9717,23.7623
2019-02-13 20:00:00+00:00,780.3570,7.0425,23.4897
2019-02-13 21:00:00+00:00,633.2044,6.7510,23.2387
2019-02-13 22:00:00+00:00,532.8783,6.1958,22.8807
2019-02-13 23:00:00+00:00,434.0104,5.8300,22.2305
2019-02-14 00:00:00+00:00,291.6453,5.0003,22.0856
2019-02-14 01:00:00+00:00,322.7610,5.4710,21.7091
2019-02-14 02:00:00+00:00,301.7168,4.9043,22.0594
2019-02-14 03:00:00+00:00,560.8618,5.9583,23.4261
2019-02-14 04:00:00+00:00,348.3986,5.1037,25.4844
2019-02-14 05:00:00+00:00,156.2560,4.1082,27.8344
2019-02-14 06:00:00+00:00,137.3993,4.0513,29.7839
2019-02-14 07:00:00+00:00,384.9909,5.0730,31.3539
2019-02-14 08:00:00+00:00,605.3249,5.9381,32.0208
2019-02-14 09:00:00+00:00,248.3545,4.8575,32.9471
2019-02-14 10:00:00+00:00,664.7266,6.2167,33.0473
2019-02-14 11:00:00+00:00,965.2445,7.1164,32.4338
2019-02-14 12:00:00+00:00,1538.3000,8.4708,31.2568
2019-02-14 13:00:00+00:00,1541.6563,8.4816,30.0655
2019-02-14 14:00:00+00:00,1688.0482,9.4555,28.9821
2019-02-14 15:00:00+00:00,1613.4581,8.5603,27.9379
2019-02-14 16:00:00+00:00,1515.8226,8.4130,26.8777
2019-02-14 17:00:00+00:00,1407.6160,8.2621,25.7201
2019-02-14 18:00:00+00:00,1119.7728,7.4669,24.6303
2019-02-14 19:00:00+00:00,517.4783,6.0115,23.8183
2019-02-14 20:00:00+00:00,504.2555,5.9846,23.3988
2019-02-14 21:00:00+00:00,562.1846,6.2316,23.0569
2019-02-14 22:00:00+00:00,777.8186,7.1077,22.9620
2019-02-14 23:00:00+00:00,471.8602,6.1778,23.2523
2019-02-15 00:00:00+00:00,130.1151,4.1764,23.7302
2019-02-15 01:00:00+00:00,47.7776,3.6014,24.0700
2019-02-15 02:00:00+00:00,-4.9278,2.1733,25.2052
2019-02-15 03:00:00+00:00,-5.1362,2.4526,27.0457
2019-02-15 04:00:00+00:00,-5.6266,2.7384,28.7636
2019-02-15 05:00:00+00:00,96.7340,3.8824,30.0129
2019-02-15 06:00:00+00:00,93.5866,3.6740,31.2681
2019-02-15 07:00:00+00:00,-8.7478,2.5150,33.0877
2019-02-15 08:00:00+00:00,-6.3411,2.7399,33.9558
2019-02-15 09:00:00+00:00,-6.2469,2.4616,34.5101
2019-02-15 10:00:00+00:00,55.2847,3.1632,34.3677
2019-02-15 11:00:00+00:00,65.5772,3.4355,33.8101
2019-02-15 12:00:00+00:00,42.9934,3.3673,33.1747
2019-02-15 13:00:00+00:00,343.5010,4.9957,32.2511
2019-02-15 14:00:00+00:00,947.3949,6.9839,30.7042
2019-02-15 15:00:00+00:00,1383.2228,8.2342,29.6491
2019-02-15 16:00:00+00:00,1216.2979,7.7716,28.7626
2019-02-15 17:00:00+00:00,745.6661,6.7861,28.2268
2019-02-15 18:00:00+00:00,881.5236,6.9885,28.0101
2019-02-15 19:00:00+00:00,656.0286,6.4754,27.5758
2019-02-15 20:00:00+00:00,421.7927,5.6653,27.0940
2019-02-15 21:00:00+00:00,155.1565,4.3623,26.5888
2019-02-15 22:00:00+00:00,33.2949,3.1057,26.0534
2019-02-15 23:00:00+00:00,54.4181,3.5969,25.9891
2019-02-16 00:00:00+00:00,5.2897,3.1879,25.8844
2019-02-16 01:00:00+00:00,-5.4195,3.0928,26.3691
2019-02-16 02:00:00+00:00,4.0245,2.9786,27.0386
2019-02-16 03:00:00+00:00,-5.5608,2.4737,29.2611
2019-02-16 04:00:00+00:00,-5.5397,2.7739,30.6840
2019-02-16 05:00:00+00:00,16.5643,3.1614,31.2294
2019-02-16 06:00:00+00:00,11.8317,3.0473,32.4703
2019-02-16 07:00:00+00:00,56.5849,3.5144,33.4158
2019-02-16 08:00:00+00:00,39.1440,3.3432,34.5005
2019-02-16 09:00:00+00:00,54.7263,3.2610,35.4824
2019-02-16 10:00:00+00:00,21.0937,2.8061,35.8916
2019-02-16 11:00:00+00:00,66.2358,2.9291,35.3143
2019-02-16 12:00:00+00:00,200.8325,4.4781,34.4470
2019-02-16 13:00:00+00:00,93.2353,3.8740,33.8074
2019-02-16 14:00:00+00:00,81.7173,3.5283,33.2838
2019-02-16 15:00:00+00:00,-5.1510,2.3031,32.8489
2019-02-16 16:00:00+00:00,-5.3050,3.4679,31.9962
2019-02-16 17:00:00+00:00,575.6454,5.9008,27.8934
2019-02-16 18:00:00+00:00,954.9047,7.1044,26.4696
2019-02-16 19:00:00+00:00,763.7183,6.6082,25.4376
2019-02-16 20:00:00+00:00,788.8849,6.7653,24.8696
2019-02-16 21:00:00+00:00,717.6833,6.5139,24.6740
2019-02-16 22:00:00+00:00,336.5065,5.2278,24.4969
2019-02-16 23:00:00+00:00,3.5119,3.1243,24.4764
2019-02-17 00:00:00+00:00,-7.1076,2.8636,24.4202
2019-02-17 01:00:00+00:00,-5.6561,2.4564,24.5251
2019-02-17 02:00:00+00:00,-5.4534,2.3133,25.7756
2019-02-17 03:00:00+00:00,-5.5386,2.7171,27.7218
2019-02-17 04:00:00+00:00,-4.5967,3.3770,29.2489
2019-02-17 05:00:00+00:00,-8.8041,4.6028,30.2823
2019-02-17 06:00:00+00:00,274.3352,5.4868,32.0297
2019-02-17 07:00:00+00:00,205.2556,5.1959,33.6728
2019-02-17 08:00:00+00:00,332.0051,4.8739,34.3852
2019-02-17 09:00:00+00:00,471.4146,5.3829,34.6341
2019-02-17 10:00:00+00:00,422.1972,5.1944,34.5549
2019-02-17 11:00:00+00:00,566.4288,5.8699,34.3588
2019-02-17 12:00:00+00:00,190.5229,4.4746,34.1136
2019-02-17 13:00:00+00:00,179.6990,4.2798,33.3567
2019-02-17 14:00:00+00:00,24.8673,2.9482,33.3113
2019-02-17 15:00:00+00:00,85.2837,3.6719,33.1122
2019-02-17 16:00:00+00:00,27.9302,3.2370,32.8280
2019-02-17 17:00:00+00:00,-7.6659,2.2955,32.1144
2019-02-17 18:00:00+00:00,-5.2526,2.3512,31.6095
2019-02-17 19:00:00+00:00,-5.5012,2.3073,30.5698
2019-02-17 20:00:00+00:00,62.6564,3.6130,28.8646
2019-02-17 21:00:00+00:00,0.4722,2.5666,28.4853
2019-02-17 22:00:00+00:00,-6.1301,1.3411,27.2702
2019-02-17 23:00:00+00:00,-4.9060,1.9806,26.7616
2019-02-18 00:00:00+00:00,222.7765,4.8222,26.7819
2019-02-18 01:00:00+00:00,299.1174,5.1812,26.6118
2019-02-18 02:00:00+00:00,48.5010,3.4457,26.5768
2019-02-18 03:00:00+00:00,88.5378,3.6950,27.7870
2019-02-18 04:00:00+00:00,141.2869,3.9817,29.3325
2019-02-18 05:00:00+00:00,172.5336,4.0079,30.8796
2019-02-18 06:00:00+00:00,61.0640,3.4771,32.6552
2019-02-18 07:00:00+00:00,-5.3646,2.5656,34.7792
2019-02-18 08:00:00+00:00,-5.2942,2.5084,35.8646
2019-02-18 09:00:00+00:00,32.2820,3.1913,35.7780
2019-02-18 10:00:00+00:00,-6.8136,2.5240,36.0341
2019-02-18 11:00:00+00:00,-7.7085,2.3845,35.4415
2019-02-18 12:00:00+00:00,-5.6040,2.3132,34.9156
2019-02-18 13:00:00+00:00,30.0760,3.2163,33.6941
2019-02-18 14:00:00+00:00,35.0948,3.4644,32.9878
2019-02-18 15:00:00+00:00,-3.4139,2.7781,32.8772
2019-02-18 16:00:00+00:00,326.3623,4.5051,31.7718
2019-02-18 17:00:00+00:00,1363.9032,7.9659,27.9528
2019-02-18 18:00:00+00:00,755.4532,6.8164,27.0262
2019-02-18 19:00:00+00:00,531.5512,6.1099,26.4676
2019-02-18 20:00:00+00:00,432.0644,5.7984,25.5952
2019-02-18 21:00:00+00:00,428.8612,5.5819,25.0365
2019-02-18 22:00:00+00:00,374.1556,5.4420,24.8085
2019-02-18 23:00:00+00:00,532.8793,6.1151,24.7924
2019-02-19 00:00:00+00:00,570.4070,6.3829,24.6994
2019-02-19 01:00:00+00:00,361.1917,5.5808,24.9012
2019-02-19 02:00:00+00:00,208.8072,4.5317,25.7400
2019-02-19 03:00:00+00:00,64.6438,3.5917,27.3209
2019-02-19 04:00:00+00:00,22.4392,3.3436,29.1349
2019-02-19 05:00:00+00:00,39.9151,3.4567,30.7748
2019-02-19 06:00:00+00:00,70.4269,3.7178,32.2553
2019-02-19 07:00:00+00:00,43.5001,3.2954,33.5406
2019-02-19 08:00:00+00:00,-6.7716,2.8407,35.1659
2019-02-19 09:00:00+00:00,17.8435,3.3045,35.5961
2019-02-19 10:00:00+00:00,122.9624,3.7844,35.2998
2019-02-19 11:00:00+00:00,414.8402,5.2130,34.6387
2019-02-19 12:00:00+00:00,579.9976,5.9483,33.8479
2019-02-19 13:00:00+00:00,1434.0321,8.2969,32.4432
2019-02-19 14:00:00+00:00,1608.5321,8.9982,31.0048
2019-02-19 15:00:00+00:00,1721.7933,9.4007,29.4223
2019-02-19 16:00:00+00:00,1613.3538,8.8189,28.2079
2019-02-19 17:00:00+00:00,1311.6113,7.8962,27.3255
2019-02-19 18:00:00+00:00,1151.5701,7.6552,26.5920
2019-02-19 19:00:00+00:00,1117.8631,7.4658,25.8879
2019-02-19 20:00:00+00:00,1263.7112,7.9176,25.3841
2019-02-19 21:00:00+00:00,1222.0660,7.7489,24.9083
2019-02-19 22:00:00+00:00,1095.0281,7.5469,24.1446
2019-02-19 23:00:00+00:00,1127.8187,7.7393,23.7223
2019-02-20 00:00:00+00:00,852.2228,7.0738,23.4400
2019-02-20 01:00:00+00:00,835.8372,7.0637,23.4810
2019-02-20 02:00:00+00:00,543.8841,5.9461,24.2661
2019-02-20 03:00:00+00:00,368.1252,5.2012,25.7071
2019-02-20 04:00:00+00:00,316.4187,4.9489,27.2962
2019-02-20 05:00:00+00:00,489.5221,5.6919,29.0525
2019-02-20 06:00:00+00:00,393.8870,5.1531,30.6597
2019-02-20 07:00:00+00:00,556.9253,5.6545,32.0846
2019-02-20 08:00:00+00:00,660.9926,6.1069,33.2624
2019-02-20 09:00:00+00:00,1053.4597,7.1948,33.7394
2019-02-20 10:00:00+00:00,992.2697,7.0955,33.9178
2019-02-20 11:00:00+00:00,1328.3662,7.9337,33.4992
2019-02-20 12:00:00+00:00,1509.9658,8.4100,32.4943
2019-02-20 13:00:00+00:00,1625.0311,8.6510,31.3403
2019-02-20 14:00:00+00:00,1481.9486,8.5075,30.0564
2019-02-20 15:00:00+00:00,1254.3875,7.8119,28.5862
2019-02-20 16:00:00+00:00,1227.2428,7.8131,27.4742
2019-02-20 17:00:00+00:00,793.9544,6.8017,26.6090
2019-02-20 18:00:00+00:00,618.7748,6.4057,25.9254
2019-02-20 19:00:00+00:00,637.5517,6.4282,25.5530
2019-02-20 20:00:00+00:00,368.7435,5.6077,25.1009
2019-02-20 21:00:00+00:00,251.9584,4.9087,24.2145
2019-02-20 22:00:00+00:00,273.9574,5.1286,24.0555
2019-02-20 23:00:00+00:00,459.8771,5.9770,23.0762
2019-02-21 00:00:00+00:00,410.6901,5.7206,22.4987
2019-02-21 01:00:00+00:00,507.0594,6.1404,22.5380
2019-02-21 02:00:00+00:00,305.9690,5.0275,22.8392
2019-02-21 03:00:00+00:00,330.6541,5.0557,24.4984
2019-02-21 04:00:00+00:00,300.2888,4.9160,26.5138
2019-02-21 05:00:00+00:00,273.4775,4.8214,28.4038
2019-02-21 06:00:00+00:00,-0.7599,4.3477,30.8902
2019-02-21 07:00:00+00:00,280.7614,5.2312,32.1505
2019-02-21 08:00:00+00:00,1032.7991,7.1508,32.7561
2019-02-21 09:00:00+00:00,909.1842,7.1774,33.1190
2019-02-21 10:00:00+00:00,1040.8625,7.2346,33.0863
2019-02-21 11:00:00+00:00,957.3213,7.0035,32.8745
2019-02-21 12:00:00+00:00,1234.2795,7.7615,32.0003
2019-02-21 13:00:00+00:00,949.3011,7.1250,31.0308
2019-02-21 14:00:00+00:00,692.8525,6.6825,30.0339
2019-02-21 15:00:00+00:00,617.8177,6.1527,29.3414
2019-02-21 16:00:00+00:00,881.3412,7.1965,28.6077
2019-02-21 17:00:00+00:00,619.3666,6.4747,27.9025
2019-02-21 18:00:00+00:00,532.6942,6.3926,27.1624
2019-02-21 19:00:00+00:00,305.0297,5.4076,26.6099
2019-02-21 20:00:00+00:00,287.6234,5.2512,26.2688
2019-02-21 21:00:00+00:00,405.2465,5.8626,26.3924
2019-02-21 22:00:00+00:00,261.2497,5.0717,25.7797
2019-02-21 23:00:00+00:00,247.1568,5.0447,25.6842
2019-02-22 00:00:00+00:00,181.5945,4.6538,25.4085
2019-02-22 01:00:00+00:00,99.9362,4.0812,24.9902
2019-02-22 02:00:00+00:00,41.8177,3.3851,26.0354
2019-02-22 03:00:00+00:00,-4.9950,2.4593,27.9157
2019-02-22 04:00:00+00:00,2.6210,3.0101,30.1478
2019-02-22 05:00:00+00:00,169.2628,4.2133,31.1259
2019-02-22 06:00:00+00:00,727.2546,6.1491,32.1673
2019-02-22 07:00:00+00:00,723.6230,6.3013,33.2432
2019-02-22 08:00:00+00:00,1025.2989,7.1139,33.9768
2019-02-22 09:00:00+00:00,881.1812,6.7282,34.6794
2019-02-22 10:00:00+00:00,1148.1076,7.3933,34.9124
2019-02-22 11:00:00+00:00,1204.1134,7.7216,34.8463
2019-02-22 12:00:00+00:00,1203.2880,7.7045,34.0812
2019-02-22 13:00:00+00:00,1027.3796,7.3323,32.5339
2019-02-22 14:00:00+00:00,1139.0353,7.5974,31.3892
2019-02-22 15:00:00+00:00,1617.1616,8.9283,30.6563
2019-02-22 16:00:00+00:00,1703.6588,8.4980,29.5097
2019-02-22 17:00:00+00:00,1358.2817,8.2641,28.7955
2019-02-22 18:00:00+00:00,684.5377,6.7380,28.3425
2019-02-22 19:00:00+00:00,436.6727,5.9926,28.8224
2019-02-22 20:00:00+00:00,98.8663,3.8044,28.6809
2019-02-22 21:00:00+00:00,49.8618,3.6915,28.5270
2019-02-22 22:00:00+00:00,124.6522,4.0309,28.3229
2019-02-22 23:00:00+00:00,58.9282,3.5143,28.4223
2019-02-23 00:00:00+00:00,-0.3305,2.7084,27.8859
2019-02-23 01:00:00+00:00,-6.3896,2.2038,28.6803
2019-02-23 02:00:00+00:00,28.1887,3.1737,28.8989
2019-02-23 03:00:00+00:00,-3.7628,2.7999,30.0730
2019-02-23 04:00:00+00:00,-5.6647,2.7281,32.3454
2019-02-23 05:00:00+00:00,15.1240,3.5191,33.4181
2019-02-23 06:00:00+00:00,427.0696,5.2576,34.1014
2019-02-23 07:00:00+00:00,548.5683,5.4860,35.3826
2019-02-23 08:00:00+00:00,760.2895,6.4292,36.4568
2019-02-23 09:00:00+00:00,858.3887,6.4249,36.6668
2019-02-23 10:00:00+00:00,892.9183,6.8012,36.5982
2019-02-23 11:00:00+00:00,687.2083,6.4308,36.3826
2019-02-23 12:00:00+00:00,714.1561,6.4096,35.6903
2019-02-23 13:00:00+00:00,1366.7238,8.2695,34.4218
2019-02-23 14:00:00+00:00,1276.3389,8.1313,33.3218
2019-02-23 15:00:00+00:00,1165.3012,7.9723,32.4398
2019-02-23 16:00:00+00:00,1534.7316,8.7020,31.5300
2019-02-23 17:00:00+00:00,718.7758,6.7504,30.8798
2019-02-23 18:00:00+00:00,373.7741,5.6121,29.8862
2019-02-23 19:00:00+00:00,315.5282,5.2770,29.3824
2019-02-23 20:00:00+00:00,348.0066,5.4457,28.9967
2019-02-23 21:00:00+00:00,233.9218,4.8849,28.5950
2019-02-23 22:00:00+00:00,270.3257,5.0476,27.8423
2019-02-23 23:00:00+00:00,287.7597,5.0095,27.4559
2019-02-24 00:00:00+00:00,62.3993,3.4934,27.8869
2019-02-24 01:00:00+00:00,17.6562,3.0210,28.0626
2019-02-24 02:00:00+00:00,-5.5304,2.6797,28.8257
2019-02-24 03:00:00+00:00,1.6827,2.7910,30.2694
2019-02-24 04:00:00+00:00,184.7347,4.2283,30.9849
2019-02-24 05:00:00+00:00,89.7030,3.7696,32.6694
2019-02-24 06:00:00+00:00,17.5389,3.5599,34.6410
2019-02-24 07:00:00+00:00,356.7537,5.0982,35.5711
2019-02-24 08:00:00+00:00,365.1889,4.9488,36.4550
2019-02-24 09:00:00+00:00,451.2167,5.5108,36.8182
2019-02-24 10:00:00+00:00,352.1986,5.1071,36.9208
2019-02-24 11:00:00+00:00,387.7866,5.2398,36.6497
2019-02-24 12:00:00+00:00,442.1013,5.5466,35.8835
2019-02-24 13:00:00+00:00,1275.8275,7.9585,34.5231
2019-02-24 14:00:00+00:00,1432.8857,8.1437,32.8676
2019-02-24 15:00:00+00:00,1493.4391,8.3616,31.5484
2019-02-24 16:00:00+00:00,691.4613,6.6877,30.1432
2019-02-24 17:00:00+00:00,993.2338,7.1917,29.9867
2019-02-24 18:00:00+00:00,1004.1496,7.5631,29.6963
2019-02-24 19:00:00+00:00,883.8498,7.3163,29.1636
2019-02-24 20:00:00+00:00,981.3127,7.2808,28.4754
2019-02-24 21:00:00+00:00,965.5290,7.3900,28.1799
2019-02-24 22:00:00+00:00,966.1725,7.3801,27.8054
2019-02-24 23:00:00+00:00,594.1721,6.4303,27.3067
2019-02-25 00:00:00+00:00,1020.7337,7.6750,27.3408
2019-02-25 01:00:00+00:00,832.6408,6.1965,28.4204
2019-02-25 02:00:00+00:00,52.7241,3.5596,28.3536
2019-02-25 03:00:00+00:00,154.0423,4.0861,28.4653
2019-02-25 04:00:00+00:00,88.2948,3.6050,30.7862
2019-02-25 05:00:00+00:00,-5.6025,2.5051,33.9968
2019-02-25 06:00:00+00:00,-5.6405,2.5347,35.9794
2019-02-25 07:00:00+00:00,-6.0267,2.5170,37.0263
2019-02-25 08:00:00+00:00,-5.6364,2.7087,37.7488
2019-02-25 09:00:00+00:00,-7.8170,2.5905,37.9205
2019-02-25 10:00:00+00:00,-6.2303,2.5698,38.1519
2019-02-25 11:00:00+00:00,9.3326,3.0181,37.3665
2019-02-25 12:00:00+00:00,77.3776,3.6179,36.3842
2019-02-25 13:00:00+00:00,99.3522,3.8188,35.2569
2019-02-25 14:00:00+00:00,41.2120,3.2882,35.1217
2019-02-25 15:00:00+00:00,1209.0344,7.9024,32.7753
2019-02-25 16:00:00+00:00,1693.0871,8.9974,32.0874
2019-02-25 17:00:00+00:00,1546.6495,8.6046,31.3345
2019-02-25 18:00:00+00:00,634.5373,6.6006,30.4532
2019-02-25 19:00:00+00:00,337.5119,5.4561,29.8146
2019-02-25 20:00:00+00:00,307.4820,5.4048,29.1940
2019-02-25 21:00:00+00:00,190.2195,4.6231,28.4584
2019-02-25 22:00:00+00:00,3.9337,2.7764,28.4056
2019-02-25 23:00:00+00:00,70.9038,3.5490,28.2262
2019-02-26 00:00:00+00:00,-5.7582,2.9302,28.4891
2019-02-26 01:00:00+00:00,-5.6139,2.8222,28.7198
2019-02-26 02:00:00+00:00,-5.0439,2.3497,29.9150
2019-02-26 03:00:00+00:00,-5.1265,2.9120,31.1548
2019-02-26 04:00:00+00:00,94.9351,3.6986,31.4779
2019-02-26 05:00:00+00:00,249.5358,4.3461,31.4077
2019-02-26 06:00:00+00:00,150.4730,4.6661,32.8829
2019-02-26 07:00:00+00:00,11.2282,3.7334,35.3398
2019-02-26 08:00:00+00:00,201.6746,4.2815,36.4394
2019-02-26 09:00:00+00:00,220.9343,4.5383,36.8053
2019-02-26 10:00:00+00:00,291.4152,4.8007,36.5503
2019-02-26 11:00:00+00:00,189.6040,4.3318,36.2775
2019-02-26 12:00:00+00:00,35.6193,3.2458,35.8457
2019-02-26 13:00:00+00:00,92.8904,3.8009,35.4405
2019-02-26 14:00:00+00:00,443.7547,5.8046,34.6958
2019-02-26 15:00:00+00:00,403.1456,5.2223,33.6393
2019-02-26 16:00:00+00:00,318.8217,5.2670,31.0776
2019-02-26 17:00:00+00:00,583.7888,6.1582,28.7925
2019-02-26 18:00:00+00:00,500.4013,5.9504,27.5700
2019-02-26 19:00:00+00:00,449.5110,5.8321,26.9746
2019-02-26 20:00:00+00:00,269.4765,4.9726,26.5593
2019-02-26 21:00:00+00:00,169.4481,4.2627,26.9233
2019-02-26 22:00:00+00:00,-1.6647,2.8915,26.6386
2019-02-26 23:00:00+00:00,79.3948,3.7811,26.2514
2019-02-27 00:00:00+00:00,88.7944,3.8124,25.5728
2019-02-27 01:00:00+00:00,116.4644,3.9208,25.3825
2019-02-27 02:00:00+00:00,2.8517,2.7196,26.2384
2019-02-27 03:00:00+00:00,3.5508,2.8796,28.3331
2019-02-27 04:00:00+00:00,26.4580,3.6810,29.4545
2019-02-27 05:00:00+00:00,112.9749,3.9023,31.2580
2019-02-27 06:00:00+00:00,110.8407,3.9729,32.5222
2019-02-27 07:00:00+00:00,7.4662,3.3110,34.3599
2019-02-27 08:00:00+00:00,31.7958,3.4860,35.4315
2019-02-27 09:00:00+00:00,13.7482,2.8057,36.4891
2019-02-27 10:00:00+00:00,-3.5856,2.7815,36.8069
2019-02-27 11:00:00+00:00,75.8195,3.5101,36.1399
2019-02-27 12:00:00+00:00,25.5378,2.8534,35.6497
2019-02-27 13:00:00+00:00,-5.4558,2.5135,35.2247
2019-02-27 14:00:00+00:00,-5.3939,2.1763,34.9072
2019-02-27 15:00:00+00:00,420.8028,5.1106,32.8457
2019-02-27 16:00:00+00:00,154.5511,3.5722,30.5969
2019-02-27 17:00:00+00:00,42.7677,2.9214,30.1373
2019-02-27 18:00:00+00:00,286.5664,4.8635,27.7445
2019-02-27 19:00:00+00:00,243.9878,4.7563,26.6116
2019-02-27 20:00:00+00:00,203.6069,4.4660,26.1621
2019-02-27 21:00:00+00:00,3.2530,2.7166,26.0969
2019-02-27 22:00:00+00:00,18.2621,2.9132,26.2257
2019-02-27 23:00:00+00:00,412.3221,5.3291,26.5395
2019-02-28 00:00:00+00:00,1206.7513,7.9533,26.0147
2019-02-28 01:00:00+00:00,833.1035,6.8596,25.2455
2019-02-28 02:00:00+00:00,719.0882,6.6498,25.4245
2019-02-28 03:00:00+00:00,397.5303,5.2944,26.9045
2019-02-28 04:00:00+00:00,292.1050,4.6754,28.8405
2019-02-28 05:00:00+00:00,32.0222,3.3166,30.9126
2019-02-28 06:00:00+00:00,16.6546,3.3656,32.4430
2019-02-28 07:00:00+00:00,2.5635,2.8372,34.3045
2019-02-28 08:00:00+00:00,-5.6063,2.5561,36.1034
2019-02-28 09:00:00+00:00,10.4913,2.9474,36.4752
2019-02-28 10:00:00+00:00,55.1096,3.4787,36.1648
2019-02-28 11:00:00+00:00,23.4687,2.9588,35.8387
2019-02-28 12:00:00+00:00,50.2021,3.3758,34.8534
2019-02-28 13:00:00+00:00,144.2260,4.1019,34.2949
2019-02-28 14:00:00+00:00,274.2254,4.9468,34.0935
2019-02-28 15:00:00+00:00,564.6997,6.0640,34.1129
2019-02-28 16:00:00+00:00,743.8149,6.5818,33.4737
2019-02-28 17:00:00+00:00,464.0978,5.5794,30.7820
2019-02-28 18:00:00+00:00,841.9064,6.6832,27.9863
2019-02-28 19:00:00+00:00,338.1723,5.4125,27.2143
2019-02-28 20:00:00+00:00,382.3549,5.3916,26.6896
2019-02-28 21:00:00+00:00,498.9116,5.9979,26.1943
2019-02-28 22:00:00+00:00,444.4830,5.7519,25.7207
2019-02-28 23:00:00+00:00,160.2370,4.3768,25.4889
2019-03-01 00:00:00+00:00,150.5841,4.2890,25.3058
2019-03-01 01:00:00+00:00,4.9529,3.2158,25.4781
2019-03-01 02:00:00+00:00,-7.6536,2.6739,26.4483
2019-03-01 03:00:00+00:00,-5.2033,2.4263,28.0980
2019-03-01 04:00:00+00:00,-5.7967,2.5023,30.0190
2019-03-01 05:00:00+00:00,-6.2689,2.6915,32.1882
2019-03-01 06:00:00+00:00,-5.9678,2.7240,33.4959
2019-03-01 07:00:00+00:00,-6.3903,2.5719,34.5751
2019-03-01 08:00:00+00:00,-6.5028,2.5374,34.8470
2019-03-01 09:00:00+00:00,-6.5669,2.3880,36.0329
2019-03-01 10:00:00+00:00,-6.2097,2.7089,35.6996
2019-03-01 11:00:00+00:00,45.5041,3.4862,34.8454
2019-03-01 12:00:00+00:00,178.6125,4.2847,34.0742
2019-03-01 13:00:00+00:00,891.6415,6.8751,32.9891
2019-03-01 14:00:00+00:00,1695.4347,10.2682,30.1379
2019-03-01 15:00:00+00:00,1718.6566,10.4502,28.1015
2019-03-01 16:00:00+00:00,1706.1739,9.9188,27.1826
2019-03-01 17:00:00+00:00,1718.7762,10.0954,26.7068
2019-03-01 18:00:00+00:00,1712.6159,9.0994,26.3347
2019-03-01 19:00:00+00:00,1627.1421,8.7815,25.9528
2019-03-01 20:00:00+00:00,1216.5877,7.6957,25.6428
2019-03-01 21:00:00+00:00,1094.1009,7.6337,25.2547
2019-03-01 22:00:00+00:00,499.2226,6.0828,24.9325
2019-03-01 23:00:00+00:00,238.7399,4.8508,24.6340
2019-03-02 00:00:00+00:00,553.8873,6.1122,24.1060
2019-03-02 01:00:00+00:00,875.2765,7.0541,23.9553
2019-03-02 02:00:00+00:00,879.6110,6.9773,24.7362
2019-03-02 03:00:00+00:00,910.3304,6.9534,25.9696
2019-03-02 04:00:00+00:00,694.0599,6.2439,27.2721
2019-03-02 05:00:00+00:00,535.7767,5.6542,28.9354
2019-03-02 06:00:00+00:00,372.5310,5.2641,30.6938
2019-03-02 07:00:00+00:00,414.1950,5.2779,32.0250
2019-03-02 08:00:00+00:00,603.0563,6.0996,32.6927
2019-03-02 09:00:00+00:00,687.0033,6.2876,33.1121
2019-03-02 10:00:00+00:00,813.0124,6.6650,33.2140
2019-03-02 11:00:00+00:00,943.9456,6.9690,32.8787
2019-03-02 12:00:00+00:00,1215.9269,7.8313,32.0906
2019-03-02 13:00:00+00:00,1267.6901,7.8276,31.1695
2019-03-02 14:00:00+00:00,1635.5044,8.8593,29.8935
2019-03-02 15:00:00+00:00,1718.8565,9.8551,28.5946
2019-03-02 16:00:00+00:00,1624.4879,9.0070,27.5683
2019-03-02 17:00:00+00:00,1252.6243,7.8037,26.7863
2019-03-02 18:00:00+00:00,1231.7158,7.6242,25.9418
2019-03-02 19:00:00+00:00,812.7149,6.8682,25.3298
2019-03-02 20:00:00+00:00,714.0335,6.7055,24.8016
2019-03-02 21:00:00+00:00,633.4397,6.3827,24.2684
2019-03-02 22:00:00+00:00,421.3900,5.6321,23.9966
2019-03-02 23:00:00+00:00,88.4522,3.9517,24.3771
2019-03-03 00:00:00+00:00,113.6454,4.1333,24.6508
2019-03-03 01:00:00+00:00,133.2078,4.3460,23.6228
2019-03-03 02:00:00+00:00,46.3332,3.3966,24.7114
2019-03-03 03:00:00+00:00,-5.5300,2.3115,27.3774
2019-03-03 04:00:00+00:00,93.8320,3.6705,28.4908
2019-03-03 05:00:00+00:00,155.3995,4.0356,29.8597
2019-03-03 06:00:00+00:00,32.1671,3.3469,32.0384
2019-03-03 07:00:00+00:00,-5.9355,2.6563,34.2531
2019-03-03 08:00:00+00:00,-3.1618,2.7374,35.0422
2019-03-03 09:00:00+00:00,10.2045,3.0311,35.0156
2019-03-03 10:00:00+00:00,-3.6885,2.9276,35.0302
2019-03-03 11:00:00+00:00,10.7775,3.2518,34.8755
2019-03-03 12:00:00+00:00,191.2489,4.4167,33.8254
2019-03-03 13:00:00+00:00,168.9026,4.2140,33.1140
2019-03-03 14:00:00+00:00,178.1733,4.4674,32.6762
2019-03-03 15:00:00+00:00,917.5443,6.8974,30.8291
2019-03-03 16:00:00+00:00,1204.2676,7.8063,29.1550
2019-03-03 17:00:00+00:00,696.1523,6.6176,28.3565
2019-03-03 18:00:00+00:00,225.4248,4.8272,27.6302
2019-03-03 19:00:00+00:00,160.8897,4.2696,27.1554
2019-03-03 20:00:00+00:00,119.1630,3.9903,26.4578
2019-03-03 21:00:00+00:00,116.7210,4.0319,25.8916
2019-03-03 22:00:00+00:00,17.8381,3.0780,25.4163
2019-03-03 23:00:00+00:00,6.2103,2.9555,25.7634
2019-03-04 00:00:00+00:00,13.2157,3.4240,25.8400
2019-03-04 01:00:00+00:00,15.1573,3.1530,26.1965
2019-03-04 02:00:00+00:00,-0.6157,3.0894,27.2919
2019-03-04 03:00:00+00:00,-5.4674,2.4645,29.5470
2019-03-04 04:00:00+00:00,-5.3078,2.7337,31.4306
2019-03-04 05:00:00+00:00,-5.6474,2.8573,33.3098
2019-03-04 06:00:00+00:00,-4.5781,2.9019,34.6072
2019-03-04 07:00:00+00:00,-0.1536,2.8411,35.6380
2019-03-04 08:00:00+00:00,-5.0389,2.7573,36.8109
2019-03-04 09:00:00+00:00,-7.3346,2.4591,37.1731
2019-03-04 10:00:00+00:00,-5.8297,2.5566,37.8165
2019-03-04 11:00:00+00:00,14.9290,2.4511,37.2410
2019-03-04 12:00:00+00:00,-5.3086,2.0913,36.6890
2019-03-04 13:00:00+00:00,62.7772,3.3711,35.4156
2019-03-04 14:00:00+00:00,133.6325,4.1985,34.5131
2019-03-04 15:00:00+00:00,741.9532,6.6216,33.7768
2019-03-04 16:00:00+00:00,1336.8362,8.3035,32.5248
2019-03-04 17:00:00+00:00,817.3345,7.0177,32.4070
2019-03-04 18:00:00+00:00,1016.3100,7.6211,31.8252
2019-03-04 19:00:00+00:00,651.7268,6.3223,31.5107
2019-03-04 20:00:00+00:00,344.3463,5.0943,31.5635
2019-03-04 21:00:00+00:00,449.2761,5.4873,30.8165
2019-03-04 22:00:00+00:00,496.1608,5.9047,29.9219
2019-03-04 23:00:00+00:00,452.4559,6.1244,28.8472
2019-03-05 00:00:00+00:00,628.3805,6.4891,28.1110
2019-03-05 01:00:00+00:00,607.9149,6.0116,22.7167
2019-03-05 02:00:00+00:00,441.1484,4.7190,13.9231
2019-03-05 03:00:00+00:00,274.3818,3.4265,5.1296
2019-03-05 04:00:00+00:00,540.9368,5.5874,25.8176
2019-03-05 05:00:00+00:00,625.8020,6.0108,31.0440
2019-03-05 06:00:00+00:00,471.0933,5.2999,32.8753
2019-03-05 07:00:00+00:00,302.2886,4.8834,34.9284
2019-03-05 08:00:00+00:00,441.7129,5.3630,36.3395
2019-03-05 09:00:00+00:00,396.0168,5.1868,36.6976
2019-03-05 10:00:00+00:00,196.7757,4.3183,37.0154
2019-03-05 11:00:00+00:00,136.0057,4.0301,36.9176
2019-03-05 12:00:00+00:00,7.1560,2.9740,36.4859
2019-03-05 13:00:00+00:00,-5.6209,2.5792,36.0780
2019-03-05 14:00:00+00:00,-5.4855,2.6003,35.9623
2019-03-05 15:00:00+00:00,-5.1763,2.2592,35.9167
2019-03-05 16:00:00+00:00,84.1729,3.5670,35.5477
2019-03-05 17:00:00+00:00,56.3990,3.4149,35.2270
2019-03-05 18:00:00+00:00,-5.5327,1.8875,34.7381
2019-03-05 19:00:00+00:00,242.7883,3.8741,33.6818
2019-03-05 20:00:00+00:00,644.6231,6.4660,31.2540
2019-03-05 21:00:00+00:00,72.1474,3.5784,30.0081
2019-03-05 22:00:00+00:00,149.1672,4.0287,29.5161
2019-03-05 23:00:00+00:00,435.1854,5.8807,28.6356
2019-03-06 00:00:00+00:00,1024.1378,7.6858,28.0184
2019-03-06 01:00:00+00:00,887.2786,7.3906,27.3397
2019-03-06 02:00:00+00:00,517.8888,6.0293,27.4072
2019-03-06 03:00:00+00:00,719.4010,6.4553,28.6885
2019-03-06 04:00:00+00:00,671.6940,6.2095,29.9027
2019-03-06 05:00:00+00:00,526.4679,5.7594,31.3542
2019-03-06 06:00:00+00:00,436.7537,5.3986,32.8665
2019-03-06 07:00:00+00:00,385.5596,5.3940,34.4946
2019-03-06 08:00:00+00:00,559.7843,5.7354,35.5391
2019-03-06 09:00:00+00:00,470.4697,5.4637,36.2274
2019-03-06 10:00:00+00:00,437.3169,5.5099,36.7159
2019-03-06 11:00:00+00:00,364.8277,5.1639,36.5472
2019-03-06 12:00:00+00:00,386.1648,5.5924,36.1904
2019-03-06 13:00:00+00:00,237.4894,4.8299,35.9225
2019-03-06 14:00:00+00:00,179.3318,4.4390,35.6604
2019-03-06 15:00:00+00:00,469.2514,5.7777,35.3326
2019-03-06 16:00:00+00:00,378.6972,5.6140,34.5946
2019-03-06 17:00:00+00:00,325.0675,5.0082,33.9158
2019-03-06 18:00:00+00:00,231.4069,4.1252,32.6663
2019-03-06 19:00:00+00:00,-5.0958,1.5866,32.1815
2019-03-06 20:00:00+00:00,-5.4835,2.2917,31.8817
2019-03-06 21:00:00+00:00,52.2901,3.5691,31.2124
2019-03-06 22:00:00+00:00,284.0823,5.1660,30.7341
2019-03-06 23:00:00+00:00,219.0631,5.0470,29.6261
2019-03-07 00:00:00+00:00,599.0158,6.4400,28.9845
2019-03-07 01:00:00+00:00,603.4487,6.5723,27.7533
2019-03-07 02:00:00+00:00,655.7802,6.5186,27.8674
2019-03-07 03:00:00+00:00,374.9057,5.3750,29.2217
2019-03-07 04:00:00+00:00,303.9181,4.9298,31.1996
2019-03-07 05:00:00+00:00,206.6573,4.3657,33.1243
2019-03-07 06:00:00+00:00,168.7065,4.1108,34.8875
2019-03-07 07:00:00+00:00,94.7415,3.8971,36.3792
2019-03-07 08:00:00+00:00,282.0468,4.7022,37.0500
2019-03-07 09:00:00+00:00,506.5444,5.5410,37.1425
2019-03-07 10:00:00+00:00,290.7937,4.9447,37.3834
2019-03-07 11:00:00+00:00,562.1891,5.8331,37.3219
2019-03-07 12:00:00+00:00,291.0362,5.0723,36.8807
2019-03-07 13:00:00+00:00,244.7932,4.5843,36.1996
2019-03-07 14:00:00+00:00,451.4493,5.5784,35.8815
2019-03-07 15:00:00+00:00,194.1880,4.1447,34.8630
2019-03-07 16:00:00+00:00,109.4820,3.6588,34.1958
2019-03-07 17:00:00+00:00,51.0922,3.2589,33.5026
2019-03-07 18:00:00+00:00,623.4070,5.9292,31.6907
2019-03-07 19:00:00+00:00,487.2488,5.9084,29.4259
2019-03-07 20:00:00+00:00,124.7383,4.0256,28.2466
2019-03-07 21:00:00+00:00,160.3116,4.2508,27.5536
2019-03-07 22:00:00+00:00,114.5327,3.9995,26.8001
2019-03-07 23:00:00+00:00,409.5637,5.6554,26.2740
2019-03-08 00:00:00+00:00,486.8960,6.0500,25.9275
2019-03-08 01:00:00+00:00,327.7802,5.1582,25.8128
2019-03-08 02:00:00+00:00,148.9559,4.1967,26.6242
2019-03-08 03:00:00+00:00,85.6905,3.7828,28.3537
2019-03-08 04:00:00+00:00,0.7992,2.8975,30.6863
2019-03-08 05:00:00+00:00,-5.2161,2.2177,33.5411
2019-03-08 06:00:00+00:00,-5.4950,2.5174,35.7579
2019-03-08 07:00:00+00:00,5.1465,3.0039,36.3676
2019-03-08 08:00:00+00:00,3.7568,2.6354,37.8220
2019-03-08 09:00:00+00:00,-5.6742,2.3142,39.2865
2019-03-08 10:00:00+00:00,18.8821,2.8090,38.6670
2019-03-08 11:00:00+00:00,-8.3135,2.7947,38.1628
2019-03-08 12:00:00+00:00,102.9298,3.7666,37.0379
2019-03-08 13:00:00+00:00,247.2087,4.7347,36.0038
2019-03-08 14:00:00+00:00,439.0026,5.5098,35.0914
2019-03-08 15:00:00+00:00,1500.3863,8.3864,30.6750
2019-03-08 16:00:00+00:00,1685.4519,8.9693,29.0464
2019-03-08 17:00:00+00:00,1502.5619,8.4579,28.0963
2019-03-08 18:00:00+00:00,1147.2155,7.5103,27.8613
2019-03-08 19:00:00+00:00,1268.0224,7.9290,27.5769
2019-03-08 20:00:00+00:00,854.3074,6.9165,27.0889
2019-03-08 21:00:00+00:00,525.5504,5.9089,26.7316
2019-03-08 22:00:00+00:00,358.3872,5.3521,26.3302
2019-03-08 23:00:00+00:00,322.9817,5.2174,25.9597
2019-03-09 00:00:00+00:00,251.3806,4.7930,25.8838
2019-03-09 01:00:00+00:00,187.1686,4.5746,26.0012
2019-03-09 02:00:00+00:00,127.0037,3.7443,27.3755
2019-03-09 03:00:00+00:00,251.3143,4.5714,29.0749
2019-03-09 04:00:00+00:00,119.2508,3.8665,31.0038
2019-03-09 05:00:00+00:00,20.0262,3.5033,33.1182
2019-03-09 06:00:00+00:00,74.9357,3.3585,34.8281
2019-03-09 07:00:00+00:00,-5.6372,2.4833,35.7264
2019-03-09 08:00:00+00:00,-5.9617,2.4490,37.3361
2019-03-09 09:00:00+00:00,1.1733,3.0509,37.7290
2019-03-09 10:00:00+00:00,34.5482,3.1517,37.4430
2019-03-09 11:00:00+00:00,61.6943,3.4461,37.0114
2019-03-09 12:00:00+00:00,91.2048,3.5614,36.3628
2019-03-09 13:00:00+00:00,588.5684,6.1273,34.8412
2019-03-09 14:00:00+00:00,1075.7096,7.2993,33.0983
2019-03-09 15:00:00+00:00,1328.4878,7.8648,31.6487
2019-03-09 16:00:00+00:00,1215.5882,7.6093,30.5869
2019-03-09 17:00:00+00:00,838.9477,6.8631,29.8529
2019-03-09 18:00:00+00:00,428.8823,5.7812,29.0169
2019-03-09 19:00:00+00:00,362.5994,5.4331,28.0932
2019-03-09 20:00:00+00:00,224.0100,4.8072,27.5830
2019-03-09 21:00:00+00:00,171.6638,4.4458,27.1040
2019-03-09 22:00:00+00:00,55.6532,3.4954,26.6602
2019-03-09 23:00:00+00:00,56.1858,3.5805,26.6836
2019-03-10 00:00:00+00:00,162.8578,4.2649,26.8951
2019-03-10 01:00:00+00:00,54.9380,3.4926,26.8079
2019-03-10 02:00:00+00:00,-9.6961,2.3107,28.6247
2019-03-10 03:00:00+00:00,-5.8304,2.0284,31.1400
2019-03-10 04:00:00+00:00,-5.8339,2.2709,32.9066
2019-03-10 05:00:00+00:00,-4.5563,2.7274,34.5140
2019-03-10 06:00:00+00:00,-7.3473,2.3153,34.8672
2019-03-10 07:00:00+00:00,-5.3493,2.3590,36.1340
2019-03-10 08:00:00+00:00,-7.3486,2.8655,36.4557
2019-03-10 09:00:00+00:00,-3.8980,2.5673,36.6506
2019-03-10 10:00:00+00:00,28.9249,2.8992,37.0720
2019-03-10 11:00:00+00:00,219.9972,4.5325,36.4555
2019-03-10 12:00:00+00:00,347.7562,5.2322,35.5455
2019-03-10 13:00:00+00:00,366.7996,5.3869,34.8744
2019-03-10 14:00:00+00:00,838.9906,6.9878,33.8362
2019-03-10 15:00:00+00:00,1168.4412,7.5373,32.3315
2019-03-10 16:00:00+00:00,910.1400,7.1512,31.1793
2019-03-10 17:00:00+00:00,649.8116,6.6634,30.5027
2019-03-10 18:00:00+00:00,282.8182,5.1033,30.0423
2019-03-10 19:00:00+00:00,553.5205,6.0106,29.7490
2019-03-10 20:00:00+00:00,385.2072,5.5301,29.4884
2019-03-10 21:00:00+00:00,157.0013,4.2298,29.0491
2019-03-10 22:00:00+00:00,21.0745,3.3296,28.2450
2019-03-10 23:00:00+00:00,73.2792,3.7034,27.8020
2019-03-11 00:00:00+00:00,49.8915,3.2794,27.9858
2019-03-11 01:00:00+00:00,113.4234,3.8867,28.0679
2019-03-11 02:00:00+00:00,36.0814,3.3519,28.9787
2019-03-11 03:00:00+00:00,95.8857,3.5994,30.6228
2019-03-11 04:00:00+00:00,6.1840,3.2134,32.7651
2019-03-11 05:00:00+00:00,-4.4277,3.1449,34.1127
2019-03-11 06:00:00+00:00,91.9094,3.6150,35.2272
2019-03-11 07:00:00+00:00,14.4756,3.1074,36.3275
2019-03-11 08:00:00+00:00,152.9609,4.0036,36.4553
2019-03-11 09:00:00+00:00,42.8242,3.2288,37.2660
2019-03-11 10:00:00+00:00,44.2311,3.3410,37.2436
2019-03-11 11:00:00+00:00,247.6860,4.4967,36.6617
2019-03-11 12:00:00+00:00,440.4955,5.4927,35.8265
2019-03-11 13:00:00+00:00,1040.8853,7.2219,34.7253
2019-03-11 14:00:00+00:00,1154.6118,7.4986,33.4551
2019-03-11 15:00:00+00:00,1710.0598,9.2461,32.4394
2019-03-11 16:00:00+00:00,1192.4063,7.8859,31.3768
2019-03-11 17:00:00+00:00,510.4614,6.1571,31.0431
2019-03-11 18:00:00+00:00,180.5272,4.5666,30.4722
2019-03-11 19:00:00+00:00,95.0621,3.6908,30.1041
2019-03-11 20:00:00+00:00,154.4637,4.1410,29.6465
2019-03-11 21:00:00+00:00,356.8019,5.3141,28.7176
2019-03-11 22:00:00+00:00,345.7244,5.3345,28.2352
2019-03-11 23:00:00+00:00,128.3217,3.9517,27.9355
2019-03-12 00:00:00+00:00,-5.6124,2.6451,28.0230
2019-03-12 01:00:00+00:00,41.3229,3.3136,28.5639
2019-03-12 02:00:00+00:00,16.0232,2.7694,29.4704
2019-03-12 03:00:00+00:00,-2.6419,2.9089,31.2097
2019-03-12 04:00:00+00:00,-6.3001,2.4233,33.6273
2019-03-12 05:00:00+00:00,5.3699,3.1479,34.3640
2019-03-12 06:00:00+00:00,17.1219,3.1011,35.2419
2019-03-12 07:00:00+00:00,29.7484,3.4881,36.2469
2019-03-12 08:00:00+00:00,151.4476,4.2152,36.6802
2019-03-12 09:00:00+00:00,202.4552,4.1688,37.0747
2019-03-12 10:00:00+00:00,137.9498,4.1700,37.3580
2019-03-12 11:00:00+00:00,256.2806,4.6596,36.9376
2019-03-12 12:00:00+00:00,380.3961,5.2780,36.2153
2019-03-12 13:00:00+00:00,1296.2586,8.0156,35.0267
2019-03-12 14:00:00+00:00,1449.5556,8.3299,33.8597
2019-03-12 15:00:00+00:00,1181.4946,7.7220,31.7696
2019-03-12 16:00:00+00:00,978.8306,7.2394,30.6581
2019-03-12 17:00:00+00:00,618.2611,6.2460,29.6764
2019-03-12 18:00:00+00:00,292.1049,5.0980,28.7229
2019-03-12 19:00:00+00:00,613.7981,6.3915,28.0653
2019-03-12 20:00:00+00:00,526.2944,6.1242,27.8598
2019-03-12 21:00:00+00:00,306.1165,5.3495,27.5406
2019-03-12 22:00:00+00:00,277.1070,4.9653,27.8408
2019-03-12 23:00:00+00:00,698.4186,6.7880,27.5599
2019-03-13 00:00:00+00:00,219.3831,4.4889,26.7009
2019-03-13 01:00:00+00:00,81.0814,3.6932,27.6798
2019-03-13 02:00:00+00:00,51.0937,3.2654,29.3339
2019-03-13 03:00:00+00:00,18.6698,3.1805,31.6518
2019-03-13 04:00:00+00:00,1.3628,3.3462,33.5374
2019-03-13 05:00:00+00:00,-0.0660,2.8159,34.8489
2019-03-13 06:00:00+00:00,0.0000,1.7432,35.0039
2019-03-13 07:00:00+00:00,-1.7819,2.1269,35.5521
2019-03-13 08:00:00+00:00,-6.3658,3.1546,38.0552
2019-03-13 09:00:00+00:00,-6.2347,3.8993,38.4484
2019-03-13 10:00:00+00:00,88.6146,3.8422,38.0293
2019-03-13 11:00:00+00:00,324.9495,4.8983,37.2569
2019-03-13 12:00:00+00:00,783.0811,6.5928,36.3713
2019-03-13 13:00:00+00:00,1193.2725,7.5737,35.0238
2019-03-13 14:00:00+00:00,1403.1849,8.2318,33.8979
2019-03-13 15:00:00+00:00,959.7748,7.3395,32.7019
2019-03-13 16:00:00+00:00,567.7194,6.3127,31.5634
2019-03-13 17:00:00+00:00,370.1094,5.6817,30.9772
2019-03-13 18:00:00+00:00,708.4120,6.4908,30.7680
2019-03-13 19:00:00+00:00,688.7087,6.6240,30.1066
2019-03-13 20:00:00+00:00,444.0532,5.9979,29.8858
2019-03-13 21:00:00+00:00,595.1269,6.6682,29.7800
2019-03-13 22:00:00+00:00,439.7656,5.8204,29.2003
2019-03-13 23:00:00+00:00,559.1543,6.3485,28.9286
2019-03-14 00:00:00+00:00,749.4323,6.7766,29.0386
2019-03-14 01:00:00+00:00,927.9187,7.4077,29.1424
2019-03-14 02:00:00+00:00,284.4766,4.8169,29.6640
2019-03-14 03:00:00+00:00,152.0249,3.8758,31.5023
2019-03-14 04:00:00+00:00,107.8304,3.9262,33.9480
2019-03-14 05:00:00+00:00,146.9129,3.9205,35.1660
2019-03-14 06:00:00+00:00,108.7755,3.7012,36.3719
2019-03-14 07:00:00+00:00,100.8719,3.8916,37.4336
2019-03-14 08:00:00+00:00,537.2564,5.4574,37.2928
2019-03-14 09:00:00+00:00,617.5887,5.6494,37.5231
2019-03-14 10:00:00+00:00,534.3891,5.8172,37.9187
2019-03-14 11:00:00+00:00,995.4773,7.1340,37.4305
2019-03-14 12:00:00+00:00,1535.9879,8.7498,36.3979
2019-03-14 13:00:00+00:00,1592.5418,8.6070,35.5063
2019-03-14 14:00:00+00:00,1221.6828,7.9722,34.9099
2019-03-14 15:00:00+00:00,757.7387,6.7580,33.9477
2019-03-14 16:00:00+00:00,820.3662,7.0166,32.9917
2019-03-14 17:00:00+00:00,634.9917,6.5086,32.4280
2019-03-14 18:00:00+00:00,515.7950,6.1845,31.8169
2019-03-14 19:00:00+00:00,584.7742,6.3903,31.5291
2019-03-14 20:00:00+00:00,496.0168,6.2132,31.0342
2019-03-14 21:00:00+00:00,295.2576,5.3414,30.2521
2019-03-14 22:00:00+00:00,465.5360,6.1346,29.8549
2019-03-14 23:00:00+00:00,110.7236,3.9630,29.3754
2019-03-15 00:00:00+00:00,226.7929,5.0244,28.9907
2019-03-15 01:00:00+00:00,121.4538,4.4212,29.4816
2019-03-15 02:00:00+00:00,12.5515,2.5631,30.2333
2019-03-15 03:00:00+00:00,-5.4971,2.5259,32.5229
2019-03-15 04:00:00+00:00,203.9716,4.2316,33.0609
2019-03-15 05:00:00+00:00,9.0872,5.2222,34.4657
2019-03-15 06:00:00+00:00,-3.5737,6.5133,35.5646
2019-03-15 07:00:00+00:00,694.4517,6.2996,36.2194
2019-03-15 08:00:00+00:00,540.5739,5.5586,36.9529
2019-03-15 09:00:00+00:00,913.8809,6.9382,37.3332
2019-03-15 10:00:00+00:00,1068.2692,7.4385,36.9398
2019-03-15 11:00:00+00:00,1554.5351,8.7113,36.4662
2019-03-15 12:00:00+00:00,1621.6949,8.7885,35.5338
2019-03-15 13:00:00+00:00,1634.8081,8.6416,34.4737
2019-03-15 14:00:00+00:00,1666.4689,8.7899,33.3784
2019-03-15 15:00:00+00:00,1427.5030,8.2376,32.2703
2019-03-15 16:00:00+00:00,1225.0032,7.8151,30.5474
2019-03-15 17:00:00+00:00,1076.9842,7.4905,29.3008
2019-03-15 18:00:00+00:00,663.6986,6.5488,28.6355
2019-03-15 19:00:00+00:00,425.5707,5.8986,28.7323
2019-03-15 20:00:00+00:00,120.8601,4.0079,28.2292
2019-03-15 21:00:00+00:00,205.0768,4.7833,28.0052
2019-03-15 22:00:00+00:00,354.6817,5.7243,27.6355
2019-03-15 23:00:00+00:00,657.3395,6.7058,27.5511
2019-03-16 00:00:00+00:00,836.2236,7.2689,27.4178
2019-03-16 01:00:00+00:00,584.3713,6.4719,27.4897
2019-03-16 02:00:00+00:00,266.7124,4.7466,28.0963
2019-03-16 03:00:00+00:00,248.9574,4.6421,29.6053
2019-03-16 04:00:00+00:00,728.2611,6.3951,30.9121
2019-03-16 05:00:00+00:00,949.1623,6.9333,32.6836
2019-03-16 06:00:00+00:00,851.7282,6.6997,33.9593
2019-03-16 07:00:00+00:00,1208.1664,7.6320,34.9719
2019-03-16 08:00:00+00:00,1228.9916,8.0143,35.3590
2019-03-16 09:00:00+00:00,1374.6053,8.0898,35.4708
2019-03-16 10:00:00+00:00,1330.6003,8.5097,35.4512
2019-03-16 11:00:00+00:00,1487.9262,8.6089,34.7624
2019-03-16 12:00:00+00:00,1558.8077,8.7610,33.6294
2019-03-16 13:00:00+00:00,1537.2277,8.9446,32.8775
2019-03-16 14:00:00+00:00,1328.3705,7.9912,32.2393
2019-03-16 15:00:00+00:00,912.8559,7.3888,31.5692
2019-03-16 16:00:00+00:00,1174.9479,7.9106,30.8675
2019-03-16 17:00:00+00:00,966.7136,7.2453,27.9942
2019-03-16 18:00:00+00:00,599.3436,6.3158,26.3935
2019-03-16 19:00:00+00:00,942.8477,7.0399,25.6280
2019-03-16 20:00:00+00:00,950.4546,7.2855,24.9902
2019-03-16 21:00:00+00:00,555.3253,6.2274,24.3748
2019-03-16 22:00:00+00:00,385.6984,5.5748,23.9024
2019-03-16 23:00:00+00:00,550.2045,6.1779,23.5050
2019-03-17 00:00:00+00:00,615.0587,6.5370,23.2927
2019-03-17 01:00:00+00:00,304.9648,5.3321,23.4349
2019-03-17 02:00:00+00:00,154.3584,4.1698,24.4921
2019-03-17 03:00:00+00:00,48.9743,3.3857,26.5408
2019-03-17 04:00:00+00:00,279.6301,4.7823,28.3064
2019-03-17 05:00:00+00:00,270.6376,4.5620,30.2050
2019-03-17 06:00:00+00:00,570.2692,5.8344,31.4864
2019-03-17 07:00:00+00:00,773.4782,6.3588,32.8171
2019-03-17 08:00:00+00:00,676.9063,6.1668,33.6625
2019-03-17 09:00:00+00:00,763.9053,6.4569,34.2098
2019-03-17 10:00:00+00:00,788.9268,6.4982,34.4879
2019-03-17 11:00:00+00:00,907.3200,6.7473,34.3366
2019-03-17 12:00:00+00:00,776.8757,6.5885,33.6836
2019-03-17 13:00:00+00:00,934.0982,7.0600,32.4353
2019-03-17 14:00:00+00:00,886.3597,6.8878,31.2952
2019-03-17 15:00:00+00:00,1036.0176,7.4452,29.7825
2019-03-17 16:00:00+00:00,866.8182,7.0186,28.4147
2019-03-17 17:00:00+00:00,792.2666,6.5044,26.9205
2019-03-17 18:00:00+00:00,663.3219,6.3997,26.0433
2019-03-17 19:00:00+00:00,341.2135,5.3640,25.3154
2019-03-17 20:00:00+00:00,222.7655,4.7556,24.8475
2019-03-17 21:00:00+00:00,241.4142,4.8030,24.2781
2019-03-17 22:00:00+00:00,231.0119,4.8604,23.7839
2019-03-17 23:00:00+00:00,301.3747,5.3107,23.4896
2019-03-18 00:00:00+00:00,171.9954,4.5035,23.4404
2019-03-18 01:00:00+00:00,115.6541,3.8506,23.9503
2019-03-18 02:00:00+00:00,220.6301,4.4926,25.2296
2019-03-18 03:00:00+00:00,249.0389,4.6211,27.1278
2019-03-18 04:00:00+00:00,578.1713,5.8435,29.1246
2019-03-18 05:00:00+00:00,341.7928,4.9626,31.2169
2019-03-18 06:00:00+00:00,246.5155,4.5127,32.9855
2019-03-18 07:00:00+00:00,10.4175,2.9504,35.1441
2019-03-18 08:00:00+00:00,8.4274,3.2619,35.5611
2019-03-18 09:00:00+00:00,36.2812,3.5098,36.4251
2019-03-18 10:00:00+00:00,241.4344,4.6356,36.1917
2019-03-18 11:00:00+00:00,619.4538,6.1682,35.4980
2019-03-18 12:00:00+00:00,681.4683,6.4112,34.5073
2019-03-18 13:00:00+00:00,906.2668,7.0579,33.4925
2019-03-18 14:00:00+00:00,1660.9043,9.0401,31.0968
2019-03-18 15:00:00+00:00,1707.2263,9.7995,28.7057
2019-03-18 16:00:00+00:00,1721.4952,9.6331,27.2570
2019-03-18 17:00:00+00:00,1718.3296,9.2678,26.4740
2019-03-18 18:00:00+00:00,1722.3846,9.3517,26.0932
2019-03-18 19:00:00+00:00,1029.1155,7.3860,25.6331
2019-03-18 20:00:00+00:00,178.8367,4.2925,25.5355
2019-03-18 21:00:00+00:00,416.8274,5.6002,25.5180
2019-03-18 22:00:00+00:00,455.2556,5.7389,24.9552
2019-03-18 23:00:00+00:00,214.8883,4.4790,25.0318
2019-03-19 00:00:00+00:00,102.2051,3.8105,25.1873
2019-03-19 01:00:00+00:00,134.6632,4.1419,25.1263
2019-03-19 02:00:00+00:00,158.8379,4.0632,25.9616
2019-03-19 03:00:00+00:00,27.9017,3.1757,28.0807
2019-03-19 04:00:00+00:00,-2.9237,2.5706,30.4174
2019-03-19 05:00:00+00:00,-2.9814,2.7877,32.7803
2019-03-19 06:00:00+00:00,-7.1163,2.4671,34.5413
2019-03-19 07:00:00+00:00,-5.7262,2.1974,36.5199
2019-03-19 08:00:00+00:00,-4.0030,2.6263,36.7899
2019-03-19 09:00:00+00:00,12.3409,3.1319,37.2410
2019-03-19 10:00:00+00:00,9.6806,3.0639,37.6507
2019-03-19 11:00:00+00:00,118.1780,3.8149,36.8822
2019-03-19 12:00:00+00:00,322.5482,5.1162,35.7423
2019-03-19 13:00:00+00:00,397.0422,5.6091,35.0661
2019-03-19 14:00:00+00:00,1000.1732,7.1279,33.8098
2019-03-19 15:00:00+00:00,1104.0977,7.4612,32.3394
2019-03-19 16:00:00+00:00,726.0545,6.9741,31.0376
2019-03-19 17:00:00+00:00,910.8101,7.1846,29.5531
2019-03-19 18:00:00+00:00,745.2792,6.8289,28.3436
2019-03-19 19:00:00+00:00,643.9290,6.3879,27.1927
2019-03-19 20:00:00+00:00,467.7810,5.8511,26.4696
2019-03-19 21:00:00+00:00,234.8100,4.7324,26.0762
2019-03-19 22:00:00+00:00,66.6164,3.5746,25.8741
2019-03-19 23:00:00+00:00,58.0222,3.6932,26.5462
2019-03-20 00:00:00+00:00,313.7580,5.3542,26.4372
2019-03-20 01:00:00+00:00,396.7618,5.7296,26.5926
2019-03-20 02:00:00+00:00,538.9605,5.8943,27.1389
2019-03-20 03:00:00+00:00,169.9849,4.1337,29.3537
2019-03-20 04:00:00+00:00,8.6693,3.1425,32.3554
2019-03-20 05:00:00+00:00,-7.3670,2.7322,34.4193
2019-03-20 06:00:00+00:00,15.7247,2.9542,35.2913
2019-03-20 07:00:00+00:00,103.7704,3.9290,36.6199
2019-03-20 08:00:00+00:00,73.8534,3.8391,36.4931
2019-03-20 09:00:00+00:00,191.0856,4.4909,37.2030
2019-03-20 10:00:00+00:00,337.4356,4.9865,37.2359
2019-03-20 11:00:00+00:00,448.6439,5.5186,36.7953
2019-03-20 12:00:00+00:00,760.8256,6.5003,36.1123
2019-03-20 13:00:00+00:00,1456.8634,8.4661,34.8325
2019-03-20 14:00:00+00:00,1671.0096,8.9090,33.2618
2019-03-20 15:00:00+00:00,1643.2886,8.9604,31.5845
2019-03-20 16:00:00+00:00,628.4105,6.3491,31.2723
2019-03-20 17:00:00+00:00,1123.4854,7.7271,31.5085
2019-03-20 18:00:00+00:00,873.7968,7.2021,30.4147
2019-03-20 19:00:00+00:00,415.7735,5.6457,29.4007
2019-03-20 20:00:00+00:00,199.8887,4.5439,28.8397
2019-03-20 21:00:00+00:00,165.9079,4.5029,28.4576
2019-03-20 22:00:00+00:00,249.4906,5.1019,28.1261
2019-03-20 23:00:00+00:00,205.6186,4.7016,27.7727
2019-03-21 00:00:00+00:00,206.1833,4.6852,27.6878
2019-03-21 01:00:00+00:00,123.9368,4.2209,26.9842
2019-03-21 02:00:00+00:00,23.7770,3.2019,28.4495
2019-03-21 03:00:00+00:00,-5.2456,2.3259,31.2006
2019-03-21 04:00:00+00:00,0.8489,2.5721,33.4988
2019-03-21 05:00:00+00:00,15.2831,3.2256,35.0161
2019-03-21 06:00:00+00:00,50.2817,3.5267,36.2703
2019-03-21 07:00:00+00:00,44.4139,3.3525,37.2378
2019-03-21 08:00:00+00:00,113.8511,3.8384,37.8392
2019-03-21 09:00:00+00:00,89.3983,3.8607,38.0421
2019-03-21 10:00:00+00:00,44.8646,3.3751,38.0996
2019-03-21 11:00:00+00:00,121.8488,3.9656,37.4855
2019-03-21 12:00:00+00:00,813.3495,6.8532,36.2496
2019-03-21 13:00:00+00:00,1444.2638,8.3153,34.7490
2019-03-21 14:00:00+00:00,1645.1723,9.0230,33.1436
2019-03-21 15:00:00+00:00,1703.4317,9.3429,31.0232
2019-03-21 16:00:00+00:00,1652.2914,8.7621,29.7032
2019-03-21 17:00:00+00:00,1185.3787,7.7844,28.5922
2019-03-21 18:00:00+00:00,949.1959,7.2846,27.7390
2019-03-21 19:00:00+00:00,389.8546,5.6198,27.2760
2019-03-21 20:00:00+00:00,230.4322,4.8842,26.8429
2019-03-21 21:00:00+00:00,242.6603,4.7991,26.4081
2019-03-21 22:00:00+00:00,17.8132,3.1838,26.2084
2019-03-21 23:00:00+00:00,304.2888,5.3078,27.0854
2019-03-22 00:00:00+00:00,278.4057,5.2693,27.0105
2019-03-22 01:00:00+00:00,105.8029,3.9230,26.4792
2019-03-22 02:00:00+00:00,104.0568,3.7196,27.8694
2019-03-22 03:00:00+00:00,33.9069,3.2091,29.8931
2019-03-22 04:00:00+00:00,-0.8924,3.0339,32.0639
2019-03-22 05:00:00+00:00,-5.9371,2.5386,34.4838
2019-03-22 06:00:00+00:00,-6.1348,2.5101,36.2462
2019-03-22 07:00:00+00:00,-5.8708,2.2540,37.9842
2019-03-22 08:00:00+00:00,-6.6009,2.5874,38.3671
2019-03-22 09:00:00+00:00,-5.6299,2.7485,38.7844
2019-03-22 10:00:00+00:00,-2.3827,2.8430,38.4720
2019-03-22 11:00:00+00:00,82.5371,3.6410,37.8585
2019-03-22 12:00:00+00:00,401.5211,5.3552,36.4907
2019-03-22 13:00:00+00:00,399.3939,5.6364,35.6102
2019-03-22 14:00:00+00:00,709.1753,6.6293,34.9414
2019-03-22 15:00:00+00:00,1332.4621,8.2032,33.4241
2019-03-22 16:00:00+00:00,1316.7469,8.1378,31.6462
2019-03-22 17:00:00+00:00,1316.2051,8.0564,30.1519
2019-03-22 18:00:00+00:00,1211.2285,7.8456,28.8909
2019-03-22 19:00:00+00:00,1012.0343,7.3600,28.0092
2019-03-22 20:00:00+00:00,786.1107,6.8101,27.4139
2019-03-22 21:00:00+00:00,429.7908,5.6200,26.7799
2019-03-22 22:00:00+00:00,98.6550,3.8087,26.6152
2019-03-22 23:00:00+00:00,99.6569,3.9076,26.7045
2019-03-23 00:00:00+00:00,31.3398,3.3525,27.0262
2019-03-23 01:00:00+00:00,-4.3497,2.8758,26.9980
2019-03-23 02:00:00+00:00,21.9550,3.2571,28.1493
2019-03-23 03:00:00+00:00,-3.6637,2.9920,30.1766
2019-03-23 04:00:00+00:00,-5.3682,2.4534,33.0197
2019-03-23 05:00:00+00:00,-5.6530,2.4206,35.1969
2019-03-23 06:00:00+00:00,-6.3472,2.4735,37.1813
2019-03-23 07:00:00+00:00,-6.5038,2.9756,37.9763
2019-03-23 08:00:00+00:00,79.2727,3.3606,38.1765
2019-03-23 09:00:00+00:00,30.2752,3.2207,38.5911
2019-03-23 10:00:00+00:00,114.1117,3.7702,38.1731
2019-03-23 11:00:00+00:00,272.3737,4.5903,37.6083
2019-03-23 12:00:00+00:00,132.1977,4.0413,36.9876
2019-03-23 13:00:00+00:00,124.1664,4.1053,36.1883
2019-03-23 14:00:00+00:00,394.6290,5.3371,35.5764
2019-03-23 15:00:00+00:00,1016.8758,7.4629,34.0281
2019-03-23 16:00:00+00:00,1369.9931,8.1260,32.5083
2019-03-23 17:00:00+00:00,1163.6604,7.8143,31.1750
2019-03-23 18:00:00+00:00,887.4771,7.1364,30.3135
2019-03-23 19:00:00+00:00,592.8110,6.4323,29.5089
2019-03-23 20:00:00+00:00,347.9416,5.5034,28.8416
2019-03-23 21:00:00+00:00,241.9685,5.0314,28.3197
2019-03-23 22:00:00+00:00,75.8636,3.7582,28.0050
2019-03-23 23:00:00+00:00,5.1735,2.8532,28.0449
2019-03-24 00:00:00+00:00,-5.7097,2.9906,28.4366
2019-03-24 01:00:00+00:00,-5.7107,2.8090,29.2360
2019-03-24 02:00:00+00:00,-5.4105,2.0795,30.2000
2019-03-24 03:00:00+00:00,-5.4501,2.1060,32.0853
2019-03-24 04:00:00+00:00,-5.2851,2.4026,34.5592
2019-03-24 05:00:00+00:00,-5.6747,2.4727,36.5589
2019-03-24 06:00:00+00:00,0.7464,2.8709,37.7339
2019-03-24 07:00:00+00:00,58.3224,3.2617,38.0196
2019-03-24 08:00:00+00:00,110.0671,3.6345,38.4637
2019-03-24 09:00:00+00:00,144.2912,3.9732,38.4032
2019-03-24 10:00:00+00:00,193.5213,4.2553,38.1504
2019-03-24 11:00:00+00:00,158.3869,3.9154,38.0101
2019-03-24 12:00:00+00:00,298.2873,5.3047,37.1803
2019-03-24 13:00:00+00:00,868.0453,6.8533,36.1497
2019-03-24 14:00:00+00:00,1536.6592,8.5521,34.3889
2019-03-24 15:00:00+00:00,1691.4394,9.1094,32.9880
2019-03-24 16:00:00+00:00,1099.7957,7.6632,31.6538
2019-03-24 17:00:00+00:00,656.1297,6.5843,30.8837
2019-03-24 18:00:00+00:00,737.5496,6.8148,30.3600
2019-03-24 19:00:00+00:00,669.2084,6.5599,29.3931
2019-03-24 20:00:00+00:00,325.3402,5.3184,28.5868
2019-03-24 21:00:00+00:00,270.4832,4.9174,27.8722
2019-03-24 22:00:00+00:00,411.2899,5.6512,27.0905
2019-03-24 23:00:00+00:00,256.1456,4.9363,26.9564
2019-03-25 00:00:00+00:00,256.7839,5.1473,26.6911
2019-03-25 01:00:00+00:00,115.8088,3.9579,27.0713
2019-03-25 02:00:00+00:00,-2.3761,2.7434,28.6483
2019-03-25 03:00:00+00:00,-5.3290,2.1738,31.7611
2019-03-25 04:00:00+00:00,36.2967,3.2151,33.7168
2019-03-25 05:00:00+00:00,52.0154,3.4438,34.8825
2019-03-25 06:00:00+00:00,315.1994,4.7480,35.9610
2019-03-25 07:00:00+00:00,312.3631,4.9589,37.1545
2019-03-25 08:00:00+00:00,410.1964,5.3814,37.7023
2019-03-25 09:00:00+00:00,581.6855,5.9283,37.9658
2019-03-25 10:00:00+00:00,570.9668,5.9065,37.8231
2019-03-25 11:00:00+00:00,747.9399,6.4761,37.3963
2019-03-25 12:00:00+00:00,624.6006,6.1111,36.5881
2019-03-25 13:00:00+00:00,551.0067,6.0053,35.5345
2019-03-25 14:00:00+00:00,804.5957,6.9100,34.4830
2019-03-25 15:00:00+00:00,938.6917,7.2090,33.3727
2019-03-25 16:00:00+00:00,875.4636,7.2051,32.0201
2019-03-25 17:00:00+00:00,802.3709,7.0197,30.9208
2019-03-25 18:00:00+00:00,419.0731,5.6682,30.1585
2019-03-25 19:00:00+00:00,160.0296,4.3208,30.0188
2019-03-25 20:00:00+00:00,111.5781,3.9766,30.3318
2019-03-25 21:00:00+00:00,57.1675,3.5055,30.0319
2019-03-25 22:00:00+00:00,105.6747,4.0530,29.6671
2019-03-25 23:00:00+00:00,174.9471,4.5256,28.9799
2019-03-26 00:00:00+00:00,180.6594,4.3814,28.1557
2019-03-26 01:00:00+00:00,152.0463,4.1910,28.5793
2019-03-26 02:00:00+00:00,38.5003,3.2141,29.8590
2019-03-26 03:00:00+00:00,155.5443,4.1351,31.1522
2019-03-26 04:00:00+00:00,-3.0744,2.8038,33.8091
2019-03-26 05:00:00+00:00,11.9647,3.0790,35.4106
2019-03-26 06:00:00+00:00,41.3851,3.6486,36.4841
2019-03-26 07:00:00+00:00,237.8256,4.6652,36.6853
2019-03-26 08:00:00+00:00,261.2437,4.6971,37.5396
2019-03-26 09:00:00+00:00,515.9636,5.7043,37.6382
2019-03-26 10:00:00+00:00,474.6416,5.5147,37.4452
2019-03-26 11:00:00+00:00,542.8299,5.9620,37.0222
2019-03-26 12:00:00+00:00,584.9118,6.1617,36.2108
2019-03-26 13:00:00+00:00,716.0247,6.5818,35.2057
2019-03-26 14:00:00+00:00,874.0641,7.0634,34.0296
2019-03-26 15:00:00+00:00,1180.4859,7.6661,32.9375
2019-03-26 16:00:00+00:00,731.4396,6.8122,31.5706
2019-03-26 17:00:00+00:00,367.0736,5.5772,30.6518
2019-03-26 18:00:00+00:00,345.2391,5.4342,30.1346
2019-03-26 19:00:00+00:00,389.7452,5.6277,29.6129
2019-03-26 20:00:00+00:00,424.6276,6.1550,29.7789
2019-03-26 21:00:00+00:00,498.5630,6.0612,29.3080
2019-03-26 22:00:00+00:00,502.9681,6.2506,28.7299
2019-03-26 23:00:00+00:00,393.0961,5.7102,28.3477
2019-03-27 00:00:00+00:00,505.9928,6.1838,28.5242
2019-03-27 01:00:00+00:00,211.9990,4.3466,28.9770
2019-03-27 02:00:00+00:00,-5.6480,2.2019,30.4385
2019-03-27 03:00:00+00:00,14.9492,3.0255,31.8252
2019-03-27 04:00:00+00:00,6.2521,3.3314,33.4073
2019-03-27 05:00:00+00:00,32.7947,3.3433,34.9953
2019-03-27 06:00:00+00:00,-6.7038,2.7083,36.7746
2019-03-27 07:00:00+00:00,-6.0798,2.5110,38.1127
2019-03-27 08:00:00+00:00,27.6864,3.0525,38.7404
2019-03-27 09:00:00+00:00,110.0711,3.6642,38.7670
2019-03-27 10:00:00+00:00,113.7473,3.6448,39.0080
2019-03-27 11:00:00+00:00,145.2098,4.0873,38.4227
2019-03-27 12:00:00+00:00,92.0401,3.5453,37.6033
2019-03-27 13:00:00+00:00,56.0734,3.5110,36.8346
2019-03-27 14:00:00+00:00,866.9967,7.0586,35.6210
2019-03-27 15:00:00+00:00,1187.9823,7.8333,33.9941
2019-03-27 16:00:00+00:00,993.2753,7.3132,32.2397
2019-03-27 17:00:00+00:00,1463.6439,8.1616,30.4252
2019-03-27 18:00:00+00:00,1079.0232,7.5171,29.4808
2019-03-27 19:00:00+00:00,680.1592,6.6632,29.6433
2019-03-27 20:00:00+00:00,468.9217,6.0323,28.9856
2019-03-27 21:00:00+00:00,1049.9631,7.3191,28.5748
2019-03-27 22:00:00+00:00,1349.2777,9.1028,28.7787
2019-03-27 23:00:00+00:00,1225.5811,8.1574,28.2826
2019-03-28 00:00:00+00:00,49.5416,3.2729,27.8200
2019-03-28 01:00:00+00:00,128.4200,3.9879,28.3524
2019-03-28 02:00:00+00:00,-3.1164,2.3948,29.2244
2019-03-28 03:00:00+00:00,-5.3993,2.2604,31.6279
2019-03-28 04:00:00+00:00,-5.7909,2.6222,33.9573
2019-03-28 05:00:00+00:00,-5.5739,2.4123,36.2249
2019-03-28 06:00:00+00:00,-5.4030,2.3257,38.0493
2019-03-28 07:00:00+00:00,-4.9232,2.8244,39.1619
2019-03-28 08:00:00+00:00,70.3153,3.6622,38.9381
2019-03-28 09:00:00+00:00,8.8078,3.5493,39.3481
2019-03-28 10:00:00+00:00,158.2278,4.0818,39.2792
2019-03-28 11:00:00+00:00,309.2911,4.8678,38.6693
2019-03-28 12:00:00+00:00,38.9016,3.2320,38.0368
2019-03-28 13:00:00+00:00,3.3885,2.8555,37.3402
2019-03-28 14:00:00+00:00,259.3697,4.5835,36.6677
2019-03-28 15:00:00+00:00,1112.7335,7.6759,33.9584
2019-03-28 16:00:00+00:00,1163.5363,8.1195,32.4942
2019-03-28 17:00:00+00:00,790.9846,7.0166,31.2163
2019-03-28 18:00:00+00:00,625.7140,6.5391,30.2896
2019-03-28 19:00:00+00:00,454.2780,5.7196,30.6547
2019-03-28 20:00:00+00:00,559.7303,6.2851,30.2701
2019-03-28 21:00:00+00:00,546.1196,6.2926,30.0238
2019-03-28 22:00:00+00:00,201.3166,4.5837,29.6575
2019-03-28 23:00:00+00:00,18.8499,2.8315,29.0544
2019-03-29 00:00:00+00:00,6.3052,2.8443,28.7291
2019-03-29 01:00:00+00:00,-5.9457,2.4651,29.6526
2019-03-29 02:00:00+00:00,-5.4451,2.4205,31.1267
2019-03-29 03:00:00+00:00,-5.8215,2.8051,33.2161
2019-03-29 04:00:00+00:00,-6.2042,2.8287,35.1415
2019-03-29 05:00:00+00:00,-3.8987,2.6377,36.9870
2019-03-29 06:00:00+00:00,-7.1765,2.3003,38.3900
2019-03-29 07:00:00+00:00,-6.4010,2.5467,39.3734
2019-03-29 08:00:00+00:00,-2.4843,3.0054,39.5628
2019-03-29 09:00:00+00:00,68.2499,3.4500,39.3824
2019-03-29 10:00:00+00:00,35.9703,3.1097,39.2417
2019-03-29 11:00:00+00:00,72.5772,3.5204,38.5873
2019-03-29 12:00:00+00:00,196.6031,4.4167,37.7428
2019-03-29 13:00:00+00:00,234.8891,4.9006,37.1470
2019-03-29 14:00:00+00:00,656.6179,6.4536,36.2894
2019-03-29 15:00:00+00:00,908.7826,7.3868,35.3584
2019-03-29 16:00:00+00:00,690.4696,6.7370,34.3665
2019-03-29 17:00:00+00:00,839.3514,7.1692,34.4702
2019-03-29 18:00:00+00:00,298.9482,5.1346,33.3714
2019-03-29 19:00:00+00:00,198.2460,4.6721,31.7220
2019-03-29 20:00:00+00:00,201.7458,4.6990,30.5618
2019-03-29 21:00:00+00:00,119.2674,4.0709,29.8441
2019-03-29 22:00:00+00:00,111.8459,3.9908,29.5266
2019-03-29 23:00:00+00:00,38.2340,3.2872,29.8201
2019-03-30 00:00:00+00:00,25.4425,3.3944,30.0105
2019-03-30 01:00:00+00:00,-5.5321,2.7853,31.0150
2019-03-30 02:00:00+00:00,-5.4617,2.5584,32.6457
2019-03-30 03:00:00+00:00,4.5905,3.0286,33.9660
2019-03-30 04:00:00+00:00,104.7204,3.8405,34.7799
2019-03-30 05:00:00+00:00,12.9621,3.4438,36.4238
2019-03-30 06:00:00+00:00,-6.3302,2.6485,38.1239
2019-03-30 07:00:00+00:00,3.1612,3.4475,39.2502
2019-03-30 08:00:00+00:00,83.7550,3.8743,39.3960
2019-03-30 09:00:00+00:00,579.6526,5.8346,39.2718
2019-03-30 10:00:00+00:00,618.3239,5.9866,39.2372
2019-03-30 11:00:00+00:00,483.3594,5.6514,38.9039
2019-03-30 12:00:00+00:00,224.9916,4.6205,38.4274
2019-03-30 13:00:00+00:00,506.7377,5.4173,37.6803
2019-03-30 14:00:00+00:00,991.5417,7.6313,36.8242
2019-03-30 15:00:00+00:00,1185.2908,7.9297,35.9848
2019-03-30 16:00:00+00:00,942.7418,7.5173,35.2472
2019-03-30 17:00:00+00:00,1374.8997,8.6202,35.1902
2019-03-30 18:00:00+00:00,1374.1150,8.5752,34.7369
2019-03-30 19:00:00+00:00,847.9512,7.2831,34.0487
2019-03-30 20:00:00+00:00,816.7552,7.3988,33.1455
2019-03-30 21:00:00+00:00,1048.9987,7.9278,32.4157
2019-03-30 22:00:00+00:00,791.2695,6.9189,31.6565
2019-03-30 23:00:00+00:00,188.9201,4.2385,31.0395
2019-03-31 00:00:00+00:00,301.4553,5.0977,30.5128
2019-03-31 01:00:00+00:00,1233.1968,8.2873,28.7741
2019-03-31 02:00:00+00:00,872.6472,7.2015,29.1593
2019-03-31 03:00:00+00:00,998.3931,7.1924,30.5591
2019-03-31 04:00:00+00:00,546.1315,5.9370,32.2096
2019-03-31 05:00:00+00:00,210.1132,4.4248,34.2631
2019-03-31 06:00:00+00:00,54.6996,3.6524,36.5656
2019-03-31 07:00:00+00:00,-6.0899,2.7275,38.6452
2019-03-31 08:00:00+00:00,-3.8832,2.7153,39.5477
2019-03-31 09:00:00+00:00,-6.8601,2.7076,40.1707
2019-03-31 10:00:00+00:00,2.8512,2.8986,39.8804
2019-03-31 11:00:00+00:00,2.3480,2.7353,39.5367
2019-03-31 12:00:00+00:00,143.3252,3.7822,38.7006
2019-03-31 13:00:00+00:00,217.5050,4.6110,37.6851
2019-03-31 14:00:00+00:00,157.7325,4.3027,37.4085
2019-03-31 15:00:00+00:00,334.4850,5.1345,36.8461
2019-03-31 16:00:00+00:00,645.6894,6.5997,35.8626
2019-03-31 17:00:00+00:00,682.9202,6.7749,35.6968
2019-03-31 18:00:00+00:00,910.5311,7.3687,35.2003
2019-03-31 19:00:00+00:00,580.8159,6.4993,34.7828
2019-03-31 20:00:00+00:00,746.0465,6.7750,34.5109
2019-03-31 21:00:00+00:00,676.4655,6.5083,33.7848
2019-03-31 22:00:00+00:00,286.1601,4.7368,33.2306
2019-03-31 23:00:00+00:00,152.1990,3.7402,32.7554
2019-04-01 00:00:00+00:00,-5.5606,2.9451,32.2244
2019-04-01 01:00:00+00:00,-4.4079,2.8486,32.1466
2019-04-01 02:00:00+00:00,-5.8134,1.9106,33.3727
2019-04-01 03:00:00+00:00,8.8836,3.0156,34.0086
2019-04-01 04:00:00+00:00,-6.9220,2.5776,35.3834
2019-04-01 05:00:00+00:00,-5.3790,2.5041,37.3906
2019-04-01 06:00:00+00:00,-8.3302,2.8802,38.6311
2019-04-01 07:00:00+00:00,22.4891,3.1187,38.8459
2019-04-01 08:00:00+00:00,-6.3480,2.5006,40.2039
2019-04-01 09:00:00+00:00,-5.8575,2.4315,39.8181
2019-04-01 10:00:00+00:00,-5.7417,1.9715,40.3170
2019-04-01 11:00:00+00:00,-5.7138,1.7563,39.8899
2019-04-01 12:00:00+00:00,-6.1281,2.4540,39.2049
2019-04-01 13:00:00+00:00,153.2578,4.0334,38.0756
2019-04-01 14:00:00+00:00,828.5365,6.8561,37.0316
2019-04-01 15:00:00+00:00,1466.8652,8.4889,33.0465
2019-04-01 16:00:00+00:00,1328.6209,8.3140,35.5214
2019-04-01 17:00:00+00:00,938.2693,7.4083,34.8491
2019-04-01 18:00:00+00:00,666.7206,6.7551,34.1928
2019-04-01 19:00:00+00:00,547.0056,6.3421,33.3934
2019-04-01 20:00:00+00:00,260.4097,5.1550,32.6185
2019-04-01 21:00:00+00:00,141.9399,4.1963,31.9076
2019-04-01 22:00:00+00:00,219.8246,4.3505,31.0063
2019-04-01 23:00:00+00:00,10.7912,2.9360,30.7422
2019-04-02 00:00:00+00:00,-5.8114,2.7230,30.3600
2019-04-02 01:00:00+00:00,-5.6711,2.6809,30.6748
2019-04-02 02:00:00+00:00,8.2559,3.0280,31.2373
2019-04-02 03:00:00+00:00,40.6281,3.3916,32.1271
2019-04-02 04:00:00+00:00,15.7328,3.2455,34.3712
2019-04-02 05:00:00+00:00,1.3893,2.8593,36.4697
2019-04-02 06:00:00+00:00,-5.3828,2.5912,38.7756
2019-04-02 07:00:00+00:00,6.9443,2.7369,39.5367
2019-04-02 08:00:00+00:00,3.0353,3.0531,39.7310
2019-04-02 09:00:00+00:00,-3.7850,2.6489,40.4229
2019-04-02 10:00:00+00:00,-6.1465,2.8607,40.1416
2019-04-02 11:00:00+00:00,52.7704,3.4984,39.3763
2019-04-02 12:00:00+00:00,52.8882,3.3431,38.5396
2019-04-02 13:00:00+00:00,274.5840,5.0123,37.9237
2019-04-02 14:00:00+00:00,606.6727,6.4219,36.9430
2019-04-02 15:00:00+00:00,563.9984,6.4072,35.6350
2019-04-02 16:00:00+00:00,504.0441,6.1464,34.2109
2019-04-02 17:00:00+00:00,498.8975,6.0826,32.6538
2019-04-02 18:00:00+00:00,440.6260,5.8284,31.8520
2019-04-02 19:00:00+00:00,277.5241,5.1885,31.1166
2019-04-02 20:00:00+00:00,219.8173,4.6032,30.7132
2019-04-02 21:00:00+00:00,39.9063,3.8043,29.8652
2019-04-02 22:00:00+00:00,55.4242,2.8744,29.5294
2019-04-02 23:00:00+00:00,-5.6953,2.5301,30.3694
2019-04-03 00:00:00+00:00,5.5629,2.8248,30.2277
2019-04-03 01:00:00+00:00,-7.1571,2.6427,29.5534
2019-04-03 02:00:00+00:00,-5.6328,2.4579,31.0508
2019-04-03 03:00:00+00:00,-5.4211,2.1012,33.4251
2019-04-03 04:00:00+00:00,-6.3350,2.3966,35.6734
2019-04-03 05:00:00+00:00,-7.3610,2.7516,36.6494
2019-04-03 06:00:00+00:00,-6.7263,3.1840,37.8688
2019-04-03 07:00:00+00:00,-6.9022,3.6836,38.4874
2019-04-03 08:00:00+00:00,-5.2473,4.1357,30.7146
2019-04-03 09:00:00+00:00,-6.3043,4.4758,39.3138
2019-04-03 10:00:00+00:00,-6.2860,4.1031,39.7207
2019-04-03 11:00:00+00:00,42.1798,4.5697,39.3019
2019-04-03 12:00:00+00:00,996.6682,7.3166,38.0752
2019-04-03 13:00:00+00:00,965.2902,7.2037,36.8064
2019-04-03 14:00:00+00:00,1213.0381,7.9709,35.4150
2019-04-03 15:00:00+00:00,1235.4408,8.0296,34.1816
2019-04-03 16:00:00+00:00,995.5125,7.3406,32.9172
2019-04-03 17:00:00+00:00,851.2533,6.8434,31.7412
2019-04-03 18:00:00+00:00,364.0135,5.5531,30.7539
2019-04-03 19:00:00+00:00,580.2028,6.3573,29.5889
2019-04-03 20:00:00+00:00,884.5005,7.0309,28.4821
2019-04-03 21:00:00+00:00,613.2029,6.3679,27.6626
2019-04-03 22:00:00+00:00,544.8110,6.1423,27.3342
2019-04-03 23:00:00+00:00,279.3682,4.7889,27.2572
2019-04-04 00:00:00+00:00,1.9593,3.1585,27.7706
2019-04-04 01:00:00+00:00,40.9600,3.4417,28.7016
2019-04-04 02:00:00+00:00,-7.6428,2.5696,30.0604
2019-04-04 03:00:00+00:00,115.8905,3.8753,31.5150
2019-04-04 04:00:00+00:00,-4.1180,2.8371,33.5406
2019-04-04 05:00:00+00:00,-8.7999,2.7852,35.2490
2019-04-04 06:00:00+00:00,64.7735,3.5029,36.2883
2019-04-04 07:00:00+00:00,310.8513,4.8682,37.2914
2019-04-04 08:00:00+00:00,56.4167,3.7139,38.4678
2019-04-04 09:00:00+00:00,297.6775,4.8290,39.0697
2019-04-04 10:00:00+00:00,139.8119,4.2078,38.5699
2019-04-04 11:00:00+00:00,154.2516,4.0427,38.9531
2019-04-04 12:00:00+00:00,487.5861,5.8318,38.0025
2019-04-04 13:00:00+00:00,623.8749,6.3585,36.6335
2019-04-04 14:00:00+00:00,763.2442,6.7465,35.6314
2019-04-04 15:00:00+00:00,479.5533,6.0065,34.7009
2019-04-04 16:00:00+00:00,462.2274,5.8803,34.2530
2019-04-04 17:00:00+00:00,519.3090,6.0462,33.6845
2019-04-04 18:00:00+00:00,424.6238,5.7635,32.8739
2019-04-04 19:00:00+00:00,202.8678,4.4874,31.9593
2019-04-04 20:00:00+00:00,302.4190,5.1963,31.7717
2019-04-04 21:00:00+00:00,156.8172,4.2122,31.0509
2019-04-04 22:00:00+00:00,275.8233,4.7640,30.5020
2019-04-04 23:00:00+00:00,389.5495,5.0863,30.6105
2019-04-05 00:00:00+00:00,301.2834,4.9026,29.3315
2019-04-05 01:00:00+00:00,38.0459,3.2328,28.8152
2019-04-05 02:00:00+00:00,32.0461,3.2369,29.2522
2019-04-05 03:00:00+00:00,-6.3268,3.0721,31.1110
2019-04-05 04:00:00+00:00,-6.4865,2.3481,33.5600
2019-04-05 05:00:00+00:00,-5.2111,2.2824,36.0404
2019-04-05 06:00:00+00:00,20.3198,3.3130,36.9230
2019-04-05 07:00:00+00:00,4.0148,2.8722,38.1204
2019-04-05 08:00:00+00:00,16.5771,3.0102,39.0779
2019-04-05 09:00:00+00:00,110.4403,3.5916,39.2545
2019-04-05 10:00:00+00:00,74.3200,3.2668,39.4387
2019-04-05 11:00:00+00:00,166.2838,3.9973,39.0042
2019-04-05 12:00:00+00:00,104.6655,3.8186,37.5761
2019-04-05 13:00:00+00:00,330.0327,5.1668,37.5082
2019-04-05 14:00:00+00:00,745.6293,6.6752,36.3723
2019-04-05 15:00:00+00:00,764.0310,6.7951,35.3255
2019-04-05 16:00:00+00:00,436.4253,5.8732,33.5844
2019-04-05 17:00:00+00:00,380.4030,5.5596,32.1768
2019-04-05 18:00:00+00:00,224.7989,4.7473,30.8368
2019-04-05 19:00:00+00:00,204.9529,4.5036,29.7985
2019-04-05 20:00:00+00:00,272.8706,4.7847,28.9938
2019-04-05 21:00:00+00:00,180.7818,4.3279,28.6059
2019-04-05 22:00:00+00:00,-5.7917,2.7752,28.8433
2019-04-05 23:00:00+00:00,17.9778,3.0737,28.7672
2019-04-06 00:00:00+00:00,2.4274,2.8425,28.4391
2019-04-06 01:00:00+00:00,-3.1381,2.7133,29.6439
2019-04-06 02:00:00+00:00,15.6074,3.0315,30.9421
2019-04-06 03:00:00+00:00,20.2008,3.4122,32.1403
2019-04-06 04:00:00+00:00,162.1766,4.0767,33.5219
2019-04-06 05:00:00+00:00,111.1477,3.9345,35.1978
2019-04-06 06:00:00+00:00,-5.6247,2.7601,37.4361
2019-04-06 07:00:00+00:00,3.4371,3.0027,38.1932
2019-04-06 08:00:00+00:00,33.0651,3.5207,38.6035
2019-04-06 09:00:00+00:00,-6.9975,2.3533,40.0521
2019-04-06 10:00:00+00:00,46.6152,3.3890,39.4817
2019-04-06 11:00:00+00:00,16.0381,3.0049,39.3966
2019-04-06 12:00:00+00:00,136.0015,3.8723,38.4696
2019-04-06 13:00:00+00:00,935.0217,7.3136,35.9844
2019-04-06 14:00:00+00:00,410.5657,5.7998,34.5433
2019-04-06 15:00:00+00:00,709.1163,6.8263,34.5225
2019-04-06 16:00:00+00:00,939.2374,7.2427,33.8648
2019-04-06 17:00:00+00:00,448.8280,5.7194,33.1623
2019-04-06 18:00:00+00:00,493.8164,5.8487,32.5323
2019-04-06 19:00:00+00:00,291.7830,5.2814,32.4022
2019-04-06 20:00:00+00:00,370.6094,5.6972,31.7781
2019-04-06 21:00:00+00:00,394.4007,5.7654,30.8124
2019-04-06 22:00:00+00:00,299.1998,5.0645,30.1569
2019-04-06 23:00:00+00:00,477.8499,5.9999,30.1655
2019-04-07 00:00:00+00:00,714.2515,6.9263,30.4897
2019-04-07 01:00:00+00:00,928.5731,7.6519,30.7878
2019-04-07 02:00:00+00:00,467.1616,5.8732,31.7641
2019-04-07 03:00:00+00:00,146.2487,4.0584,33.5563
2019-04-07 04:00:00+00:00,37.2524,3.1848,35.9964
2019-04-07 05:00:00+00:00,-4.3968,2.7861,37.7887
2019-04-07 06:00:00+00:00,-2.0270,3.0076,38.9281
2019-04-07 07:00:00+00:00,-5.6340,2.8462,40.1187
2019-04-07 08:00:00+00:00,12.4819,2.9758,40.6910
2019-04-07 09:00:00+00:00,52.2396,3.2091,40.8313
2019-04-07 10:00:00+00:00,84.4139,3.5437,39.8752
2019-04-07 11:00:00+00:00,373.1553,5.2254,38.8129
2019-04-07 12:00:00+00:00,382.0282,5.3931,38.3727
2019-04-07 13:00:00+00:00,703.9432,6.6494,37.6041
2019-04-07 14:00:00+00:00,1468.1548,8.2775,35.9488
2019-04-07 15:00:00+00:00,1245.3515,8.0597,34.1238
2019-04-07 16:00:00+00:00,959.3997,7.3470,32.8119
2019-04-07 17:00:00+00:00,1034.4573,7.4666,31.9402
2019-04-07 18:00:00+00:00,744.5981,6.7832,30.7636
2019-04-07 19:00:00+00:00,428.4467,5.5311,29.7054
2019-04-07 20:00:00+00:00,292.3446,4.9713,28.8419
2019-04-07 21:00:00+00:00,43.5986,3.3899,28.9232
2019-04-07 22:00:00+00:00,179.3048,4.5132,29.2012
2019-04-07 23:00:00+00:00,312.3905,5.3717,29.1990
2019-04-08 00:00:00+00:00,461.8826,6.2094,28.5072
2019-04-08 01:00:00+00:00,586.9368,6.5180,28.8418
2019-04-08 02:00:00+00:00,215.3371,4.5903,29.7262
2019-04-08 03:00:00+00:00,142.8872,3.9751,31.5886
2019-04-08 04:00:00+00:00,1.7171,3.0491,34.4029
2019-04-08 05:00:00+00:00,-8.6716,2.4925,36.6192
2019-04-08 06:00:00+00:00,-6.1794,2.6965,38.3116
2019-04-08 07:00:00+00:00,-6.5070,2.6737,39.1764
2019-04-08 08:00:00+00:00,24.2741,3.0092,39.4256
2019-04-08 09:00:00+00:00,10.0506,3.1470,39.3214
2019-04-08 10:00:00+00:00,142.8027,3.9888,38.5260
2019-04-08 11:00:00+00:00,344.3596,5.0508,38.4440
2019-04-08 12:00:00+00:00,429.6342,5.6201,37.8864
2019-04-08 13:00:00+00:00,503.4262,5.8471,36.6947
2019-04-08 14:00:00+00:00,332.3711,5.2678,35.0828
2019-04-08 15:00:00+00:00,558.6008,5.9933,34.7404
2019-04-08 16:00:00+00:00,782.4292,6.6137,33.7574
2019-04-08 17:00:00+00:00,455.4301,5.7411,33.6823
2019-04-08 18:00:00+00:00,129.5028,4.2626,33.9132
2019-04-08 19:00:00+00:00,109.3203,3.5591,33.0592
2019-04-08 20:00:00+00:00,272.9401,5.0515,31.6224
2019-04-08 21:00:00+00:00,51.0003,3.2455,31.7077
2019-04-08 22:00:00+00:00,-5.7166,2.5680,31.9153
2019-04-08 23:00:00+00:00,-5.7053,2.6974,31.0607
2019-04-09 00:00:00+00:00,-6.0249,2.4893,30.9991
2019-04-09 01:00:00+00:00,66.5961,3.7008,30.8851
2019-04-09 02:00:00+00:00,269.0785,4.6671,30.6738
2019-04-09 03:00:00+00:00,494.7402,5.6928,31.3333
2019-04-09 04:00:00+00:00,43.3952,3.7268,33.1362
2019-04-09 05:00:00+00:00,39.6520,3.4305,35.0226
2019-04-09 06:00:00+00:00,18.1934,3.2249,36.4868
2019-04-09 07:00:00+00:00,-6.9827,2.8118,37.6730
2019-04-09 08:00:00+00:00,2.5111,3.0427,38.7373
2019-04-09 09:00:00+00:00,-7.0815,2.8170,39.4596
2019-04-09 10:00:00+00:00,-1.5738,2.3700,39.3175
2019-04-09 11:00:00+00:00,32.3110,2.9000,38.3815
2019-04-09 12:00:00+00:00,484.2682,5.5810,37.1997
2019-04-09 13:00:00+00:00,1351.1974,8.1185,34.7857
2019-04-09 14:00:00+00:00,553.4825,6.1111,33.7905
2019-04-09 15:00:00+00:00,546.0154,6.3067,33.9559
2019-04-09 16:00:00+00:00,903.3241,6.9560,32.9243
2019-04-09 17:00:00+00:00,765.4229,6.8288,31.5551
2019-04-09 18:00:00+00:00,542.1844,6.2435,30.7955
2019-04-09 19:00:00+00:00,351.4732,5.6998,30.7395
2019-04-09 20:00:00+00:00,341.2309,5.2687,30.0493
2019-04-09 21:00:00+00:00,428.9713,5.7562,29.7228
2019-04-09 22:00:00+00:00,119.4933,3.6333,29.2910
2019-04-09 23:00:00+00:00,-5.3334,1.9946,29.3922
2019-04-10 00:00:00+00:00,0.4016,2.9031,30.2357
2019-04-10 01:00:00+00:00,52.6736,3.3579,30.5878
2019-04-10 02:00:00+00:00,-5.5962,2.6329,31.5062
2019-04-10 03:00:00+00:00,44.2079,3.3085,32.7387
2019-04-10 04:00:00+00:00,7.6549,3.1460,34.3232
2019-04-10 05:00:00+00:00,-4.1525,2.7911,36.1833
2019-04-10 06:00:00+00:00,-5.4344,2.8301,37.3182
2019-04-10 07:00:00+00:00,-2.4815,2.9138,38.3404
2019-04-10 08:00:00+00:00,28.4485,3.3069,39.0985
2019-04-10 09:00:00+00:00,102.5677,3.8652,39.2250
2019-04-10 10:00:00+00:00,46.7468,3.3005,39.3870
2019-04-10 11:00:00+00:00,111.4048,3.9426,39.1375
2019-04-10 12:00:00+00:00,242.1836,4.6241,38.1176
2019-04-10 13:00:00+00:00,301.4381,5.0489,37.3507
2019-04-10 14:00:00+00:00,1107.3383,7.9538,34.5824
2019-04-10 15:00:00+00:00,828.0420,6.9817,33.4986
2019-04-10 16:00:00+00:00,784.7911,6.8302,32.7556
2019-04-10 17:00:00+00:00,716.7138,6.5794,30.2367
2019-04-10 18:00:00+00:00,234.1946,4.6988,30.6536
2019-04-10 19:00:00+00:00,84.7003,3.5411,30.3099
2019-04-10 20:00:00+00:00,236.5800,4.8593,30.0571
2019-04-10 21:00:00+00:00,399.1250,5.5199,29.3768
2019-04-10 22:00:00+00:00,197.7230,4.4779,28.8180
2019-04-10 23:00:00+00:00,252.9751,4.7460,28.5721
2019-04-11 00:00:00+00:00,476.7071,5.8567,27.7650
2019-04-11 01:00:00+00:00,185.9696,4.2750,28.1879
2019-04-11 02:00:00+00:00,113.6081,3.8028,29.8503
2019-04-11 03:00:00+00:00,31.2477,3.0471,32.9035
2019-04-11 04:00:00+00:00,-5.5053,2.4540,34.9444
2019-04-11 05:00:00+00:00,-7.2418,2.5446,36.6409
2019-04-11 06:00:00+00:00,-6.7282,2.4313,38.5487
2019-04-11 07:00:00+00:00,-5.0701,2.1950,40.2674
2019-04-11 08:00:00+00:00,17.8856,2.5454,40.9227
2019-04-11 09:00:00+00:00,6.7373,2.6937,40.7851
2019-04-11 10:00:00+00:00,69.3881,3.7830,39.7369
2019-04-11 11:00:00+00:00,449.8928,5.4595,39.6262
2019-04-11 12:00:00+00:00,811.5209,8.3115,37.3195
2019-04-11 13:00:00+00:00,1469.5830,11.4491,32.9969
2019-04-11 14:00:00+00:00,1542.1235,8.8322,34.9744
2019-04-11 15:00:00+00:00,217.1809,4.6412,37.1029
2019-04-11 16:00:00+00:00,13.6012,2.8815,35.2413
2019-04-11 17:00:00+00:00,145.5457,4.1087,34.1648
2019-04-11 18:00:00+00:00,312.3216,5.2590,33.0955
2019-04-11 19:00:00+00:00,315.9848,5.2376,32.7874
2019-04-11 20:00:00+00:00,70.8857,3.6834,32.0938
2019-04-11 21:00:00+00:00,84.4771,3.5951,32.3331
2019-04-11 22:00:00+00:00,119.4052,4.1975,31.8886
2019-04-11 23:00:00+00:00,67.0755,3.7108,31.2740
2019-04-12 00:00:00+00:00,4.0014,2.7701,31.2937
2019-04-12 01:00:00+00:00,-5.5349,1.9380,32.2305
2019-04-12 02:00:00+00:00,-7.2280,2.9003,32.6545
2019-04-12 03:00:00+00:00,25.3386,3.2402,34.1228
2019-04-12 04:00:00+00:00,-2.8887,2.8810,35.9467
2019-04-12 05:00:00+00:00,-1.5107,2.7974,37.4435
2019-04-12 06:00:00+00:00,-6.1751,2.5110,39.1966
2019-04-12 07:00:00+00:00,-6.3335,2.6913,40.0527
2019-04-12 08:00:00+00:00,15.7954,3.0345,39.7820
2019-04-12 09:00:00+00:00,124.8938,3.9142,39.7391
2019-04-12 10:00:00+00:00,118.4335,3.8552,39.8195
2019-04-12 11:00:00+00:00,306.8265,4.9031,39.3352
2019-04-12 12:00:00+00:00,279.3593,4.7618,38.5700
2019-04-12 13:00:00+00:00,656.9424,6.4252,37.7396
2019-04-12 14:00:00+00:00,662.6101,6.5120,36.3781
2019-04-12 15:00:00+00:00,830.1296,7.0012,34.4652
2019-04-12 16:00:00+00:00,588.3954,6.4540,33.3540
2019-04-12 17:00:00+00:00,545.6226,6.1872,32.5460
2019-04-12 18:00:00+00:00,509.2771,6.1578,31.7312
2019-04-12 19:00:00+00:00,586.7011,6.4647,31.0538
2019-04-12 20:00:00+00:00,430.6943,5.8532,30.4837
2019-04-12 21:00:00+00:00,21.8201,5.0588,29.6491
2019-04-12 22:00:00+00:00,-4.7988,5.0991,29.8710
2019-04-12 23:00:00+00:00,1038.6808,7.9277,28.7282
2019-04-13 00:00:00+00:00,680.6345,6.5942,27.6495
2019-04-13 01:00:00+00:00,293.4435,4.9985,27.6088
2019-04-13 02:00:00+00:00,-1.0197,2.9435,29.1915
2019-04-13 03:00:00+00:00,2.5722,2.6895,30.9972
2019-04-13 04:00:00+00:00,-5.7766,2.2636,33.8233
2019-04-13 05:00:00+00:00,-5.6230,2.1582,36.5270
2019-04-13 06:00:00+00:00,-5.9003,2.3538,38.3237
2019-04-13 07:00:00+00:00,-6.3818,2.5296,39.4307
2019-04-13 08:00:00+00:00,10.6263,3.0758,39.5628
2019-04-13 09:00:00+00:00,28.3912,3.1057,39.6880
2019-04-13 10:00:00+00:00,62.0112,3.5754,39.3395
2019-04-13 11:00:00+00:00,190.7366,4.3863,38.8848
2019-04-13 12:00:00+00:00,96.1839,3.5520,38.2252
2019-04-13 13:00:00+00:00,286.8127,5.0210,37.2496
2019-04-13 14:00:00+00:00,537.6251,6.0666,36.5662
2019-04-13 15:00:00+00:00,731.0440,6.7953,35.4621
2019-04-13 16:00:00+00:00,496.9345,6.0513,34.1943
2019-04-13 17:00:00+00:00,367.6924,5.5800,33.5763
2019-04-13 18:00:00+00:00,340.0375,5.4713,32.1676
2019-04-13 19:00:00+00:00,149.7099,4.3629,31.4996
2019-04-13 20:00:00+00:00,234.0827,4.8347,32.0381
2019-04-13 21:00:00+00:00,205.1229,4.6780,31.6390
2019-04-13 22:00:00+00:00,77.1800,3.7520,31.1551
2019-04-13 23:00:00+00:00,48.8021,3.3179,30.7466
2019-04-14 00:00:00+00:00,6.3606,2.8064,31.4670
2019-04-14 01:00:00+00:00,-5.8935,2.2883,32.4332
2019-04-14 02:00:00+00:00,-5.3696,2.1145,33.9433
2019-04-14 03:00:00+00:00,-5.3091,2.4955,35.6774
2019-04-14 04:00:00+00:00,-3.2049,2.8131,36.9475
2019-04-14 05:00:00+00:00,29.3659,3.3360,37.9006
2019-04-14 06:00:00+00:00,50.6962,3.5620,38.9236
2019-04-14 07:00:00+00:00,209.6521,4.3656,39.2179
2019-04-14 08:00:00+00:00,22.9103,3.1466,40.1236
2019-04-14 09:00:00+00:00,91.3877,3.8976,40.4845
2019-04-14 10:00:00+00:00,204.4103,4.3854,40.2113
2019-04-14 11:00:00+00:00,423.4844,5.3884,39.6439
2019-04-14 12:00:00+00:00,626.7549,6.3023,38.8818
2019-04-14 13:00:00+00:00,498.1185,5.9384,38.0656
2019-04-14 14:00:00+00:00,1518.5462,8.7079,36.9484
2019-04-14 15:00:00+00:00,1230.7872,8.0324,36.1921
2019-04-14 16:00:00+00:00,964.7056,7.6159,35.5676
2019-04-14 17:00:00+00:00,574.8276,6.3157,34.7962
2019-04-14 18:00:00+00:00,455.8422,5.7407,33.9141
2019-04-14 19:00:00+00:00,325.3431,5.4472,32.9660
2019-04-14 20:00:00+00:00,411.0342,5.9649,32.2580
2019-04-14 21:00:00+00:00,527.9270,6.2399,31.7752
2019-04-14 22:00:00+00:00,154.2247,4.2296,31.0959
2019-04-14 23:00:00+00:00,10.9474,2.9831,30.8556
2019-04-15 00:00:00+00:00,119.1108,4.0625,30.9989
2019-04-15 01:00:00+00:00,5.3288,2.9488,31.4017
2019-04-15 02:00:00+00:00,16.1743,2.9274,32.8804
2019-04-15 03:00:00+00:00,62.3580,3.4799,34.5221
2019-04-15 04:00:00+00:00,93.6011,3.6432,36.0625
2019-04-15 05:00:00+00:00,37.2491,3.0783,37.6364
2019-04-15 06:00:00+00:00,28.6562,3.2894,38.6993
2019-04-15 07:00:00+00:00,18.0457,3.3525,39.4903
2019-04-15 08:00:00+00:00,97.4062,3.8806,39.5679
2019-04-15 09:00:00+00:00,59.6594,3.2093,40.2525
2019-04-15 10:00:00+00:00,89.8971,3.8122,40.0926
2019-04-15 11:00:00+00:00,87.7043,3.3225,39.9192
2019-04-15 12:00:00+00:00,95.2008,3.7309,38.9916
2019-04-15 13:00:00+00:00,741.2269,6.4607,37.8319
2019-04-15 14:00:00+00:00,1698.9982,9.1588,36.5663
2019-04-15 15:00:00+00:00,1684.1508,8.9979,35.6316
2019-04-15 16:00:00+00:00,1038.0149,7.7127,35.1511
2019-04-15 17:00:00+00:00,1541.5872,8.3870,34.4611
2019-04-15 18:00:00+00:00,1249.0702,8.1707,33.6189
2019-04-15 19:00:00+00:00,930.8803,7.5067,32.5485
2019-04-15 20:00:00+00:00,568.7690,6.5087,31.7719
2019-04-15 21:00:00+00:00,324.6026,5.1177,30.9914
2019-04-15 22:00:00+00:00,-5.5900,2.7794,31.1134
2019-04-15 23:00:00+00:00,-4.4456,2.7480,30.9597
2019-04-16 00:00:00+00:00,1.2342,3.0390,30.5347
2019-04-16 01:00:00+00:00,-3.8225,2.6928,31.8282
2019-04-16 02:00:00+00:00,-5.3269,1.9661,33.1753
2019-04-16 03:00:00+00:00,-5.3801,2.1081,34.6228
2019-04-16 04:00:00+00:00,39.4741,3.4266,34.8116
2019-04-16 05:00:00+00:00,66.2120,3.5956,35.7598
2019-04-16 06:00:00+00:00,116.8672,3.8198,36.9889
2019-04-16 07:00:00+00:00,51.3930,3.3272,38.0426
2019-04-16 08:00:00+00:00,91.4195,3.7781,38.3868
2019-04-16 09:00:00+00:00,20.3572,3.1230,39.2939
2019-04-16 10:00:00+00:00,29.8493,2.9513,39.3125
2019-04-16 11:00:00+00:00,-5.7087,1.6413,39.5313
2019-04-16 12:00:00+00:00,116.6095,3.5329,38.5274
2019-04-16 13:00:00+00:00,217.9673,4.7036,37.4367
2019-04-16 14:00:00+00:00,591.8289,5.8488,36.6628
2019-04-16 15:00:00+00:00,1715.7294,9.8248,33.6696
2019-04-16 16:00:00+00:00,1554.7375,8.6867,32.5505
2019-04-16 17:00:00+00:00,833.1092,6.9331,32.1024
2019-04-16 18:00:00+00:00,1452.1849,8.6261,32.0304
2019-04-16 19:00:00+00:00,1717.1696,10.4629,31.7739
2019-04-16 20:00:00+00:00,757.8561,6.3142,31.3316
2019-04-16 21:00:00+00:00,-4.4387,2.9585,31.2187
2019-04-16 22:00:00+00:00,322.2007,5.3092,31.3085
2019-04-16 23:00:00+00:00,261.4858,5.0237,30.8802
2019-04-17 00:00:00+00:00,64.7231,3.6733,30.4033
2019-04-17 01:00:00+00:00,56.3335,3.4830,31.1489
2019-04-17 02:00:00+00:00,37.4285,3.3732,32.2453
2019-04-17 03:00:00+00:00,275.7783,4.7004,33.1893
2019-04-17 04:00:00+00:00,448.0681,5.5428,34.0055
2019-04-17 05:00:00+00:00,111.0557,4.2761,35.6594
2019-04-17 06:00:00+00:00,0.0000,3.0080,36.9388
2019-04-17 07:00:00+00:00,0.0000,2.7513,37.1030
2019-04-17 08:00:00+00:00,0.0000,2.7513,37.1030
2019-04-17 09:00:00+00:00,0.0000,2.7513,37.1030
2019-04-17 10:00:00+00:00,0.0000,2.7513,37.1030
2019-04-17 11:00:00+00:00,0.0000,2.7513,37.1030
2019-04-17 12:00:00+00:00,-1.1716,3.1295,36.7015
2019-04-17 13:00:00+00:00,972.4614,8.7372,33.7243
2019-04-17 14:00:00+00:00,1255.5318,9.1631,31.9044
2019-04-17 15:00:00+00:00,1455.8338,8.7296,31.6912
2019-04-17 16:00:00+00:00,845.8130,8.2003,31.5626
2019-04-17 17:00:00+00:00,196.3405,5.2188,30.6615
2019-04-17 18:00:00+00:00,160.3718,4.0345,30.1557
2019-04-17 19:00:00+00:00,186.6237,4.1672,29.7461
2019-04-17 20:00:00+00:00,-6.2192,1.6451,30.0461
2019-04-17 21:00:00+00:00,6.9433,3.2073,30.1050
2019-04-17 22:00:00+00:00,17.7427,2.8748,29.8028
2019-04-17 23:00:00+00:00,-5.6638,1.9406,28.9148
2019-04-18 00:00:00+00:00,-5.6305,2.9165,29.4224
2019-04-18 01:00:00+00:00,-5.6656,2.2706,30.5818
2019-04-18 02:00:00+00:00,-5.3059,1.8964,32.8104
2019-04-18 03:00:00+00:00,-5.6023,2.3306,34.3097
2019-04-18 04:00:00+00:00,1.4802,3.0521,34.9829
2019-04-18 05:00:00+00:00,-7.4888,2.5997,36.2253
2019-04-18 06:00:00+00:00,-5.1216,2.3054,38.0593
2019-04-18 07:00:00+00:00,-6.3457,2.2976,38.8173
2019-04-18 08:00:00+00:00,-3.3561,2.4919,39.8931
2019-04-18 09:00:00+00:00,-3.7839,3.0136,38.7758
2019-04-18 10:00:00+00:00,-1.1904,2.7427,38.8863
2019-04-18 11:00:00+00:00,0.1115,2.9378,38.5833
2019-04-18 12:00:00+00:00,105.8526,3.3313,38.0151
2019-04-18 13:00:00+00:00,1559.1093,8.8827,35.1592
2019-04-18 14:00:00+00:00,1669.8297,10.2260,32.0276
2019-04-18 15:00:00+00:00,1682.0861,9.1502,31.8013
2019-04-18 16:00:00+00:00,1508.7744,9.1107,30.3198
2019-04-18 17:00:00+00:00,1031.4757,7.6403,29.4270
2019-04-18 18:00:00+00:00,357.1461,5.3669,29.6641
2019-04-18 19:00:00+00:00,-5.4544,2.1515,30.1182
2019-04-18 20:00:00+00:00,267.4756,4.6766,29.4757
2019-04-18 21:00:00+00:00,258.4945,4.4922,27.8960
2019-04-18 22:00:00+00:00,159.4935,4.2278,27.7832
2019-04-18 23:00:00+00:00,310.9941,5.2108,27.3948
2019-04-19 00:00:00+00:00,237.1043,4.4544,26.8437
2019-04-19 01:00:00+00:00,-5.5795,2.3507,28.2945
2019-04-19 02:00:00+00:00,-5.0358,1.6982,31.0686
2019-04-19 03:00:00+00:00,-5.6085,2.8096,32.8281
2019-04-19 04:00:00+00:00,-1.1761,2.8258,34.5204
2019-04-19 05:00:00+00:00,-7.4708,2.7612,35.3682
2019-04-19 06:00:00+00:00,3.5271,2.6944,37.1976
2019-04-19 07:00:00+00:00,-7.5986,3.0176,37.5559
2019-04-19 08:00:00+00:00,1.4209,2.8589,38.7356
2019-04-19 09:00:00+00:00,-1.9726,2.9593,37.8451
2019-04-19 10:00:00+00:00,-6.3053,2.3185,38.8081
2019-04-19 11:00:00+00:00,44.8777,3.3953,38.1498
2019-04-19 12:00:00+00:00,148.8998,4.0658,37.3130
2019-04-19 13:00:00+00:00,542.0581,6.0987,36.3834
2019-04-19 14:00:00+00:00,1212.9093,7.7535,35.3633
2019-04-19 15:00:00+00:00,1686.8541,9.4586,33.1896
2019-04-19 16:00:00+00:00,1511.5910,8.7766,32.2062
2019-04-19 17:00:00+00:00,902.0569,7.2956,31.6104
2019-04-19 18:00:00+00:00,878.7130,6.8540,31.0936
2019-04-19 19:00:00+00:00,821.2042,6.9803,30.2017
2019-04-19 20:00:00+00:00,542.5315,6.1446,29.5266
2019-04-19 21:00:00+00:00,62.3863,3.7023,29.6572
2019-04-19 22:00:00+00:00,308.3474,5.2422,29.8152
2019-04-19 23:00:00+00:00,226.6371,4.3275,29.6610
2019-04-20 00:00:00+00:00,1.5823,2.8524,29.7983
2019-04-20 01:00:00+00:00,-0.7020,2.4187,30.5407
2019-04-20 02:00:00+00:00,5.9677,3.1250,32.0076
2019-04-20 03:00:00+00:00,11.5766,3.1471,33.5643
2019-04-20 04:00:00+00:00,78.6946,3.7682,34.5665
2019-04-20 05:00:00+00:00,50.2504,3.4895,35.8666
2019-04-20 06:00:00+00:00,59.7991,3.4619,37.0062
2019-04-20 07:00:00+00:00,22.0713,2.9586,38.2204
2019-04-20 08:00:00+00:00,-6.1613,2.9578,39.1340
2019-04-20 09:00:00+00:00,13.9630,2.7879,39.8129
2019-04-20 10:00:00+00:00,-0.7810,2.9119,39.6852
2019-04-20 11:00:00+00:00,-5.7467,2.2214,39.8230
2019-04-20 12:00:00+00:00,1278.8471,8.8413,35.0540
2019-04-20 13:00:00+00:00,1683.2355,9.7430,30.5506
2019-04-20 14:00:00+00:00,1719.3094,10.4295,28.7474
2019-04-20 15:00:00+00:00,1719.0222,10.3889,29.3261
2019-04-20 16:00:00+00:00,1052.1494,7.5432,30.1138
2019-04-20 17:00:00+00:00,394.3646,5.4928,29.3855
2019-04-20 18:00:00+00:00,996.7110,7.3344,29.4314
2019-04-20 19:00:00+00:00,6.6236,3.0806,28.3636
2019-04-20 20:00:00+00:00,19.1662,3.0837,27.9946
2019-04-20 21:00:00+00:00,146.1990,4.3702,28.6355
2019-04-20 22:00:00+00:00,129.6924,4.1348,28.9312
2019-04-20 23:00:00+00:00,271.9971,5.3011,28.9297
2019-04-21 00:00:00+00:00,1.2940,2.6297,28.7772
2019-04-21 01:00:00+00:00,-5.5963,2.6361,29.3776
2019-04-21 02:00:00+00:00,-5.5400,2.3637,31.0657
2019-04-21 03:00:00+00:00,-5.9997,2.4060,33.2340
2019-04-21 04:00:00+00:00,5.5887,3.0343,34.5522
2019-04-21 05:00:00+00:00,-3.6249,2.9201,35.8891
2019-04-21 06:00:00+00:00,21.4343,3.2986,36.7975
2019-04-21 07:00:00+00:00,70.3618,3.6512,37.4970
2019-04-21 08:00:00+00:00,21.1611,3.2947,38.5097
2019-04-21 09:00:00+00:00,-5.9645,2.4439,39.6123
2019-04-21 10:00:00+00:00,-6.3033,2.5662,40.2099
2019-04-21 11:00:00+00:00,94.0548,3.6667,38.6710
2019-04-21 12:00:00+00:00,94.9894,3.6985,37.5784
2019-04-21 13:00:00+00:00,173.9165,4.2399,37.1740
2019-04-21 14:00:00+00:00,638.8643,6.3222,36.3858
2019-04-21 15:00:00+00:00,712.2193,6.4778,34.9168
2019-04-21 16:00:00+00:00,417.7193,5.3933,33.4995
2019-04-21 17:00:00+00:00,498.5825,5.9985,32.5141
2019-04-21 18:00:00+00:00,688.1450,6.7944,31.8388
2019-04-21 19:00:00+00:00,506.8503,6.0257,31.1512
2019-04-21 20:00:00+00:00,121.3675,3.6466,30.4186
2019-04-21 21:00:00+00:00,90.2167,3.7569,30.7608
2019-04-21 22:00:00+00:00,143.0971,4.0916,30.2156
2019-04-21 23:00:00+00:00,-5.3104,2.4497,30.0843
2019-04-22 00:00:00+00:00,-5.5707,2.1596,30.2161
2019-04-22 01:00:00+00:00,5.0516,2.6986,31.1369
2019-04-22 02:00:00+00:00,32.8169,3.1372,31.7481
2019-04-22 03:00:00+00:00,4.9156,3.0297,33.6543
2019-04-22 04:00:00+00:00,-6.3553,2.2446,35.5467
2019-04-22 05:00:00+00:00,-5.4688,2.3513,36.7298
2019-04-22 06:00:00+00:00,14.4002,2.9747,37.3565
2019-04-22 07:00:00+00:00,2.9776,2.8971,37.4319
2019-04-22 08:00:00+00:00,65.3464,3.8182,37.5751
2019-04-22 09:00:00+00:00,100.9624,3.7856,38.4618
2019-04-22 10:00:00+00:00,323.1095,4.7110,38.1033
2019-04-22 11:00:00+00:00,725.7999,6.7849,35.9218
2019-04-22 12:00:00+00:00,551.4969,9.9880,29.4709
2019-04-22 13:00:00+00:00,-2.0031,9.5536,28.7117
2019-04-22 14:00:00+00:00,783.3519,7.0193,28.4800
2019-04-22 15:00:00+00:00,-1.4089,10.7659,28.3348
2019-04-22 16:00:00+00:00,-4.5707,7.3667,26.8251
2019-04-22 17:00:00+00:00,-4.2988,3.7009,27.2275
2019-04-22 18:00:00+00:00,-4.7612,2.1035,27.9346
2019-04-22 19:00:00+00:00,-4.7962,2.2779,28.1336
2019-04-22 20:00:00+00:00,-5.2464,2.0781,28.4380
2019-04-22 21:00:00+00:00,-5.1394,1.5221,28.3281
2019-04-22 22:00:00+00:00,-5.0120,1.8413,27.4153
2019-04-22 23:00:00+00:00,-4.2486,1.9268,27.5770
2019-04-23 00:00:00+00:00,-4.5428,1.6034,27.5150
2019-04-23 01:00:00+00:00,-4.7200,1.1760,28.3800
2019-04-23 02:00:00+00:00,-4.1789,1.3250,30.3156
2019-04-23 03:00:00+00:00,-4.3835,1.8070,31.4525
2019-04-23 04:00:00+00:00,-4.4722,1.9253,33.3424
2019-04-23 05:00:00+00:00,-1.7375,2.3157,34.7243
2019-04-23 06:00:00+00:00,0.0000,2.6379,34.9862
2019-04-23 07:00:00+00:00,0.0000,2.7513,34.8891
2019-04-23 08:00:00+00:00,30.3736,3.0021,37.0331
2019-04-23 09:00:00+00:00,116.9036,3.9380,37.9387
2019-04-23 10:00:00+00:00,353.6162,4.9638,37.6896
2019-04-23 11:00:00+00:00,411.4795,5.4845,37.6671
2019-04-23 12:00:00+00:00,719.6079,6.4369,36.8875
2019-04-23 13:00:00+00:00,789.0453,6.6302,35.6000
2019-04-23 14:00:00+00:00,876.2209,7.1202,34.6221
2019-04-23 15:00:00+00:00,789.6391,6.9669,33.8546
2019-04-23 16:00:00+00:00,1027.6859,7.7266,32.4101
2019-04-23 17:00:00+00:00,1456.7996,8.2596,31.2278
2019-04-23 18:00:00+00:00,543.8452,6.0232,30.4048
2019-04-23 19:00:00+00:00,320.9941,5.3284,29.1842
2019-04-23 20:00:00+00:00,374.1615,5.4480,28.0888
2019-04-23 21:00:00+00:00,375.6024,5.5502,27.4918
2019-04-23 22:00:00+00:00,222.5176,4.6837,27.1173
2019-04-23 23:00:00+00:00,46.5485,3.4899,27.0192
2019-04-24 00:00:00+00:00,98.3360,4.0492,26.7681
2019-04-24 01:00:00+00:00,7.1064,2.7969,27.1945
2019-04-24 02:00:00+00:00,-5.4659,2.3812,29.4115
2019-04-24 03:00:00+00:00,-5.4243,2.3376,31.6100
2019-04-24 04:00:00+00:00,26.9810,3.1448,33.2130
2019-04-24 05:00:00+00:00,101.0965,3.8461,34.5154
2019-04-24 06:00:00+00:00,152.2974,3.9368,35.8858
2019-04-24 07:00:00+00:00,128.1323,3.9486,37.0397
2019-04-24 08:00:00+00:00,203.6126,4.1351,37.7134
2019-04-24 09:00:00+00:00,624.2472,6.1888,38.2416
2019-04-24 10:00:00+00:00,674.0021,6.2540,38.1038
2019-04-24 11:00:00+00:00,729.2418,6.3418,37.9320
2019-04-24 12:00:00+00:00,849.1694,6.8279,37.4301
2019-04-24 13:00:00+00:00,849.8897,6.6978,36.2592
2019-04-24 14:00:00+00:00,836.3350,6.8641,35.4524
2019-04-24 15:00:00+00:00,743.7292,6.6893,34.8161
2019-04-24 16:00:00+00:00,511.2709,6.1249,34.1170
2019-04-24 17:00:00+00:00,644.6042,6.7206,33.5312
2019-04-24 18:00:00+00:00,395.2614,5.7520,33.0709
2019-04-24 19:00:00+00:00,249.8667,4.9136,31.5605
2019-04-24 20:00:00+00:00,437.6067,5.7936,30.0337
2019-04-24 21:00:00+00:00,726.4292,6.5834,29.3224
2019-04-24 22:00:00+00:00,445.4351,5.8739,29.2331
2019-04-24 23:00:00+00:00,299.7560,5.3448,29.4019
2019-04-25 00:00:00+00:00,147.6518,4.3237,29.2675
2019-04-25 01:00:00+00:00,16.1382,2.8554,30.0604
2019-04-25 02:00:00+00:00,-5.5667,2.7383,31.5665
2019-04-25 03:00:00+00:00,10.9207,3.0236,33.0142
2019-04-25 04:00:00+00:00,-3.3536,2.9389,34.9608
2019-04-25 05:00:00+00:00,81.1635,3.5576,36.5276
2019-04-25 06:00:00+00:00,224.5912,4.2706,38.1630
2019-04-25 07:00:00+00:00,508.0869,5.3709,39.0231
2019-04-25 08:00:00+00:00,947.7989,6.8794,39.6377
2019-04-25 09:00:00+00:00,949.5768,6.8206,40.1785
2019-04-25 10:00:00+00:00,995.7112,7.0782,40.0495
2019-04-25 11:00:00+00:00,783.9096,6.5380,39.7138
2019-04-25 12:00:00+00:00,568.4762,6.0131,38.9087
2019-04-25 13:00:00+00:00,524.4827,6.1141,38.0041
2019-04-25 14:00:00+00:00,762.4426,6.7020,36.7069
2019-04-25 15:00:00+00:00,1088.4683,7.4343,35.4727
2019-04-25 16:00:00+00:00,1102.2496,7.5202,34.6506
2019-04-25 17:00:00+00:00,691.8877,6.5981,33.8501
2019-04-25 18:00:00+00:00,461.1495,6.2934,33.2131
2019-04-25 19:00:00+00:00,204.8230,4.7255,32.9653
2019-04-25 20:00:00+00:00,229.0841,4.9497,31.7921
2019-04-25 21:00:00+00:00,59.3572,3.5385,31.2513
2019-04-25 22:00:00+00:00,134.9229,3.9751,31.3368
2019-04-25 23:00:00+00:00,278.2113,4.9656,31.0743
2019-04-26 00:00:00+00:00,350.1542,5.0053,30.5511
2019-04-26 01:00:00+00:00,-2.8350,2.4073,30.9502
2019-04-26 02:00:00+00:00,-2.4466,2.7309,32.2411
2019-04-26 03:00:00+00:00,35.9908,3.2461,33.4580
2019-04-26 04:00:00+00:00,14.0740,3.2907,35.5430
2019-04-26 05:00:00+00:00,-1.9366,2.7519,37.3554
2019-04-26 06:00:00+00:00,-6.2696,2.1654,39.7226
2019-04-26 07:00:00+00:00,-5.9648,2.2693,41.0706
2019-04-26 08:00:00+00:00,-5.9540,2.4007,41.4003
2019-04-26 09:00:00+00:00,-2.6972,2.7651,41.0593
2019-04-26 10:00:00+00:00,271.5235,4.5251,40.6195
2019-04-26 11:00:00+00:00,506.6344,5.6522,39.6040
2019-04-26 12:00:00+00:00,353.7354,5.3657,38.8908
2019-04-26 13:00:00+00:00,192.4155,4.6032,38.3558
2019-04-26 14:00:00+00:00,330.9554,5.1609,37.7897
2019-04-26 15:00:00+00:00,396.6871,5.5102,36.8841
2019-04-26 16:00:00+00:00,608.7248,6.3685,36.0214
2019-04-26 17:00:00+00:00,873.0155,7.1145,33.8567
2019-04-26 18:00:00+00:00,735.1818,6.6234,32.7412
2019-04-26 19:00:00+00:00,627.2278,6.3150,31.9945
2019-04-26 20:00:00+00:00,116.6778,3.6457,31.6175
2019-04-26 21:00:00+00:00,214.6793,4.5883,31.8202
2019-04-26 22:00:00+00:00,169.9852,4.2362,31.3254
2019-04-26 23:00:00+00:00,72.5980,3.5306,30.8615
2019-04-27 00:00:00+00:00,316.0761,5.0044,30.5600
2019-04-27 01:00:00+00:00,234.4398,4.6565,30.7036
2019-04-27 02:00:00+00:00,114.3862,3.7205,31.8635
2019-04-27 03:00:00+00:00,-5.9595,2.8167,34.2892
2019-04-27 04:00:00+00:00,-0.6158,2.6927,35.9621
2019-04-27 05:00:00+00:00,-4.9676,2.4760,37.8540
2019-04-27 06:00:00+00:00,-7.8106,2.3869,39.9180
2019-04-27 07:00:00+00:00,6.9996,3.0613,40.4416
2019-04-27 08:00:00+00:00,87.6469,3.3247,40.6305
2019-04-27 09:00:00+00:00,222.6766,4.5388,40.4820
2019-04-27 10:00:00+00:00,423.5377,5.3141,39.8550
2019-04-27 11:00:00+00:00,356.3050,5.0216,39.8819
2019-04-27 12:00:00+00:00,691.4015,6.4016,39.3264
2019-04-27 13:00:00+00:00,1324.3934,7.9063,38.3044
2019-04-27 14:00:00+00:00,1434.2971,8.2537,37.1785
2019-04-27 15:00:00+00:00,1192.0824,7.7252,36.3421
2019-04-27 16:00:00+00:00,950.4513,7.1456,35.5833
2019-04-27 17:00:00+00:00,417.2552,5.7204,34.2674
2019-04-27 18:00:00+00:00,491.5555,6.0063,32.8481
2019-04-27 19:00:00+00:00,467.5083,5.9375,32.0390
2019-04-27 20:00:00+00:00,353.0689,5.4803,31.6114
2019-04-27 21:00:00+00:00,711.6766,6.4955,31.5982
2019-04-27 22:00:00+00:00,1149.5988,7.9033,31.2539
2019-04-27 23:00:00+00:00,1265.5097,8.1918,31.2426
2019-04-28 00:00:00+00:00,1073.0729,7.8244,31.4146
2019-04-28 01:00:00+00:00,217.3541,4.6454,31.7298
2019-04-28 02:00:00+00:00,-5.5555,2.0644,32.6039
2019-04-28 03:00:00+00:00,-5.7545,1.6439,34.5205
2019-04-28 04:00:00+00:00,-3.2891,2.6371,35.8679
2019-04-28 05:00:00+00:00,-7.6451,2.6196,37.4003
2019-04-28 06:00:00+00:00,-6.4549,2.4141,39.1676
2019-04-28 07:00:00+00:00,-5.9431,2.3877,40.1204
2019-04-28 08:00:00+00:00,8.4125,3.0364,40.4062
2019-04-28 09:00:00+00:00,22.1584,3.0741,40.0783
2019-04-28 10:00:00+00:00,64.2315,3.3159,39.5763
2019-04-28 11:00:00+00:00,44.5066,3.1655,38.9360
2019-04-28 12:00:00+00:00,264.2862,4.8418,38.3201
2019-04-28 13:00:00+00:00,445.6305,5.7117,37.3585
2019-04-28 14:00:00+00:00,648.5838,6.4662,36.7028
2019-04-28 15:00:00+00:00,790.9527,6.9701,35.6285
2019-04-28 16:00:00+00:00,688.5401,6.5119,34.8236
2019-04-28 17:00:00+00:00,321.0792,5.4071,34.3483
2019-04-28 18:00:00+00:00,620.3822,6.1847,33.6762
2019-04-28 19:00:00+00:00,728.3307,6.6939,33.1177
2019-04-28 20:00:00+00:00,479.0484,6.0090,32.5882
2019-04-28 21:00:00+00:00,151.7589,3.6044,32.0342
2019-04-28 22:00:00+00:00,10.1775,3.1161,31.5562
2019-04-28 23:00:00+00:00,59.4514,3.4483,31.6377
2019-04-29 00:00:00+00:00,150.1641,3.6849,31.4370
2019-04-29 01:00:00+00:00,16.9610,2.7771,31.1484
2019-04-29 02:00:00+00:00,-5.1012,1.7974,32.1928
2019-04-29 03:00:00+00:00,-5.4290,2.4251,33.3363
2019-04-29 04:00:00+00:00,32.0201,3.4900,33.7857
2019-04-29 05:00:00+00:00,155.0503,4.1299,34.5056
2019-04-29 06:00:00+00:00,88.4924,3.6730,35.4772
2019-04-29 07:00:00+00:00,16.1401,3.2995,36.8061
2019-04-29 08:00:00+00:00,52.5278,3.2566,37.8327
2019-04-29 09:00:00+00:00,-5.9335,2.7386,38.8418
2019-04-29 10:00:00+00:00,-5.4384,1.9468,39.5341
2019-04-29 11:00:00+00:00,-5.0103,1.7538,39.3341
2019-04-29 12:00:00+00:00,-5.5706,1.3326,39.0114
2019-04-29 13:00:00+00:00,-4.9726,1.2356,38.4655
2019-04-29 14:00:00+00:00,-4.9331,1.5323,37.9975
2019-04-29 15:00:00+00:00,62.0383,3.3821,37.0374
2019-04-29 16:00:00+00:00,398.9906,5.5158,35.9901
2019-04-29 17:00:00+00:00,804.5616,7.0329,35.5446
2019-04-29 18:00:00+00:00,502.0510,5.9895,34.8391
2019-04-29 19:00:00+00:00,644.5274,6.4581,33.0837
2019-04-29 20:00:00+00:00,580.5410,6.4290,31.3841
2019-04-29 21:00:00+00:00,514.5711,6.2832,30.5153
2019-04-29 22:00:00+00:00,344.6480,5.5453,30.0431
2019-04-29 23:00:00+00:00,486.6752,6.1207,29.9619
2019-04-30 00:00:00+00:00,706.8486,6.7422,29.6597
2019-04-30 01:00:00+00:00,619.5426,6.5692,29.6303
2019-04-30 02:00:00+00:00,793.6922,6.5137,30.2896
2019-04-30 03:00:00+00:00,1178.0112,7.3936,31.2989
2019-04-30 04:00:00+00:00,724.2602,6.3370,32.6122
2019-04-30 05:00:00+00:00,326.6598,5.2702,34.0881
2019-04-30 06:00:00+00:00,-5.5519,4.8185,35.8480
2019-04-30 07:00:00+00:00,-5.1298,5.1171,37.0269
2019-04-30 08:00:00+00:00,-5.3815,5.4042,37.8603
2019-04-30 09:00:00+00:00,-5.0888,4.8950,38.2521
2019-04-30 10:00:00+00:00,-5.2819,4.3330,38.3857
2019-04-30 11:00:00+00:00,35.8138,3.0781,37.5383
2019-04-30 12:00:00+00:00,160.8072,4.1603,37.6972
2019-04-30 13:00:00+00:00,30.1449,2.8955,37.5609
2019-04-30 14:00:00+00:00,178.2559,4.1987,35.3648
2019-04-30 15:00:00+00:00,1519.0501,11.0514,29.3837
2019-04-30 16:00:00+00:00,933.3934,7.2716,30.0523
2019-04-30 17:00:00+00:00,1646.2873,9.0434,26.6651
2019-04-30 18:00:00+00:00,1194.2654,7.6362,26.0173
2019-04-30 19:00:00+00:00,1529.8703,9.0411,26.4473
2019-04-30 20:00:00+00:00,1213.4820,7.9778,26.2961
2019-04-30 21:00:00+00:00,1375.5955,8.3676,26.0209
2019-04-30 22:00:00+00:00,1099.3404,7.5349,25.7075
2019-04-30 23:00:00+00:00,1355.5576,8.6175,25.6949
2019-05-01 00:00:00+00:00,507.6816,6.2471,26.1627
2019-05-01 01:00:00+00:00,121.6610,5.6120,26.4441
2019-05-01 02:00:00+00:00,637.2309,6.1638,27.2728
2019-05-01 03:00:00+00:00,438.9221,5.5404,28.1567
2019-05-01 04:00:00+00:00,517.1925,5.7787,28.9542
2019-05-01 05:00:00+00:00,685.3770,6.3080,30.4307
2019-05-01 06:00:00+00:00,1053.9555,7.0860,31.9966
2019-05-01 07:00:00+00:00,1295.7123,7.8309,33.3542
2019-05-01 08:00:00+00:00,1005.1849,7.0201,34.0982
2019-05-01 09:00:00+00:00,475.0888,5.4934,34.8463
2019-05-01 10:00:00+00:00,803.2431,6.5557,35.7198
2019-05-01 11:00:00+00:00,433.9587,5.5041,36.0031
2019-05-01 12:00:00+00:00,9.5136,2.8543,36.0757
2019-05-01 13:00:00+00:00,179.0295,4.1049,35.9810
2019-05-01 14:00:00+00:00,410.9655,5.3313,35.8488
2019-05-01 15:00:00+00:00,160.0848,3.5944,35.5899
2019-05-01 16:00:00+00:00,706.9928,6.4727,34.4208
2019-05-01 17:00:00+00:00,1667.7426,9.5138,32.7955
2019-05-01 18:00:00+00:00,1722.7483,10.7547,31.3178
2019-05-01 19:00:00+00:00,1721.7553,11.0131,30.2144
2019-05-01 20:00:00+00:00,1718.9883,10.4953,29.5186
2019-05-01 21:00:00+00:00,1581.9857,8.9892,28.9730
2019-05-01 22:00:00+00:00,1704.8445,9.2834,28.4704
2019-05-01 23:00:00+00:00,1698.6141,9.8786,27.3473
2019-05-02 00:00:00+00:00,1417.8602,8.3150,27.6565
2019-05-02 01:00:00+00:00,1632.9243,8.8232,27.6049
2019-05-02 02:00:00+00:00,1713.2665,9.3863,28.5759
2019-05-02 03:00:00+00:00,1719.6714,10.4200,29.7005
2019-05-02 04:00:00+00:00,1715.1868,10.5622,30.8919
2019-05-02 05:00:00+00:00,1707.7933,9.6118,32.4276
2019-05-02 06:00:00+00:00,1662.4155,9.3684,33.7608
2019-05-02 07:00:00+00:00,1566.7304,8.6761,34.7356
2019-05-02 08:00:00+00:00,1494.9417,8.4251,35.6725
2019-05-02 09:00:00+00:00,1377.8576,7.9124,36.0373
2019-05-02 10:00:00+00:00,1482.7465,8.2759,36.5626
2019-05-02 11:00:00+00:00,1551.7570,8.4508,36.7632
2019-05-02 12:00:00+00:00,1221.9902,7.7568,36.3576
2019-05-02 13:00:00+00:00,778.3118,6.9220,36.0030
2019-05-02 14:00:00+00:00,861.7157,7.2301,36.0497
2019-05-02 15:00:00+00:00,1610.4953,9.4277,35.4286
2019-05-02 16:00:00+00:00,1721.8415,10.0130,33.9243
2019-05-02 17:00:00+00:00,1719.8400,9.6521,32.8663
2019-05-02 18:00:00+00:00,1699.9076,8.9918,31.6957
2019-05-02 19:00:00+00:00,1580.3395,8.5013,30.3980
2019-05-02 20:00:00+00:00,1666.2332,8.8280,29.3815
2019-05-02 21:00:00+00:00,1719.1775,10.9656,28.6046
2019-05-02 22:00:00+00:00,1722.2364,11.3834,27.8473
2019-05-02 23:00:00+00:00,1717.6208,10.7543,27.0370
2019-05-03 00:00:00+00:00,1719.3497,10.6097,26.4305
2019-05-03 01:00:00+00:00,1637.2171,9.1697,26.4979
2019-05-03 02:00:00+00:00,1718.1801,11.4972,27.0386
2019-05-03 03:00:00+00:00,1720.1533,10.0727,28.1033
2019-05-03 04:00:00+00:00,1664.0918,9.3716,29.6499
2019-05-03 05:00:00+00:00,1565.6676,8.6985,31.4066
2019-05-03 06:00:00+00:00,1407.6175,8.0348,33.0199
2019-05-03 07:00:00+00:00,1039.5679,7.0573,34.5564
2019-05-03 08:00:00+00:00,778.9037,6.4631,35.9742
2019-05-03 09:00:00+00:00,688.7223,6.1386,36.9118
2019-05-03 10:00:00+00:00,530.1801,5.8544,37.3779
2019-05-03 11:00:00+00:00,459.1257,5.5540,37.5703
2019-05-03 12:00:00+00:00,394.1431,5.4619,37.0309
2019-05-03 13:00:00+00:00,356.3828,5.5380,36.5125
2019-05-03 14:00:00+00:00,484.7608,6.1091,36.2653
2019-05-03 15:00:00+00:00,238.2104,4.6008,36.0563
2019-05-03 16:00:00+00:00,-5.6067,2.6090,35.8060
2019-05-03 17:00:00+00:00,227.5479,4.5673,34.1332
2019-05-03 18:00:00+00:00,377.7451,5.5237,32.8143
2019-05-03 19:00:00+00:00,983.3176,7.3300,31.7993
2019-05-03 20:00:00+00:00,1675.4925,9.0321,30.3590
2019-05-03 21:00:00+00:00,1720.4376,9.7410,29.2057
2019-05-03 22:00:00+00:00,1719.1929,9.6276,28.2705
2019-05-03 23:00:00+00:00,1711.1561,9.5031,27.4326
2019-05-04 00:00:00+00:00,1693.1394,9.5142,26.8474
2019-05-04 01:00:00+00:00,1719.0931,9.6502,26.7519
2019-05-04 02:00:00+00:00,1592.6736,8.6756,27.3961
2019-05-04 03:00:00+00:00,1256.1931,7.7944,28.0612
2019-05-04 04:00:00+00:00,1078.0654,7.2118,29.1888
2019-05-04 05:00:00+00:00,999.2999,7.0856,30.6979
2019-05-04 06:00:00+00:00,833.4236,6.5160,32.1883
2019-05-04 07:00:00+00:00,657.3825,6.0560,33.7983
2019-05-04 08:00:00+00:00,642.2787,5.9151,35.0703
2019-05-04 09:00:00+00:00,404.3967,5.2283,35.7297
2019-05-04 10:00:00+00:00,285.9569,4.6965,36.0228
2019-05-04 11:00:00+00:00,110.4005,3.7807,36.1612
2019-05-04 12:00:00+00:00,211.1194,4.2833,35.9350
2019-05-04 13:00:00+00:00,246.6677,4.7131,35.4425
2019-05-04 14:00:00+00:00,36.6543,3.2826,35.3716
2019-05-04 15:00:00+00:00,-1.4622,2.4159,35.4142
2019-05-04 16:00:00+00:00,-5.3163,2.2884,35.4658
2019-05-04 17:00:00+00:00,-5.4081,2.1575,35.2427
2019-05-04 18:00:00+00:00,-5.7271,2.2792,34.8117
2019-05-04 19:00:00+00:00,114.6740,3.7074,34.4414
2019-05-04 20:00:00+00:00,179.7619,4.0312,33.9432
2019-05-04 21:00:00+00:00,1352.1556,7.8897,31.4273
2019-05-04 22:00:00+00:00,1462.3493,8.5608,29.5649
2019-05-04 23:00:00+00:00,1654.5416,8.7888,28.6906
2019-05-05 00:00:00+00:00,1604.9404,8.4759,27.9818
2019-05-05 01:00:00+00:00,831.9486,6.8857,27.7562
2019-05-05 02:00:00+00:00,776.3741,6.5752,28.6082
2019-05-05 03:00:00+00:00,644.9883,6.1994,30.0281
2019-05-05 04:00:00+00:00,628.1391,6.0708,31.7557
2019-05-05 05:00:00+00:00,660.4754,6.1187,33.4053
2019-05-05 06:00:00+00:00,578.9464,5.8698,35.1294
2019-05-05 07:00:00+00:00,385.7679,5.1233,36.5844
2019-05-05 08:00:00+00:00,151.6496,4.1645,38.1494
2019-05-05 09:00:00+00:00,69.1605,3.4296,39.0068
2019-05-05 10:00:00+00:00,37.0765,3.2141,39.4044
2019-05-05 11:00:00+00:00,47.5379,3.1545,39.5287
2019-05-05 12:00:00+00:00,1.3434,2.4493,39.0352
2019-05-05 13:00:00+00:00,-3.9522,2.6811,38.3284
2019-05-05 14:00:00+00:00,10.6870,2.9130,38.0735
2019-05-05 15:00:00+00:00,-5.1278,1.6427,38.0326
2019-05-05 16:00:00+00:00,-4.9608,1.0516,37.9474
2019-05-05 17:00:00+00:00,-7.2747,2.6146,37.2620
2019-05-05 18:00:00+00:00,326.6890,4.3861,36.1123
2019-05-05 19:00:00+00:00,1495.1146,8.5004,33.9933
2019-05-05 20:00:00+00:00,1127.7062,7.6499,34.1187
2019-05-05 21:00:00+00:00,217.8736,4.4851,33.7635
2019-05-05 22:00:00+00:00,379.0208,5.0129,32.0617
2019-05-05 23:00:00+00:00,1150.1354,7.7361,31.4935
2019-05-06 00:00:00+00:00,1588.5611,8.9510,30.5090
2019-05-06 01:00:00+00:00,971.9225,7.1783,30.5267
2019-05-06 02:00:00+00:00,1394.0822,7.9856,31.6234
2019-05-06 03:00:00+00:00,862.3241,6.6879,33.1844
2019-05-06 04:00:00+00:00,721.0002,6.3469,34.6135
2019-05-06 05:00:00+00:00,703.9926,6.2676,35.9953
2019-05-06 06:00:00+00:00,406.9394,5.1389,37.4503
2019-05-06 07:00:00+00:00,363.1988,5.1266,38.6409
2019-05-06 08:00:00+00:00,136.6715,3.7804,39.7400
2019-05-06 09:00:00+00:00,12.8465,3.0220,40.6349
2019-05-06 10:00:00+00:00,78.5783,3.2887,40.8670
2019-05-06 11:00:00+00:00,-1.5335,2.6741,41.1313
2019-05-06 12:00:00+00:00,55.8918,3.3745,40.1189
2019-05-06 13:00:00+00:00,32.1453,3.1435,39.4526
2019-05-06 14:00:00+00:00,-6.9014,2.2299,39.2485
2019-05-06 15:00:00+00:00,-5.3285,2.1706,38.8527
2019-05-06 16:00:00+00:00,-4.7050,1.3444,38.9043
2019-05-06 17:00:00+00:00,74.5705,2.7203,38.3697
2019-05-06 18:00:00+00:00,478.6208,5.7743,35.7203
2019-05-06 19:00:00+00:00,373.6346,5.3301,35.5063
2019-05-06 20:00:00+00:00,228.0776,4.4540,34.7267
2019-05-06 21:00:00+00:00,729.7272,6.7444,33.5616
2019-05-06 22:00:00+00:00,1423.3853,8.6802,32.4716
2019-05-06 23:00:00+00:00,1718.8611,9.4760,31.1191
2019-05-07 00:00:00+00:00,1715.2619,8.8332,30.2891
2019-05-07 01:00:00+00:00,1567.9038,8.6612,30.3532
2019-05-07 02:00:00+00:00,1722.4641,10.3856,30.7903
2019-05-07 03:00:00+00:00,1713.5901,9.4548,32.0713
2019-05-07 04:00:00+00:00,1682.3659,9.4750,33.7760
2019-05-07 05:00:00+00:00,1592.9473,8.8605,35.6582
2019-05-07 06:00:00+00:00,1191.1669,7.6977,37.2444
2019-05-07 07:00:00+00:00,1129.2411,7.5359,38.5393
2019-05-07 08:00:00+00:00,663.4536,6.1942,39.4703
2019-05-07 09:00:00+00:00,489.8360,5.5227,39.8494
2019-05-07 10:00:00+00:00,378.9645,5.2148,40.0523
2019-05-07 11:00:00+00:00,413.1518,5.3536,39.8369
2019-05-07 12:00:00+00:00,381.1043,5.2822,39.4152
2019-05-07 13:00:00+00:00,268.4931,4.9589,39.1251
2019-05-07 14:00:00+00:00,286.1422,5.1271,38.6610
2019-05-07 15:00:00+00:00,321.4367,5.4095,38.0921
2019-05-07 16:00:00+00:00,521.8317,6.0346,37.4049
2019-05-07 17:00:00+00:00,816.9842,6.5434,35.1516
2019-05-07 18:00:00+00:00,1627.3208,9.5104,33.4761
2019-05-07 19:00:00+00:00,1517.6381,8.8831,32.4955
2019-05-07 20:00:00+00:00,600.9561,5.6712,31.6862
2019-05-07 21:00:00+00:00,1346.7672,8.2681,30.8444
2019-05-07 22:00:00+00:00,1460.1297,8.4186,30.2767
2019-05-07 23:00:00+00:00,1623.9601,8.9899,29.6811
2019-05-08 00:00:00+00:00,1633.9961,8.8654,29.1329
2019-05-08 01:00:00+00:00,1584.3047,8.4589,28.8867
2019-05-08 02:00:00+00:00,1719.4626,10.4617,29.3182
2019-05-08 03:00:00+00:00,1719.4197,11.3688,30.2408
2019-05-08 04:00:00+00:00,1718.7270,10.3396,31.6754
2019-05-08 05:00:00+00:00,1701.1121,10.2978,32.8875
2019-05-08 06:00:00+00:00,1608.7607,9.8074,34.3642
2019-05-08 07:00:00+00:00,1561.9592,9.5624,35.9072
2019-05-08 08:00:00+00:00,1398.4270,9.1132,37.2331
2019-05-08 09:00:00+00:00,1360.4015,8.0655,37.9523
2019-05-08 10:00:00+00:00,1276.0195,7.7785,38.0769
2019-05-08 11:00:00+00:00,925.7322,6.6181,38.0925
2019-05-08 12:00:00+00:00,576.5431,5.3818,36.7146
2019-05-08 13:00:00+00:00,227.8511,4.1517,35.1730
2019-05-08 14:00:00+00:00,45.7878,3.6005,33.6314
2019-05-08 15:00:00+00:00,28.6665,3.2178,32.0898
2019-05-08 16:00:00+00:00,2.1974,2.9329,30.5482
2019-05-08 17:00:00+00:00,21.7792,2.9704,29.0066
2019-05-08 18:00:00+00:00,415.3831,4.0021,27.4650
2019-05-08 19:00:00+00:00,1703.5603,9.4730,32.9576
2019-05-08 20:00:00+00:00,1714.8464,9.4848,31.6167
2019-05-08 21:00:00+00:00,1713.5865,9.2261,30.5302
2019-05-08 22:00:00+00:00,1715.7559,9.4879,29.7143
2019-05-08 23:00:00+00:00,1705.2467,9.5964,29.2769
2019-05-09 00:00:00+00:00,1704.0524,9.0192,28.7096
2019-05-09 01:00:00+00:00,1694.1621,9.4032,28.3756
2019-05-09 02:00:00+00:00,1719.2928,10.0675,28.8475
2019-05-09 03:00:00+00:00,1710.0613,9.5335,29.9159
2019-05-09 04:00:00+00:00,1667.6455,9.3813,31.0404
2019-05-09 05:00:00+00:00,1496.0413,8.3846,33.0691
2019-05-09 06:00:00+00:00,1391.7662,8.1677,34.9673
2019-05-09 07:00:00+00:00,1101.3798,7.2623,36.4067
2019-05-09 08:00:00+00:00,626.8029,6.1657,37.5873
2019-05-09 09:00:00+00:00,683.4729,6.2211,38.1715
2019-05-09 10:00:00+00:00,456.3391,5.4095,38.7752
2019-05-09 11:00:00+00:00,585.5090,6.1387,39.0097
2019-05-09 12:00:00+00:00,345.3514,5.1356,38.8616
2019-05-09 13:00:00+00:00,175.1933,4.4450,38.6524
2019-05-09 14:00:00+00:00,462.3783,5.5585,36.9581
2019-05-09 15:00:00+00:00,622.2910,6.0880,35.3024
2019-05-09 16:00:00+00:00,310.3500,5.0176,35.0011
2019-05-09 17:00:00+00:00,152.3587,4.1230,34.9839
2019-05-09 18:00:00+00:00,603.5155,6.0656,34.1202
2019-05-09 19:00:00+00:00,708.4753,6.2750,33.9121
2019-05-09 20:00:00+00:00,563.5970,5.7643,33.4731
2019-05-09 21:00:00+00:00,456.1292,5.4050,33.0030
2019-05-09 22:00:00+00:00,862.9610,7.0706,31.9068
2019-05-09 23:00:00+00:00,1271.5140,7.8501,30.9474
2019-05-10 00:00:00+00:00,1101.4256,7.5824,30.4340
2019-05-10 01:00:00+00:00,793.8628,6.7107,30.1281
2019-05-10 02:00:00+00:00,1082.1403,7.3786,30.4664
2019-05-10 03:00:00+00:00,804.3228,6.4880,31.6621
2019-05-10 04:00:00+00:00,962.4451,7.0109,33.0987
2019-05-10 05:00:00+00:00,595.0839,5.8537,34.6868
2019-05-10 06:00:00+00:00,501.4292,5.5885,36.2326
2019-05-10 07:00:00+00:00,230.5724,4.5089,37.8352
2019-05-10 08:00:00+00:00,135.9669,3.9630,39.3003
2019-05-10 09:00:00+00:00,110.1544,3.7370,40.1037
2019-05-10 10:00:00+00:00,9.0008,2.9532,40.7545
2019-05-10 11:00:00+00:00,-6.7484,2.4900,40.9504
2019-05-10 12:00:00+00:00,-6.0381,1.9994,40.5061
2019-05-10 13:00:00+00:00,-5.2433,2.0145,39.8709
2019-05-10 14:00:00+00:00,-5.4303,2.3730,39.5550
2019-05-10 15:00:00+00:00,-5.5087,2.3044,39.4282
2019-05-10 16:00:00+00:00,29.3424,3.1428,39.0921
2019-05-10 17:00:00+00:00,134.8222,3.9427,37.5231
2019-05-10 18:00:00+00:00,321.0403,5.1392,36.4125
2019-05-10 19:00:00+00:00,431.7005,5.6554,35.9073
2019-05-10 20:00:00+00:00,210.7832,4.5543,35.3354
2019-05-10 21:00:00+00:00,85.9529,3.5276,34.8530
2019-05-10 22:00:00+00:00,316.4068,4.8190,34.4877
2019-05-10 23:00:00+00:00,727.7436,7.0242,33.7547
2019-05-11 00:00:00+00:00,390.3806,5.7601,32.7834
2019-05-11 01:00:00+00:00,409.5775,5.4959,32.1715
2019-05-11 02:00:00+00:00,702.2163,6.4148,32.2443
2019-05-11 03:00:00+00:00,675.4302,6.4191,33.0977
2019-05-11 04:00:00+00:00,657.0957,6.0741,34.2688
2019-05-11 05:00:00+00:00,437.0089,5.1031,35.6146
2019-05-11 06:00:00+00:00,461.6230,5.0930,35.9016
2019-05-11 07:00:00+00:00,455.1918,5.0702,35.9285
2019-05-11 08:00:00+00:00,448.7605,5.0473,35.9553
2019-05-11 09:00:00+00:00,442.3293,5.0244,35.9822
2019-05-11 10:00:00+00:00,435.8980,5.0016,36.0090
2019-05-11 11:00:00+00:00,429.4668,4.9787,36.0359
2019-05-11 12:00:00+00:00,423.0355,4.9559,36.0627
2019-05-11 13:00:00+00:00,416.6043,4.9330,36.0896
2019-05-11 14:00:00+00:00,410.1731,4.9101,36.1164
2019-05-11 15:00:00+00:00,403.7418,4.8873,36.1433
2019-05-11 16:00:00+00:00,397.3106,4.8644,36.1701
2019-05-11 17:00:00+00:00,390.8793,4.8415,36.1969
2019-05-11 18:00:00+00:00,384.4481,4.8187,36.2238
2019-05-11 19:00:00+00:00,378.0168,4.7958,36.2506
2019-05-11 20:00:00+00:00,371.5856,4.7730,36.2775
2019-05-11 21:00:00+00:00,365.1544,4.7501,36.3043
2019-05-11 22:00:00+00:00,358.7231,4.7272,36.3312
2019-05-11 23:00:00+00:00,352.2919,4.7044,36.3580
2019-05-12 00:00:00+00:00,345.8606,4.6815,36.3849
2019-05-12 01:00:00+00:00,339.4294,4.6587,36.4117
2019-05-12 02:00:00+00:00,332.9981,4.6358,36.4385
2019-05-12 03:00:00+00:00,326.5669,4.6129,36.4654
2019-05-12 04:00:00+00:00,320.1356,4.5901,36.4922
2019-05-12 05:00:00+00:00,313.7044,4.5672,36.5191
2019-05-12 06:00:00+00:00,307.2732,4.5444,36.5459
2019-05-12 07:00:00+00:00,300.8419,4.5215,36.5728
2019-05-12 08:00:00+00:00,294.4107,4.4986,36.5996
2019-05-12 09:00:00+00:00,287.9794,4.4758,36.6265
2019-05-12 10:00:00+00:00,281.5482,4.4529,36.6533
2019-05-12 11:00:00+00:00,275.1169,4.4301,36.6802
2019-05-12 12:00:00+00:00,268.6857,4.4072,36.7070
2019-05-12 13:00:00+00:00,262.2545,4.3843,36.7338
2019-05-12 14:00:00+00:00,255.8232,4.3615,36.7607
2019-05-12 15:00:00+00:00,249.3920,4.3386,36.7875
2019-05-12 16:00:00+00:00,242.9607,4.3157,36.8144
2019-05-12 17:00:00+00:00,236.5295,4.2929,36.8412
2019-05-12 18:00:00+00:00,230.0982,4.2700,36.8681
2019-05-12 19:00:00+00:00,223.6670,4.2472,36.8949
2019-05-12 20:00:00+00:00,217.2357,4.2243,36.9218
2019-05-12 21:00:00+00:00,210.8045,4.2014,36.9486
2019-05-12 22:00:00+00:00,204.3733,4.1786,36.9755
2019-05-12 23:00:00+00:00,197.9420,4.1557,37.0023
2019-05-13 00:00:00+00:00,191.5108,4.1329,37.0291
2019-05-13 01:00:00+00:00,185.0795,4.1100,37.0560
2019-05-13 02:00:00+00:00,178.6483,4.0871,37.0828
2019-05-13 03:00:00+00:00,172.2170,4.0643,37.1097
2019-05-13 04:00:00+00:00,165.7858,4.0414,37.1365
2019-05-13 05:00:00+00:00,159.3546,4.0186,37.1634
2019-05-13 06:00:00+00:00,152.9233,3.9957,37.1902
2019-05-13 07:00:00+00:00,153.2458,4.0346,37.3556
2019-05-13 08:00:00+00:00,489.3459,5.5529,37.8673
2019-05-13 09:00:00+00:00,208.4510,4.4997,38.7001
2019-05-13 10:00:00+00:00,129.8179,3.9528,38.5461
2019-05-13 11:00:00+00:00,-1.7099,3.3175,38.5241
2019-05-13 12:00:00+00:00,1419.3497,9.0413,32.9022
2019-05-13 13:00:00+00:00,1374.4617,7.6704,33.7978
2019-05-13 14:00:00+00:00,1392.5613,9.0631,32.6652
2019-05-13 15:00:00+00:00,1635.3358,8.9313,31.8061
2019-05-13 16:00:00+00:00,1394.8400,8.2930,31.7058
2019-05-13 17:00:00+00:00,1065.1778,7.4605,31.6153
2019-05-13 18:00:00+00:00,281.5577,4.4914,31.2401
2019-05-13 19:00:00+00:00,538.9434,6.2216,30.8486
2019-05-13 20:00:00+00:00,1185.7261,7.8703,30.6066
2019-05-13 21:00:00+00:00,782.0054,7.0460,30.3723
2019-05-13 22:00:00+00:00,66.3773,2.8097,30.3983
2019-05-13 23:00:00+00:00,-5.5342,2.4629,30.6954
2019-05-14 00:00:00+00:00,66.9061,3.4320,30.3994
2019-05-14 01:00:00+00:00,763.1886,6.6536,30.2192
2019-05-14 02:00:00+00:00,1188.8430,7.5926,30.2390
2019-05-14 03:00:00+00:00,604.1425,5.9296,31.1664
2019-05-14 04:00:00+00:00,531.2137,5.6359,32.4542
2019-05-14 05:00:00+00:00,631.9366,5.9392,33.5174
2019-05-14 06:00:00+00:00,440.7104,5.2700,34.6182
2019-05-14 07:00:00+00:00,362.0262,4.9941,35.7230
2019-05-14 08:00:00+00:00,271.9412,4.5638,36.9064
2019-05-14 09:00:00+00:00,113.7254,4.3576,37.8522
2019-05-14 10:00:00+00:00,93.4540,3.6616,38.2652
2019-05-14 11:00:00+00:00,37.2387,3.3061,38.3761
2019-05-14 12:00:00+00:00,98.2828,3.4809,37.7741
2019-05-14 13:00:00+00:00,-5.9432,2.3650,37.4389
2019-05-14 14:00:00+00:00,-5.4125,2.1568,37.3495
2019-05-14 15:00:00+00:00,-5.7359,2.9373,37.2174
2019-05-14 16:00:00+00:00,726.9520,6.0314,35.9452
2019-05-14 17:00:00+00:00,1179.9791,7.7697,34.8722
2019-05-14 18:00:00+00:00,986.9011,7.2752,33.9003
2019-05-14 19:00:00+00:00,776.3533,6.8112,32.6593
2019-05-14 20:00:00+00:00,221.3423,4.8076,32.1592
2019-05-14 21:00:00+00:00,146.3503,4.0477,31.9697
2019-05-14 22:00:00+00:00,100.3194,3.5356,32.2988
2019-05-14 23:00:00+00:00,48.9827,3.0693,32.4951
2019-05-15 00:00:00+00:00,435.1329,5.5005,31.4081
2019-05-15 01:00:00+00:00,808.9826,7.1379,30.3028
2019-05-15 02:00:00+00:00,735.2034,6.7041,30.1070
2019-05-15 03:00:00+00:00,801.1118,6.5897,31.6538
2019-05-15 04:00:00+00:00,730.2530,6.4638,32.5135
2019-05-15 05:00:00+00:00,505.1896,5.6028,34.1160
2019-05-15 06:00:00+00:00,194.1761,4.4533,35.7157
2019-05-15 07:00:00+00:00,197.2140,4.1677,37.2020
2019-05-15 08:00:00+00:00,242.4744,4.6199,38.0818
2019-05-15 09:00:00+00:00,122.3715,3.8303,38.9860
2019-05-15 10:00:00+00:00,41.7530,3.2576,39.7845
2019-05-15 11:00:00+00:00,996.3046,7.2904,37.1783
2019-05-15 12:00:00+00:00,1548.0916,8.1072,35.3005
2019-05-15 13:00:00+00:00,1522.0352,8.2932,34.9888
2019-05-15 14:00:00+00:00,491.8204,5.8505,35.5975
2019-05-15 15:00:00+00:00,1168.3774,7.6153,33.9794
2019-05-15 16:00:00+00:00,486.3904,5.8790,33.1983
2019-05-15 17:00:00+00:00,687.9731,6.7596,33.0272
2019-05-15 18:00:00+00:00,420.8698,5.7820,32.9395
2019-05-15 19:00:00+00:00,221.3807,4.8031,32.8502
2019-05-15 20:00:00+00:00,27.8229,4.0170,32.1624
2019-05-15 21:00:00+00:00,43.2902,3.3745,31.5171
2019-05-15 22:00:00+00:00,-5.9079,2.7355,31.5613
2019-05-15 23:00:00+00:00,-5.3428,2.4350,31.4743
2019-05-16 00:00:00+00:00,39.3402,3.0488,31.3847
2019-05-16 01:00:00+00:00,38.3964,3.2435,31.3634
2019-05-16 02:00:00+00:00,154.3383,4.0359,32.0512
2019-05-16 03:00:00+00:00,429.2333,5.3100,32.9599
2019-05-16 04:00:00+00:00,249.0570,4.6302,34.0045
2019-05-16 05:00:00+00:00,83.4083,3.7023,35.6337
2019-05-16 06:00:00+00:00,24.5607,2.9245,37.5099
2019-05-16 07:00:00+00:00,23.6308,3.1844,37.6426
2019-05-16 08:00:00+00:00,41.1265,3.0028,39.1146
2019-05-16 09:00:00+00:00,5.3521,2.7576,39.9524
2019-05-16 10:00:00+00:00,-1.8899,2.8170,40.1239
2019-05-16 11:00:00+00:00,16.5425,2.3689,40.6458
2019-05-16 12:00:00+00:00,-5.7996,2.0633,40.2615
2019-05-16 13:00:00+00:00,-3.6499,1.8126,39.4587
2019-05-16 14:00:00+00:00,328.0980,5.2870,37.8875
2019-05-16 15:00:00+00:00,485.7113,5.9207,37.2784
2019-05-16 16:00:00+00:00,637.6874,6.3165,36.2255
2019-05-16 17:00:00+00:00,663.0547,6.3840,34.7316
2019-05-16 18:00:00+00:00,798.3903,6.7480,35.1195
2019-05-16 19:00:00+00:00,557.0815,5.9949,34.5494
2019-05-16 20:00:00+00:00,199.9208,4.3481,33.6286
2019-05-16 21:00:00+00:00,5.5004,2.8269,32.5472
2019-05-16 22:00:00+00:00,-5.4237,2.3555,32.6865
2019-05-16 23:00:00+00:00,-7.3717,2.4071,32.5606
2019-05-17 00:00:00+00:00,-5.7965,2.4681,33.0715
2019-05-17 01:00:00+00:00,-5.5647,2.3323,33.0838
2019-05-17 02:00:00+00:00,-5.7946,2.6205,34.1580
2019-05-17 03:00:00+00:00,113.0517,3.8085,34.5411
2019-05-17 04:00:00+00:00,123.2208,3.7702,35.4744
2019-05-17 05:00:00+00:00,154.5413,3.9848,36.3884
2019-05-17 06:00:00+00:00,77.7407,3.6194,37.6592
2019-05-17 07:00:00+00:00,10.5293,3.1804,39.0045
2019-05-17 08:00:00+00:00,5.6769,3.0441,39.9795
2019-05-17 09:00:00+00:00,16.8640,2.7518,40.4430
2019-05-17 10:00:00+00:00,719.2546,8.2692,35.7007
2019-05-17 11:00:00+00:00,1057.3849,13.8444,29.2161
2019-05-17 12:00:00+00:00,25.3172,3.7747,33.8596
2019-05-17 13:00:00+00:00,186.7194,4.4287,34.1646
2019-05-17 14:00:00+00:00,859.0432,7.2503,33.1694
2019-05-17 15:00:00+00:00,951.8042,7.5873,33.4511
2019-05-17 16:00:00+00:00,1098.6707,7.9021,33.6650
2019-05-17 17:00:00+00:00,487.1261,6.0671,33.3359
2019-05-17 18:00:00+00:00,94.1446,3.5295,33.3226
2019-05-17 19:00:00+00:00,-5.4679,2.3630,33.0170
2019-05-17 20:00:00+00:00,-5.3992,2.2393,32.7675
2019-05-17 21:00:00+00:00,1.9326,2.9562,32.0765
2019-05-17 22:00:00+00:00,-4.2063,2.9456,31.5574
2019-05-17 23:00:00+00:00,-5.6081,2.6878,32.0937
2019-05-18 00:00:00+00:00,-0.3552,2.6745,32.2333
2019-05-18 01:00:00+00:00,16.3267,3.0736,32.2197
2019-05-18 02:00:00+00:00,72.9348,3.5542,32.3029
2019-05-18 03:00:00+00:00,111.6362,3.8287,33.2812
2019-05-18 04:00:00+00:00,47.7493,3.5666,34.8956
2019-05-18 05:00:00+00:00,173.2262,3.8704,35.5204
2019-05-18 06:00:00+00:00,-3.3932,2.7029,37.8304
2019-05-18 07:00:00+00:00,-8.0181,2.4283,38.1570
2019-05-18 08:00:00+00:00,-9.0592,1.9372,38.2612
2019-05-18 09:00:00+00:00,9.2301,2.3028,39.3663
2019-05-18 10:00:00+00:00,42.9139,2.9978,40.4445
2019-05-18 11:00:00+00:00,155.8872,3.9430,40.2321
2019-05-18 12:00:00+00:00,197.8151,4.2956,39.3735
2019-05-18 13:00:00+00:00,140.2477,4.1670,38.7395
2019-05-18 14:00:00+00:00,669.3770,6.2792,37.8214
2019-05-18 15:00:00+00:00,1203.4568,7.5765,35.9318
2019-05-18 16:00:00+00:00,649.1788,6.3019,35.5492
2019-05-18 17:00:00+00:00,372.5376,5.5746,34.5705
2019-05-18 18:00:00+00:00,130.8299,3.9654,34.4119
2019-05-18 19:00:00+00:00,371.9041,5.5767,34.5829
2019-05-18 20:00:00+00:00,643.0947,6.4754,33.9583
2019-05-18 21:00:00+00:00,588.0754,6.5083,33.2222
2019-05-18 22:00:00+00:00,488.6721,5.9177,32.7202
2019-05-18 23:00:00+00:00,100.9332,3.5659,33.0762
2019-05-19 00:00:00+00:00,13.8880,2.8156,33.2563
2019-05-19 01:00:00+00:00,86.8559,3.5192,33.4428
2019-05-19 02:00:00+00:00,170.8780,4.0444,33.9363
2019-05-19 03:00:00+00:00,407.4259,5.3146,34.8081
2019-05-19 04:00:00+00:00,304.8915,4.8560,36.1858
2019-05-19 05:00:00+00:00,103.5891,3.8210,37.8462
2019-05-19 06:00:00+00:00,70.3698,3.5836,39.0293
2019-05-19 07:00:00+00:00,-0.0862,2.6675,40.6798
2019-05-19 08:00:00+00:00,14.4080,2.9177,41.1725
2019-05-19 09:00:00+00:00,146.7215,3.8862,41.5337
2019-05-19 10:00:00+00:00,43.4658,3.4153,41.3331
2019-05-19 11:00:00+00:00,133.6732,3.5871,41.2656
2019-05-19 12:00:00+00:00,606.1778,5.6137,40.1656
2019-05-19 13:00:00+00:00,370.1536,5.2704,39.1479
2019-05-19 14:00:00+00:00,349.9339,5.4147,38.9589
2019-05-19 15:00:00+00:00,731.7248,6.6165,38.1093
2019-05-19 16:00:00+00:00,890.8156,7.1777,36.6491
2019-05-19 17:00:00+00:00,569.2662,6.2556,36.0004
2019-05-19 18:00:00+00:00,174.6244,4.3126,35.6886
2019-05-19 19:00:00+00:00,147.5099,4.0840,35.4645
2019-05-19 20:00:00+00:00,155.6933,3.7977,33.9460
2019-05-19 21:00:00+00:00,-6.6300,2.4244,33.7478
2019-05-19 22:00:00+00:00,-5.7480,2.7960,33.8724
2019-05-19 23:00:00+00:00,-5.9852,2.7151,33.0579
2019-05-20 00:00:00+00:00,31.7635,3.0490,33.6353
2019-05-20 01:00:00+00:00,66.3489,3.4317,33.0349
2019-05-20 02:00:00+00:00,124.3005,3.8401,32.6197
2019-05-20 03:00:00+00:00,132.6886,3.8331,33.9778
2019-05-20 04:00:00+00:00,253.4935,4.4950,35.6292
2019-05-20 05:00:00+00:00,236.7216,4.5463,36.7485
2019-05-20 06:00:00+00:00,78.0687,3.6259,38.4763
2019-05-20 07:00:00+00:00,-7.4647,2.6863,40.1560
2019-05-20 08:00:00+00:00,-6.2685,2.5378,41.4228
2019-05-20 09:00:00+00:00,11.1867,2.6630,41.3364
2019-05-20 10:00:00+00:00,-6.8223,2.3167,41.3428
2019-05-20 11:00:00+00:00,9.8630,2.6420,40.7915
2019-05-20 12:00:00+00:00,67.0933,2.9951,39.4403
2019-05-20 13:00:00+00:00,-5.1807,1.5313,39.3294
2019-05-20 14:00:00+00:00,39.2377,2.7400,36.6009
2019-05-20 15:00:00+00:00,684.5735,5.8757,32.7261
2019-05-20 16:00:00+00:00,470.5959,5.8710,37.7835
2019-05-20 17:00:00+00:00,594.2672,6.2659,37.2415
2019-05-20 18:00:00+00:00,192.3055,4.4619,36.5165
2019-05-20 19:00:00+00:00,62.2957,3.3665,36.3142
2019-05-20 20:00:00+00:00,14.6879,2.9185,35.8295
2019-05-20 21:00:00+00:00,64.8671,3.3916,35.1817
2019-05-20 22:00:00+00:00,83.8186,3.4663,34.5768
2019-05-20 23:00:00+00:00,123.7584,3.7059,33.8628
2019-05-21 00:00:00+00:00,30.6669,3.0480,33.2384
2019-05-21 01:00:00+00:00,-3.6687,2.9319,33.0970
2019-05-21 02:00:00+00:00,164.7361,4.0934,33.2084
2019-05-21 03:00:00+00:00,362.5702,5.1065,34.1916
2019-05-21 04:00:00+00:00,279.9824,4.6511,35.8869
2019-05-21 05:00:00+00:00,85.8865,3.7993,37.7119
2019-05-21 06:00:00+00:00,71.8365,3.6061,39.0243
2019-05-21 07:00:00+00:00,2.8379,2.8086,40.3595
2019-05-21 08:00:00+00:00,45.2305,3.3841,40.8991
2019-05-21 09:00:00+00:00,47.7706,3.0394,41.2861
2019-05-21 10:00:00+00:00,106.5017,3.7253,41.1202
2019-05-21 11:00:00+00:00,53.0212,3.2151,40.9389
2019-05-21 12:00:00+00:00,201.1673,4.2702,40.1369
2019-05-21 13:00:00+00:00,394.7604,5.2183,38.1827
2019-05-21 14:00:00+00:00,187.2265,4.5906,37.3931
2019-05-21 15:00:00+00:00,183.4010,4.6485,37.0833
2019-05-21 16:00:00+00:00,145.6812,4.2640,36.3695
2019-05-21 17:00:00+00:00,68.3674,3.3288,35.9882
2019-05-21 18:00:00+00:00,80.4174,3.6753,35.1508
2019-05-21 19:00:00+00:00,1030.3413,7.0812,33.6711
2019-05-21 20:00:00+00:00,954.3412,7.1485,32.4169
2019-05-21 21:00:00+00:00,1111.9978,7.7784,31.6449
2019-05-21 22:00:00+00:00,1165.8040,8.0803,31.0318
2019-05-21 23:00:00+00:00,630.0502,6.7087,30.5267
2019-05-22 00:00:00+00:00,324.0642,5.4375,30.1344
2019-05-22 01:00:00+00:00,526.1164,5.8863,30.1632
2019-05-22 02:00:00+00:00,451.0405,5.6368,31.0716
2019-05-22 03:00:00+00:00,373.8391,5.2925,32.0559
2019-05-22 04:00:00+00:00,282.7391,4.8548,32.8302
2019-05-22 05:00:00+00:00,1.6486,2.8684,35.8638
2019-05-22 06:00:00+00:00,-3.5130,2.6347,38.0962
2019-05-22 07:00:00+00:00,-7.6262,2.4276,39.5105
2019-05-22 08:00:00+00:00,18.2939,3.1305,40.0077
2019-05-22 09:00:00+00:00,-5.8558,2.6062,40.8882
2019-05-22 10:00:00+00:00,-2.8640,2.6100,40.9574
2019-05-22 11:00:00+00:00,1.5206,2.9833,40.4113
2019-05-22 12:00:00+00:00,18.2128,3.1188,39.6874
2019-05-22 13:00:00+00:00,-3.3006,2.7154,39.3548
2019-05-22 14:00:00+00:00,7.2717,2.8609,38.8918
2019-05-22 15:00:00+00:00,605.3789,6.1416,36.7165
2019-05-22 16:00:00+00:00,456.2127,5.7919,35.6382
2019-05-22 17:00:00+00:00,354.6751,5.4361,34.8998
2019-05-22 18:00:00+00:00,227.6940,4.7545,34.3630
2019-05-22 19:00:00+00:00,112.3149,3.8865,33.7195
2019-05-22 20:00:00+00:00,230.3872,4.8647,33.6236
2019-05-22 21:00:00+00:00,36.3822,2.9043,33.1762
2019-05-22 22:00:00+00:00,19.6470,3.0574,32.6749
2019-05-22 23:00:00+00:00,41.3587,3.3520,32.2445
2019-05-23 00:00:00+00:00,36.9003,2.9946,32.1462
2019-05-23 01:00:00+00:00,-5.3280,2.3961,32.5796
2019-05-23 02:00:00+00:00,-2.8505,2.7490,34.0314
2019-05-23 03:00:00+00:00,6.1646,3.1154,35.3613
2019-05-23 04:00:00+00:00,25.3948,3.2323,36.2986
2019-05-23 05:00:00+00:00,28.4577,2.8100,37.4885
2019-05-23 06:00:00+00:00,-4.2280,2.7881,38.7886
2019-05-23 07:00:00+00:00,-5.0386,2.6419,39.1500
2019-05-23 08:00:00+00:00,-6.0090,2.4093,40.4347
2019-05-23 09:00:00+00:00,-6.4634,2.8565,41.1614
2019-05-23 10:00:00+00:00,2.1828,2.5415,40.3985
2019-05-23 11:00:00+00:00,22.6647,3.3021,39.8573
2019-05-23 12:00:00+00:00,519.5756,5.6580,36.9897
2019-05-23 13:00:00+00:00,744.6713,6.5117,34.8253
2019-05-23 14:00:00+00:00,853.8531,6.8698,34.3844
2019-05-23 15:00:00+00:00,184.7628,4.3538,34.1881
2019-05-23 16:00:00+00:00,123.1445,3.7948,34.0989
2019-05-23 17:00:00+00:00,385.6627,5.6288,33.7785
2019-05-23 18:00:00+00:00,1050.7278,7.4666,32.6802
2019-05-23 19:00:00+00:00,874.8124,7.2436,31.9552
2019-05-23 20:00:00+00:00,1253.1587,8.1010,31.3173
2019-05-23 21:00:00+00:00,974.7655,7.2618,30.7883
2019-05-23 22:00:00+00:00,1015.5570,7.4022,30.0625
2019-05-23 23:00:00+00:00,641.2722,6.6033,29.5754
2019-05-24 00:00:00+00:00,394.0770,5.6867,29.3183
2019-05-24 01:00:00+00:00,365.5314,5.2994,29.7716
2019-05-24 02:00:00+00:00,705.3292,6.4041,30.3031
2019-05-24 03:00:00+00:00,253.4623,4.6229,31.4485
2019-05-24 04:00:00+00:00,37.2197,3.2934,33.6241
2019-05-24 05:00:00+00:00,11.4612,3.1048,35.3596
2019-05-24 06:00:00+00:00,17.6094,3.0318,36.8977
2019-05-24 07:00:00+00:00,42.9932,3.2163,37.9350
2019-05-24 08:00:00+00:00,57.3296,3.2512,38.8515
2019-05-24 09:00:00+00:00,16.2668,2.9959,39.9217
2019-05-24 10:00:00+00:00,-3.8007,2.4763,40.3376
2019-05-24 11:00:00+00:00,7.6362,2.8559,39.6562
2019-05-24 12:00:00+00:00,4.5451,2.4918,39.5485
2019-05-24 13:00:00+00:00,2.2880,2.4554,38.9715
2019-05-24 14:00:00+00:00,363.0182,4.7928,36.0634
2019-05-24 15:00:00+00:00,72.8825,3.3906,36.4942
2019-05-24 16:00:00+00:00,169.2669,3.5292,35.6845
2019-05-24 17:00:00+00:00,584.1007,5.5061,34.1555
2019-05-24 18:00:00+00:00,280.4687,4.7365,31.3912
2019-05-24 19:00:00+00:00,657.3425,6.2913,31.5020
2019-05-24 20:00:00+00:00,1195.1265,7.8334,29.4018
2019-05-24 21:00:00+00:00,967.0640,7.2965,28.9024
2019-05-24 22:00:00+00:00,891.1634,7.0821,28.3626
2019-05-24 23:00:00+00:00,679.1160,6.4540,27.9375
2019-05-25 00:00:00+00:00,1197.4798,7.7732,27.8363
2019-05-25 01:00:00+00:00,1445.2691,8.4345,28.4128
2019-05-25 02:00:00+00:00,1690.5749,8.8204,29.5634
2019-05-25 03:00:00+00:00,1101.6315,7.3782,30.1222
2019-05-25 04:00:00+00:00,742.0808,6.4999,31.4051
2019-05-25 05:00:00+00:00,507.3176,5.6489,33.5970
2019-05-25 06:00:00+00:00,521.6942,5.6465,35.3867
2019-05-25 07:00:00+00:00,184.5006,4.2456,36.8742
2019-05-25 08:00:00+00:00,135.3059,4.2401,38.1611
2019-05-25 09:00:00+00:00,245.9587,4.3659,38.8262
2019-05-25 10:00:00+00:00,43.3442,3.3544,39.6981
2019-05-25 11:00:00+00:00,11.1869,2.4788,40.2645
2019-05-25 12:00:00+00:00,-7.2386,2.1995,39.6551
2019-05-25 13:00:00+00:00,-5.3249,1.5811,39.4216
2019-05-25 14:00:00+00:00,-5.5836,2.2404,39.0114
2019-05-25 15:00:00+00:00,36.4683,3.2420,38.4910
2019-05-25 16:00:00+00:00,86.8558,3.6566,38.0043
2019-05-25 17:00:00+00:00,52.0349,3.2551,37.4992
2019-05-25 18:00:00+00:00,52.1656,3.1756,36.5654
2019-05-25 19:00:00+00:00,251.4522,4.2729,35.1173
2019-05-25 20:00:00+00:00,973.5524,7.2641,31.9299
2019-05-25 21:00:00+00:00,1245.9431,8.1022,30.6998
2019-05-25 22:00:00+00:00,1722.6418,9.5900,30.7121
2019-05-25 23:00:00+00:00,1609.9141,8.7109,29.9704
2019-05-26 00:00:00+00:00,1561.5073,8.9663,29.5401
2019-05-26 01:00:00+00:00,945.9835,7.3793,29.6275
2019-05-26 02:00:00+00:00,1552.2189,8.7146,30.1742
2019-05-26 03:00:00+00:00,1555.7293,8.4492,31.0237
2019-05-26 04:00:00+00:00,1162.8095,7.5765,32.7978
2019-05-26 05:00:00+00:00,730.3399,6.4357,34.8313
2019-05-26 06:00:00+00:00,474.0528,5.6548,36.5663
2019-05-26 07:00:00+00:00,549.1922,5.7835,37.9993
2019-05-26 08:00:00+00:00,384.7623,5.0892,39.0729
2019-05-26 09:00:00+00:00,167.4788,4.1919,39.7387
2019-05-26 10:00:00+00:00,18.0647,3.0933,40.6292
2019-05-26 11:00:00+00:00,14.7985,3.2285,40.7823
2019-05-26 12:00:00+00:00,74.6962,3.5288,40.0326
2019-05-26 13:00:00+00:00,437.5554,5.3960,38.2749
2019-05-26 14:00:00+00:00,618.3243,6.8553,32.2442
2019-05-26 15:00:00+00:00,-7.1913,2.3305,36.6808
2019-05-26 16:00:00+00:00,295.6684,4.1481,36.3518
2019-05-26 17:00:00+00:00,1.3200,1.3849,36.2362
2019-05-26 18:00:00+00:00,3.5829,1.4248,36.2650
2019-05-26 19:00:00+00:00,5.8458,1.4646,36.2938
2019-05-26 20:00:00+00:00,8.1087,1.5044,36.3226
2019-05-26 21:00:00+00:00,10.3716,1.5443,36.3514
2019-05-26 22:00:00+00:00,12.6345,1.5841,36.3802
2019-05-26 23:00:00+00:00,14.8974,1.6239,36.4090
2019-05-27 00:00:00+00:00,17.1603,1.6638,36.4378
2019-05-27 01:00:00+00:00,19.4232,1.7036,36.4666
2019-05-27 02:00:00+00:00,21.6861,1.7434,36.4954
2019-05-27 03:00:00+00:00,23.9490,1.7833,36.5242
2019-05-27 04:00:00+00:00,26.2119,1.8231,36.5530
2019-05-27 05:00:00+00:00,28.4748,1.8629,36.5818
2019-05-27 06:00:00+00:00,30.7377,1.9028,36.6106
2019-05-27 07:00:00+00:00,33.0007,1.9426,36.6395
2019-05-27 08:00:00+00:00,35.2636,1.9824,36.6683
2019-05-27 09:00:00+00:00,37.5265,2.0223,36.6971
2019-05-27 10:00:00+00:00,39.7894,2.0621,36.7259
2019-05-27 11:00:00+00:00,42.0523,2.1019,36.7547
2019-05-27 12:00:00+00:00,44.3152,2.1418,36.7835
2019-05-27 13:00:00+00:00,46.5781,2.1816,36.8123
2019-05-27 14:00:00+00:00,48.8410,2.2214,36.8411
2019-05-27 15:00:00+00:00,51.1039,2.2613,36.8699
2019-05-27 16:00:00+00:00,53.3668,2.3011,36.8987
2019-05-27 17:00:00+00:00,55.6297,2.3409,36.9275
2019-05-27 18:00:00+00:00,57.8926,2.3808,36.9563
2019-05-27 19:00:00+00:00,60.1555,2.4206,36.9851
2019-05-27 20:00:00+00:00,62.4184,2.4604,37.0139
2019-05-27 21:00:00+00:00,64.6813,2.5003,37.0427
2019-05-27 22:00:00+00:00,66.9442,2.5401,37.0715
2019-05-27 23:00:00+00:00,69.2071,2.5799,37.1003
2019-05-28 00:00:00+00:00,71.4700,2.6198,37.1291
2019-05-28 01:00:00+00:00,73.7329,2.6596,37.1579
2019-05-28 02:00:00+00:00,75.9958,2.6994,37.1867
2019-05-28 03:00:00+00:00,78.2587,2.7393,37.2155
2019-05-28 04:00:00+00:00,80.5217,2.7791,37.2443
2019-05-28 05:00:00+00:00,82.7846,2.8190,37.2731
2019-05-28 06:00:00+00:00,85.0475,2.8588,37.3019
2019-05-28 07:00:00+00:00,87.3104,2.8986,37.3307
2019-05-28 08:00:00+00:00,89.5733,2.9385,37.3595
2019-05-28 09:00:00+00:00,91.8362,2.9783,37.3883
2019-05-28 10:00:00+00:00,94.0991,3.0181,37.4171
2019-05-28 11:00:00+00:00,96.3620,3.0580,37.4459
2019-05-28 12:00:00+00:00,98.6249,3.0978,37.4747
2019-05-28 13:00:00+00:00,100.8878,3.1376,37.5035
2019-05-28 14:00:00+00:00,103.1507,3.1775,37.5323
2019-05-28 15:00:00+00:00,105.4136,3.2173,37.5611
2019-05-28 16:00:00+00:00,107.6765,3.2571,37.5899
2019-05-28 17:00:00+00:00,109.9394,3.2970,37.6187
2019-05-28 18:00:00+00:00,112.2023,3.3368,37.6475
2019-05-28 19:00:00+00:00,114.4652,3.3766,37.6763
2019-05-28 20:00:00+00:00,116.7281,3.4165,37.7051
2019-05-28 21:00:00+00:00,118.9910,3.4563,37.7339
2019-05-28 22:00:00+00:00,121.2539,3.4961,37.7627
2019-05-28 23:00:00+00:00,123.5168,3.5360,37.7915
2019-05-29 00:00:00+00:00,125.7797,3.5758,37.8203
2019-05-29 01:00:00+00:00,128.0427,3.6156,37.8491
2019-05-29 02:00:00+00:00,130.3056,3.6555,37.8779
2019-05-29 03:00:00+00:00,132.5685,3.6953,37.9067
2019-05-29 04:00:00+00:00,134.8314,3.7351,37.9355
2019-05-29 05:00:00+00:00,137.0943,3.7750,37.9643
2019-05-29 06:00:00+00:00,139.3572,3.8148,37.9931
2019-05-29 07:00:00+00:00,141.6201,3.8546,38.0219
2019-05-29 08:00:00+00:00,143.8830,3.8945,38.0507
2019-05-29 09:00:00+00:00,161.2071,3.9274,38.1059
2019-05-29 10:00:00+00:00,188.0946,4.3071,38.2751
2019-05-29 11:00:00+00:00,63.1089,3.5320,38.4052
2019-05-29 12:00:00+00:00,61.6393,3.2605,38.0189
2019-05-29 13:00:00+00:00,35.9671,3.2441,37.3869
2019-05-29 14:00:00+00:00,225.5788,4.4183,36.9924
2019-05-29 15:00:00+00:00,324.7598,4.8995,36.7528
2019-05-29 16:00:00+00:00,343.7223,5.0225,36.6361
2019-05-29 17:00:00+00:00,320.9658,4.9235,36.4983
2019-05-29 18:00:00+00:00,298.2093,4.8245,36.3605
2019-05-29 19:00:00+00:00,275.4528,4.7254,36.2228
2019-05-29 20:00:00+00:00,252.6964,4.6264,36.0850
2019-05-29 21:00:00+00:00,229.9399,4.5274,35.9472
2019-05-29 22:00:00+00:00,207.1834,4.4284,35.8094
2019-05-29 23:00:00+00:00,184.4269,4.3293,35.6717
2019-05-30 00:00:00+00:00,161.6704,4.2303,35.5339
2019-05-30 01:00:00+00:00,138.9139,4.1313,35.3961
2019-05-30 02:00:00+00:00,116.1574,4.0322,35.2584
2019-05-30 03:00:00+00:00,93.4009,3.9332,35.1206
2019-05-30 04:00:00+00:00,70.6444,3.8342,34.9828
2019-05-30 05:00:00+00:00,47.8879,3.7351,34.8450
2019-05-30 06:00:00+00:00,25.1314,3.6361,34.7073
2019-05-30 07:00:00+00:00,2.3750,3.5371,34.5695
2019-05-30 08:00:00+00:00,95.3689,3.7169,34.8684
2019-05-30 09:00:00+00:00,132.9596,3.7930,35.5542
2019-05-30 10:00:00+00:00,33.7149,2.8536,35.9457
2019-05-30 11:00:00+00:00,-5.3057,1.9424,36.4051
2019-05-30 12:00:00+00:00,-4.9981,1.8101,36.4697
2019-05-30 13:00:00+00:00,16.2515,3.1852,35.7035
2019-05-30 14:00:00+00:00,151.5883,4.2132,35.0049
2019-05-30 15:00:00+00:00,362.1721,5.4614,34.1092
2019-05-30 16:00:00+00:00,375.8650,5.4566,33.9513
2019-05-30 17:00:00+00:00,440.1745,5.7100,33.9293
2019-05-30 18:00:00+00:00,459.1685,5.8713,33.8169
2019-05-30 19:00:00+00:00,328.2884,5.4336,33.7470
2019-05-30 20:00:00+00:00,346.2676,5.4703,33.0808
2019-05-30 21:00:00+00:00,382.8023,5.3131,32.9130
2019-05-30 22:00:00+00:00,764.0162,6.4671,32.5296
2019-05-30 23:00:00+00:00,845.0328,7.0502,29.7982
2019-05-31 00:00:00+00:00,631.3835,6.4977,28.4732
2019-05-31 01:00:00+00:00,333.3705,5.3311,28.5511
2019-05-31 02:00:00+00:00,296.2339,4.9523,29.4896
2019-05-31 03:00:00+00:00,487.2774,5.6611,30.6139
2019-05-31 04:00:00+00:00,592.9233,5.9683,31.8076
2019-05-31 05:00:00+00:00,201.9595,4.3808,33.8296
2019-05-31 06:00:00+00:00,52.3395,3.5987,35.6655
2019-05-31 07:00:00+00:00,60.8661,3.4409,36.9544
2019-05-31 08:00:00+00:00,12.8851,2.8490,38.0830
2019-05-31 09:00:00+00:00,26.2605,3.1283,38.6275
2019-05-31 10:00:00+00:00,-6.7188,2.6610,38.3328
2019-05-31 11:00:00+00:00,21.2871,3.1349,38.8284
2019-05-31 12:00:00+00:00,254.9812,4.6519,37.8816
2019-05-31 13:00:00+00:00,262.8747,6.7446,35.7839
2019-05-31 14:00:00+00:00,1719.7277,14.3256,30.2148
2019-05-31 15:00:00+00:00,722.2195,6.2356,33.2698
2019-05-31 16:00:00+00:00,33.2453,3.5216,32.5085
2019-05-31 17:00:00+00:00,259.2965,4.5219,31.7268
2019-05-31 18:00:00+00:00,752.5819,6.7618,31.5342
2019-05-31 19:00:00+00:00,1138.6423,7.6610,31.4237
2019-05-31 20:00:00+00:00,1719.7415,9.6245,30.6200
2019-05-31 21:00:00+00:00,1721.0028,9.4930,29.9211
2019-05-31 22:00:00+00:00,1254.3413,8.9855,29.2574
2019-05-31 23:00:00+00:00,1639.6967,9.2180,28.8438
2019-06-01 00:00:00+00:00,1720.7125,9.9699,28.7410
2019-06-01 01:00:00+00:00,1068.5413,8.2797,28.8258
2019-06-01 02:00:00+00:00,1716.0904,10.3737,29.3727
2019-06-01 03:00:00+00:00,1716.8743,10.8186,30.4076
2019-06-01 04:00:00+00:00,1697.0867,9.7782,31.7040
2019-06-01 05:00:00+00:00,931.4894,7.4462,33.4100
2019-06-01 06:00:00+00:00,-6.8251,6.4324,35.0460
2019-06-01 07:00:00+00:00,421.5002,5.3094,36.2032
2019-06-01 08:00:00+00:00,345.3712,4.9324,36.9784
2019-06-01 09:00:00+00:00,242.8915,4.4539,37.6684
2019-06-01 10:00:00+00:00,151.0553,4.1870,38.1357
2019-06-01 11:00:00+00:00,107.6585,3.7111,38.1091
2019-06-01 12:00:00+00:00,148.0642,4.0127,37.8648
2019-06-01 13:00:00+00:00,80.3410,3.4753,37.5373
2019-06-01 14:00:00+00:00,147.9407,4.0111,37.1395
2019-06-01 15:00:00+00:00,44.4411,3.1023,36.7983
2019-06-01 16:00:00+00:00,-5.2101,2.0506,36.5448
2019-06-01 17:00:00+00:00,-5.0340,1.3171,36.4179
2019-06-01 18:00:00+00:00,-4.9611,1.4260,36.2084
2019-06-01 19:00:00+00:00,-5.3061,2.3379,35.5758
2019-06-01 20:00:00+00:00,-5.3283,2.5206,35.3158
2019-06-01 21:00:00+00:00,-5.0015,1.9380,35.2010
2019-06-01 22:00:00+00:00,433.7830,5.3933,33.0507
2019-06-01 23:00:00+00:00,853.9159,7.0643,31.6062
2019-06-02 00:00:00+00:00,1277.3160,8.1808,30.7106
2019-06-02 01:00:00+00:00,1328.0477,7.9632,30.1108
2019-06-02 02:00:00+00:00,1637.4906,8.7572,30.5962
2019-06-02 03:00:00+00:00,1666.8331,8.8326,31.6232
2019-06-02 04:00:00+00:00,1513.1579,8.3313,32.7795
2019-06-02 05:00:00+00:00,1162.8496,7.3637,34.1357
2019-06-02 06:00:00+00:00,822.9256,6.6467,35.4683
2019-06-02 07:00:00+00:00,517.9207,5.6571,36.7877
2019-06-02 08:00:00+00:00,533.6321,5.7638,37.5701
2019-06-02 09:00:00+00:00,414.5573,5.1479,38.2403
2019-06-02 10:00:00+00:00,390.9222,5.1482,38.5019
2019-06-02 11:00:00+00:00,384.0995,5.2199,38.4954
2019-06-02 12:00:00+00:00,237.4187,4.5736,38.2082
2019-06-02 13:00:00+00:00,571.8104,7.7585,34.3891
2019-06-02 14:00:00+00:00,498.5610,5.2512,28.4750
2019-06-02 15:00:00+00:00,298.0927,6.2468,25.8803
2019-06-02 16:00:00+00:00,292.3914,4.6369,27.9501
2019-06-02 17:00:00+00:00,1099.3704,7.6050,26.1198
2019-06-02 18:00:00+00:00,1714.8096,9.6356,25.5374
2019-06-02 19:00:00+00:00,1653.4429,8.7951,25.2450
2019-06-02 20:00:00+00:00,1471.6199,8.5188,25.1828
2019-06-02 21:00:00+00:00,1133.2718,7.6439,24.9079
2019-06-02 22:00:00+00:00,687.2064,6.8897,24.7666
2019-06-02 23:00:00+00:00,654.3619,6.7961,24.8031
2019-06-03 00:00:00+00:00,376.2095,5.5740,24.8267
2019-06-03 01:00:00+00:00,537.4492,6.3368,25.2705
2019-06-03 02:00:00+00:00,262.0444,4.7791,25.9553
2019-06-03 03:00:00+00:00,290.0675,4.9386,27.0536
2019-06-03 04:00:00+00:00,412.0022,5.3278,28.6316
2019-06-03 05:00:00+00:00,595.8522,6.2109,30.0322
2019-06-03 06:00:00+00:00,1026.8999,7.0337,31.3350
2019-06-03 07:00:00+00:00,612.3946,5.8724,32.9482
2019-06-03 08:00:00+00:00,890.1930,6.6557,34.0081
2019-06-03 09:00:00+00:00,803.5446,6.4175,34.8032
2019-06-03 10:00:00+00:00,652.8405,6.1591,34.7722
2019-06-03 11:00:00+00:00,226.8374,4.4522,34.4396
2019-06-03 12:00:00+00:00,242.1633,4.6831,33.9110
2019-06-03 13:00:00+00:00,131.7685,3.9160,33.2760
2019-06-03 14:00:00+00:00,146.7265,4.3586,33.0164
2019-06-03 15:00:00+00:00,394.4863,5.5570,32.6164
2019-06-03 16:00:00+00:00,419.5028,5.6868,32.0288
2019-06-03 17:00:00+00:00,807.2977,7.0971,31.7560
2019-06-03 18:00:00+00:00,1073.3055,7.2735,30.9152
2019-06-03 19:00:00+00:00,1603.2898,8.9116,30.2670
2019-06-03 20:00:00+00:00,130.3067,7.4848,29.8392
2019-06-03 21:00:00+00:00,1454.4761,8.6198,29.0263
2019-06-03 22:00:00+00:00,1206.2846,8.0044,28.5531
2019-06-03 23:00:00+00:00,1418.8125,8.6828,28.1912
2019-06-04 00:00:00+00:00,1311.3169,8.3964,27.7501
2019-06-04 01:00:00+00:00,925.7932,7.4191,27.5831
2019-06-04 02:00:00+00:00,879.0380,7.1880,28.0835
2019-06-04 03:00:00+00:00,734.6963,6.5840,28.9989
2019-06-04 04:00:00+00:00,484.0212,5.7623,30.0796
2019-06-04 05:00:00+00:00,543.4755,5.7656,31.2092
2019-06-04 06:00:00+00:00,500.7696,5.5601,32.4519
2019-06-04 07:00:00+00:00,382.5100,5.2647,33.7447
2019-06-04 08:00:00+00:00,369.4596,5.1339,34.7977
2019-06-04 09:00:00+00:00,327.9498,4.8354,35.3325
2019-06-04 10:00:00+00:00,267.6549,4.7225,35.2852
2019-06-04 11:00:00+00:00,56.7584,3.2784,35.3666
2019-06-04 12:00:00+00:00,48.1142,3.4287,35.2756
2019-06-04 13:00:00+00:00,299.3795,4.9931,34.8933
2019-06-04 14:00:00+00:00,338.0351,5.1881,34.2129
2019-06-04 15:00:00+00:00,262.1201,4.5973,33.6809
2019-06-04 16:00:00+00:00,278.5920,5.0988,33.2392
2019-06-04 17:00:00+00:00,179.3280,4.5907,32.9847
2019-06-04 18:00:00+00:00,103.0005,3.7670,32.7742
2019-06-04 19:00:00+00:00,397.5984,5.4874,32.3275
2019-06-04 20:00:00+00:00,732.5126,6.6960,31.8234
2019-06-04 21:00:00+00:00,1679.7155,8.8614,30.5921
2019-06-04 22:00:00+00:00,1600.1777,8.7130,29.7906
2019-06-04 23:00:00+00:00,1545.5530,8.7041,29.2408
2019-06-05 00:00:00+00:00,1552.3062,8.5630,28.8014
2019-06-05 01:00:00+00:00,1309.1712,7.9670,28.9320
2019-06-05 02:00:00+00:00,1303.1461,8.0157,29.7465
2019-06-05 03:00:00+00:00,927.9754,6.9785,31.0771
2019-06-05 04:00:00+00:00,312.7987,4.7661,32.5033
2019-06-05 05:00:00+00:00,201.1653,4.3300,34.2808
2019-06-05 06:00:00+00:00,201.7541,4.1907,35.8280
2019-06-05 07:00:00+00:00,114.3220,3.7217,36.9000
2019-06-05 08:00:00+00:00,26.6982,3.1320,37.7862
2019-06-05 09:00:00+00:00,10.3524,3.0876,38.2377
2019-06-05 10:00:00+00:00,18.0551,3.1479,38.5686
2019-06-05 11:00:00+00:00,-7.7921,2.1286,38.9649
2019-06-05 12:00:00+00:00,-5.3623,2.3491,38.6148
2019-06-05 13:00:00+00:00,0.9131,3.3478,37.4372
2019-06-05 14:00:00+00:00,116.9054,4.0027,36.9892
2019-06-05 15:00:00+00:00,220.2957,4.0022,36.4236
2019-06-05 16:00:00+00:00,918.5885,7.1491,33.8676
2019-06-05 17:00:00+00:00,608.3748,6.2794,33.0171
2019-06-05 18:00:00+00:00,699.0173,6.1133,31.6269
2019-06-05 19:00:00+00:00,52.9345,3.4303,31.2425
2019-06-05 20:00:00+00:00,306.5107,4.7822,30.0125
2019-06-05 21:00:00+00:00,1011.0467,7.1031,28.4378
2019-06-05 22:00:00+00:00,834.7262,6.8817,27.8498
2019-06-05 23:00:00+00:00,388.1463,5.3516,27.3181
2019-06-06 00:00:00+00:00,423.5375,5.5941,27.2318
2019-06-06 01:00:00+00:00,293.0994,4.9989,27.9127
2019-06-06 02:00:00+00:00,703.0132,6.4093,28.6237
2019-06-06 03:00:00+00:00,569.4557,5.8449,29.9844
2019-06-06 04:00:00+00:00,379.4832,5.3267,31.8362
2019-06-06 05:00:00+00:00,403.8103,5.0815,33.6262
2019-06-06 06:00:00+00:00,199.1363,4.2911,35.4127
2019-06-06 07:00:00+00:00,120.1710,3.8084,36.9868
2019-06-06 08:00:00+00:00,1.0336,3.1751,38.3696
2019-06-06 09:00:00+00:00,9.7899,2.9107,38.9540
2019-06-06 10:00:00+00:00,-5.6576,2.3380,39.6548
2019-06-06 11:00:00+00:00,-6.6785,2.2579,39.6247
2019-06-06 12:00:00+00:00,-7.4875,2.1507,38.9527
2019-06-06 13:00:00+00:00,-5.2868,2.0249,38.3345
2019-06-06 14:00:00+00:00,404.6656,4.8505,36.3972
2019-06-06 15:00:00+00:00,1497.3998,8.4585,30.8779
2019-06-06 16:00:00+00:00,1298.4958,7.8696,30.5741
2019-06-06 17:00:00+00:00,862.8647,6.5219,29.2616
2019-06-06 18:00:00+00:00,290.5280,4.5621,29.9979
2019-06-06 19:00:00+00:00,51.2883,2.9561,30.1024
2019-06-06 20:00:00+00:00,171.2076,4.4936,28.9178
2019-06-06 21:00:00+00:00,56.3638,3.5019,28.8212
2019-06-06 22:00:00+00:00,73.0880,3.5571,29.4901
2019-06-06 23:00:00+00:00,18.5598,2.9853,29.7914
2019-06-07 00:00:00+00:00,35.5762,3.0199,29.7210
2019-06-07 01:00:00+00:00,-5.1642,1.9137,30.5487
2019-06-07 02:00:00+00:00,83.3452,3.6273,30.9861
2019-06-07 03:00:00+00:00,178.7018,3.9885,31.5121
2019-06-07 04:00:00+00:00,192.9482,4.1669,32.8054
2019-06-07 05:00:00+00:00,348.5172,4.9459,34.0952
2019-06-07 06:00:00+00:00,413.5368,5.3183,35.3493
2019-06-07 07:00:00+00:00,585.1851,4.5970,36.2324
2019-06-07 08:00:00+00:00,233.1603,4.6063,37.6040
2019-06-07 09:00:00+00:00,93.5765,4.0044,38.4072
2019-06-07 10:00:00+00:00,32.2236,3.0727,39.0136
2019-06-07 11:00:00+00:00,25.0563,2.9045,38.7974
2019-06-07 12:00:00+00:00,-5.7121,2.1671,38.9025
2019-06-07 13:00:00+00:00,-5.0667,1.8664,38.6378
2019-06-07 14:00:00+00:00,-5.1448,2.0032,38.2813
2019-06-07 15:00:00+00:00,1263.4259,7.8891,34.3145
2019-06-07 16:00:00+00:00,310.5847,4.5785,33.1441
2019-06-07 17:00:00+00:00,-6.3491,2.4347,32.8929
2019-06-07 18:00:00+00:00,9.2483,3.0856,32.4929
2019-06-07 19:00:00+00:00,336.6918,5.1615,32.5054
2019-06-07 20:00:00+00:00,466.3777,5.8435,31.4001
2019-06-07 21:00:00+00:00,1345.1181,8.9637,30.8472
2019-06-07 22:00:00+00:00,1719.4792,10.8201,30.0177
2019-06-07 23:00:00+00:00,1679.7647,9.3830,29.3282
2019-06-08 00:00:00+00:00,1572.5920,9.9239,29.0906
2019-06-08 01:00:00+00:00,918.8554,7.7489,28.8402
2019-06-08 02:00:00+00:00,1598.1173,9.3298,26.5573
2019-06-08 03:00:00+00:00,754.9054,6.1725,28.7070
2019-06-08 04:00:00+00:00,269.2415,5.5679,29.7421
2019-06-08 05:00:00+00:00,-8.1506,5.0658,31.1340
2019-06-08 06:00:00+00:00,-4.9656,4.7096,32.6668
2019-06-08 07:00:00+00:00,-1.7807,4.3535,34.1995
2019-06-08 08:00:00+00:00,1.4042,3.9973,35.7323
2019-06-08 09:00:00+00:00,61.2700,3.7936,36.9626
2019-06-08 10:00:00+00:00,131.6171,3.8832,36.8868
2019-06-08 11:00:00+00:00,58.2355,3.2838,36.7967
2019-06-08 12:00:00+00:00,77.5351,3.3613,36.1449
2019-06-08 13:00:00+00:00,-2.3937,2.7419,35.7496
2019-06-08 14:00:00+00:00,-5.6439,2.4788,35.3791
2019-06-08 15:00:00+00:00,-4.8518,1.9488,35.1440
2019-06-08 16:00:00+00:00,-5.1912,2.1981,35.0739
2019-06-08 17:00:00+00:00,-4.9156,1.6666,34.4580
2019-06-08 18:00:00+00:00,-4.8320,1.7616,33.7266
2019-06-08 19:00:00+00:00,-5.4919,2.2994,32.8912
2019-06-08 20:00:00+00:00,-2.0984,2.4027,32.5286
2019-06-08 21:00:00+00:00,-6.1015,2.5150,32.6043
2019-06-08 22:00:00+00:00,-5.5609,2.3008,32.4877
2019-06-08 23:00:00+00:00,-5.7789,2.7919,32.4079
2019-06-09 00:00:00+00:00,260.5999,4.9867,31.2722
2019-06-09 01:00:00+00:00,563.8140,5.9898,30.9632
2019-06-09 02:00:00+00:00,569.7610,5.9057,31.4594
2019-06-09 03:00:00+00:00,540.1510,5.9347,32.2544
2019-06-09 04:00:00+00:00,568.7782,5.7670,33.1018
2019-06-09 05:00:00+00:00,597.0611,5.8077,34.1903
2019-06-09 06:00:00+00:00,377.6316,5.1651,35.4262
2019-06-09 07:00:00+00:00,226.8416,4.6297,36.5305
2019-06-09 08:00:00+00:00,187.8468,4.2327,37.4699
2019-06-09 09:00:00+00:00,262.7574,4.7437,38.0092
2019-06-09 10:00:00+00:00,219.0853,4.2569,38.3886
2019-06-09 11:00:00+00:00,231.3652,4.4254,38.1629
2019-06-09 12:00:00+00:00,202.8629,4.0286,37.2678
2019-06-09 13:00:00+00:00,1363.0656,10.0832,32.2881
2019-06-09 14:00:00+00:00,1720.1255,14.0611,24.3463
2019-06-09 15:00:00+00:00,1597.8510,12.7007,27.8161
2019-06-09 16:00:00+00:00,465.9971,5.4304,27.3248
2019-06-09 17:00:00+00:00,664.3450,6.2607,29.5363
2019-06-09 18:00:00+00:00,149.8579,4.2862,27.7556
2019-06-09 19:00:00+00:00,371.2731,5.1936,26.0276
2019-06-09 20:00:00+00:00,470.8631,5.5725,27.3038
2019-06-09 21:00:00+00:00,449.8052,5.6137,27.4389
2019-06-09 22:00:00+00:00,428.7472,5.6549,27.5740
2019-06-09 23:00:00+00:00,407.6893,5.6961,27.7092
2019-06-10 00:00:00+00:00,383.0091,5.7377,27.8443
2019-06-10 01:00:00+00:00,170.3401,4.4472,28.1212
2019-06-10 02:00:00+00:00,-2.8907,2.8858,28.8679
2019-06-10 03:00:00+00:00,265.9690,4.4494,29.6019
2019-06-10 04:00:00+00:00,369.4113,5.1076,31.0264
2019-06-10 05:00:00+00:00,235.4258,4.4792,32.2955
2019-06-10 06:00:00+00:00,306.6795,4.7997,33.6866
2019-06-10 07:00:00+00:00,216.3868,4.4964,34.7704
2019-06-10 08:00:00+00:00,49.3860,3.8123,35.9245
2019-06-10 09:00:00+00:00,202.3821,4.2982,36.5091
2019-06-10 10:00:00+00:00,164.2763,3.9822,36.7168
2019-06-10 11:00:00+00:00,20.7714,3.1224,36.7303
2019-06-10 12:00:00+00:00,191.9748,4.0513,36.1187
2019-06-10 13:00:00+00:00,202.5477,3.7958,35.3721
2019-06-10 14:00:00+00:00,134.7246,3.3960,34.6486
2019-06-10 15:00:00+00:00,1103.5489,7.2471,33.5095
2019-06-10 16:00:00+00:00,954.5822,6.5102,32.1025
2019-06-10 17:00:00+00:00,252.9020,4.6429,31.3679
2019-06-10 18:00:00+00:00,285.3967,4.9572,31.0914
2019-06-10 19:00:00+00:00,105.1492,3.6476,30.8552
2019-06-10 20:00:00+00:00,175.8415,4.0752,30.4826
2019-06-10 21:00:00+00:00,301.7914,4.3707,29.9694
2019-06-10 22:00:00+00:00,88.9684,3.3959,29.3462
2019-06-10 23:00:00+00:00,449.7163,5.0370,28.8899
2019-06-11 00:00:00+00:00,386.6657,5.1262,28.6832
2019-06-11 01:00:00+00:00,137.7296,3.9651,28.8571
2019-06-11 02:00:00+00:00,288.5031,4.6756,29.6968
2019-06-11 03:00:00+00:00,589.9881,5.9808,30.4480
2019-06-11 04:00:00+00:00,465.2461,5.4105,31.9991
2019-06-11 05:00:00+00:00,313.6332,4.9473,33.4110
2019-06-11 06:00:00+00:00,171.3189,4.3306,34.8055
2019-06-11 07:00:00+00:00,459.5209,5.4140,35.7713
2019-06-11 08:00:00+00:00,406.3807,5.2188,36.5064
2019-06-11 09:00:00+00:00,768.0113,6.2996,37.1689
2019-06-11 10:00:00+00:00,1360.0506,7.8963,36.4818
2019-06-11 11:00:00+00:00,1100.9636,7.2332,36.3898
2019-06-11 12:00:00+00:00,806.3675,6.6427,36.0556
2019-06-11 13:00:00+00:00,1171.5879,7.8179,34.9532
2019-06-11 14:00:00+00:00,569.5504,6.0527,34.3636
2019-06-11 15:00:00+00:00,630.9357,5.4595,33.5129
2019-06-11 16:00:00+00:00,432.7682,4.8319,32.6031
2019-06-11 17:00:00+00:00,260.2403,4.1716,31.7796
2019-06-11 18:00:00+00:00,371.3033,4.7769,30.7516
2019-06-11 19:00:00+00:00,64.8951,3.3115,30.1926
2019-06-11 20:00:00+00:00,288.7537,4.3076,29.6612
2019-06-11 21:00:00+00:00,1183.8918,7.3059,29.2293
2019-06-11 22:00:00+00:00,392.3323,4.4557,28.8336
2019-06-11 23:00:00+00:00,14.7117,2.7714,28.5634
2019-06-12 00:00:00+00:00,78.2917,3.3489,28.5928
2019-06-12 01:00:00+00:00,442.2266,5.3336,28.8112
2019-06-12 02:00:00+00:00,1155.9659,7.3095,29.7465
2019-06-12 03:00:00+00:00,1470.4212,8.6273,30.7422
2019-06-12 04:00:00+00:00,1213.6183,7.3306,32.0045
2019-06-12 05:00:00+00:00,1527.2003,9.3120,32.9484
2019-06-12 06:00:00+00:00,1283.5599,7.9677,33.8089
2019-06-12 07:00:00+00:00,809.3580,6.5586,34.7327
2019-06-12 08:00:00+00:00,1314.1166,8.1005,35.1599
2019-06-12 09:00:00+00:00,1551.4826,9.8999,35.5620
2019-06-12 10:00:00+00:00,1653.1807,9.8413,35.4370
2019-06-12 11:00:00+00:00,1638.5358,9.4166,35.2229
2019-06-12 12:00:00+00:00,1452.3090,8.3280,34.2546
2019-06-12 13:00:00+00:00,1566.2772,9.0021,33.3373
2019-06-12 14:00:00+00:00,1619.9791,9.0106,32.3589
2019-06-12 15:00:00+00:00,1377.1652,8.2492,31.6311
2019-06-12 16:00:00+00:00,699.3404,6.5644,31.2965
2019-06-12 17:00:00+00:00,1143.7757,8.0311,30.6474
2019-06-12 18:00:00+00:00,1382.1865,8.6311,29.7618
2019-06-12 19:00:00+00:00,1450.2939,8.4747,29.2744
2019-06-12 20:00:00+00:00,1339.4624,8.2513,28.7374
2019-06-12 21:00:00+00:00,1639.3132,8.9443,28.2885
2019-06-12 22:00:00+00:00,1084.4604,7.7327,27.9377
2019-06-12 23:00:00+00:00,358.1451,5.7562,27.7921
2019-06-13 00:00:00+00:00,288.6150,5.3802,27.6876
2019-06-13 01:00:00+00:00,50.7717,3.5491,27.9001
2019-06-13 02:00:00+00:00,-6.8140,2.8829,29.1939
2019-06-13 03:00:00+00:00,327.1676,5.0073,29.9719
2019-06-13 04:00:00+00:00,587.5310,5.8755,31.1380
2019-06-13 05:00:00+00:00,1064.9908,7.1374,32.2616
2019-06-13 06:00:00+00:00,1188.3162,7.5549,33.0923
2019-06-13 07:00:00+00:00,1333.2493,8.2476,33.8961
2019-06-13 08:00:00+00:00,1111.7532,7.4810,34.0638
2019-06-13 09:00:00+00:00,735.0873,6.5929,34.0754
2019-06-13 10:00:00+00:00,944.6665,7.0924,34.1243
2019-06-13 11:00:00+00:00,1531.8336,8.7148,33.6057
2019-06-13 12:00:00+00:00,1499.6760,8.3069,32.7163
2019-06-13 13:00:00+00:00,1094.5996,7.7796,32.4185
2019-06-13 14:00:00+00:00,1626.3209,9.2354,32.0487
2019-06-13 15:00:00+00:00,1199.2801,7.9240,31.1006
2019-06-13 16:00:00+00:00,1551.4616,8.9291,30.6086
2019-06-13 17:00:00+00:00,1466.8181,8.5814,30.1168
2019-06-13 18:00:00+00:00,1367.3051,8.2711,29.5540
2019-06-13 19:00:00+00:00,1429.6426,8.3274,29.1411
2019-06-13 20:00:00+00:00,1079.7494,7.6369,28.7092
2019-06-13 21:00:00+00:00,756.8547,6.8740,28.3092
2019-06-13 22:00:00+00:00,836.6176,7.2230,28.0218
2019-06-13 23:00:00+00:00,791.1012,7.1341,27.9105
2019-06-14 00:00:00+00:00,715.2377,6.9079,27.6000
2019-06-14 01:00:00+00:00,246.0962,4.9689,27.9627
2019-06-14 02:00:00+00:00,450.3547,5.5016,28.9832
2019-06-14 03:00:00+00:00,1392.0301,8.2174,30.0667
2019-06-14 04:00:00+00:00,1519.4664,9.3534,30.9809
2019-06-14 05:00:00+00:00,1625.5050,9.0066,31.6681
2019-06-14 06:00:00+00:00,1481.0693,8.5160,32.6536
2019-06-14 07:00:00+00:00,1450.8740,8.3761,33.8252
2019-06-14 08:00:00+00:00,1331.6612,7.9498,34.4296
2019-06-14 09:00:00+00:00,1549.2118,8.7906,34.6614
2019-06-14 10:00:00+00:00,1316.7986,7.8876,35.3118
2019-06-14 11:00:00+00:00,1293.3357,7.9694,35.7459
2019-06-14 12:00:00+00:00,1533.5211,8.7396,34.9208
2019-06-14 13:00:00+00:00,1656.2214,9.6938,33.0640
2019-06-14 14:00:00+00:00,945.5354,7.3872,32.3348
2019-06-14 15:00:00+00:00,1505.4688,8.5375,31.8548
2019-06-14 16:00:00+00:00,1466.3760,8.5152,31.3561
2019-06-14 17:00:00+00:00,1715.7925,9.6736,30.5458
2019-06-14 18:00:00+00:00,1720.7906,11.2179,29.9730
2019-06-14 19:00:00+00:00,1723.7887,10.7073,29.3680
2019-06-14 20:00:00+00:00,1714.4705,9.6089,28.7433
2019-06-14 21:00:00+00:00,1721.8821,9.2535,28.1558
2019-06-14 22:00:00+00:00,1705.4582,9.0149,27.6640
2019-06-14 23:00:00+00:00,1720.0051,9.3082,27.3555
2019-06-15 00:00:00+00:00,1717.4911,9.2196,27.1091
2019-06-15 01:00:00+00:00,1642.8037,8.7763,27.4389
2019-06-15 02:00:00+00:00,1713.9330,9.7240,28.2278
2019-06-15 03:00:00+00:00,1703.2399,9.4484,29.4999
2019-06-15 04:00:00+00:00,1685.7455,9.2396,30.8453
2019-06-15 05:00:00+00:00,1577.2473,8.7711,32.2516
2019-06-15 06:00:00+00:00,1485.4347,8.4358,33.5855
2019-06-15 07:00:00+00:00,798.2655,8.5666,33.1401
2019-06-15 08:00:00+00:00,1256.2403,8.4559,35.5569
2019-06-15 09:00:00+00:00,1664.2424,9.1281,36.0916
2019-06-15 10:00:00+00:00,1442.7795,8.7048,36.3883
2019-06-15 11:00:00+00:00,1439.5350,8.2044,36.5524
2019-06-15 12:00:00+00:00,1357.3565,8.1827,36.4629
2019-06-15 13:00:00+00:00,1198.5619,7.9593,36.0687
2019-06-15 14:00:00+00:00,1154.2043,8.0351,35.6115
2019-06-15 15:00:00+00:00,1601.9718,9.0330,34.7700
2019-06-15 16:00:00+00:00,1652.3066,8.8445,33.4318
2019-06-15 17:00:00+00:00,1679.1090,8.9504,32.8438
2019-06-15 18:00:00+00:00,1644.9222,9.1584,32.0263
2019-06-15 19:00:00+00:00,1710.3278,9.4057,31.0054
2019-06-15 20:00:00+00:00,1721.7701,9.5743,29.9628
2019-06-15 21:00:00+00:00,1717.6470,9.8935,29.1659
2019-06-15 22:00:00+00:00,1720.7493,9.3907,28.5280
2019-06-15 23:00:00+00:00,1717.7404,9.5245,27.9684
2019-06-16 00:00:00+00:00,1609.8622,8.7475,27.5084
2019-06-16 01:00:00+00:00,1104.7886,7.4690,27.5954
2019-06-16 02:00:00+00:00,1013.1875,7.2804,28.3613
2019-06-16 03:00:00+00:00,1201.6993,7.5635,29.2325
2019-06-16 04:00:00+00:00,1232.6361,7.7624,30.5786
2019-06-16 05:00:00+00:00,1071.0754,7.3577,32.0538
2019-06-16 06:00:00+00:00,1253.2682,7.5859,33.4644
2019-06-16 07:00:00+00:00,1308.3490,7.6474,34.6749
2019-06-16 08:00:00+00:00,1095.5157,7.1236,35.7374
2019-06-16 09:00:00+00:00,920.5841,6.8031,36.2573
2019-06-16 10:00:00+00:00,870.9177,6.7119,36.5635
2019-06-16 11:00:00+00:00,788.2754,6.6105,36.7014
2019-06-16 12:00:00+00:00,712.5519,6.3897,36.2808
2019-06-16 13:00:00+00:00,464.0013,5.7922,35.9944
2019-06-16 14:00:00+00:00,353.6677,5.5030,35.8572
2019-06-16 15:00:00+00:00,350.5050,5.5684,35.7239
2019-06-16 16:00:00+00:00,386.0717,5.2804,34.9176
2019-06-16 17:00:00+00:00,1479.7663,9.5401,33.7286
2019-06-16 18:00:00+00:00,1718.9431,11.1005,32.5520
2019-06-16 19:00:00+00:00,1719.6939,11.0916,31.5059
2019-06-16 20:00:00+00:00,1724.2319,11.8581,30.3919
2019-06-16 21:00:00+00:00,1722.1052,10.4963,29.6344
2019-06-16 22:00:00+00:00,1720.6518,10.6996,28.9832
2019-06-16 23:00:00+00:00,1717.8309,10.6067,28.3864
2019-06-17 00:00:00+00:00,1721.4566,10.8729,27.8723
2019-06-17 01:00:00+00:00,1540.2637,8.6197,27.8506
2019-06-17 02:00:00+00:00,1707.2825,9.6056,28.2583
2019-06-17 03:00:00+00:00,1713.8787,9.3374,29.3396
2019-06-17 04:00:00+00:00,1660.3419,8.8868,30.4659
2019-06-17 05:00:00+00:00,1553.4218,8.6799,31.7257
2019-06-17 06:00:00+00:00,1382.5369,8.1029,33.5138
2019-06-17 07:00:00+00:00,1594.4596,8.9987,34.1778
2019-06-17 08:00:00+00:00,1510.8787,8.6268,35.0923
2019-06-17 09:00:00+00:00,1161.0011,7.5123,35.8108
2019-06-17 10:00:00+00:00,859.4818,6.5758,36.2705
2019-06-17 11:00:00+00:00,663.0630,6.2344,36.2210
2019-06-17 12:00:00+00:00,503.0628,5.7172,36.0551
2019-06-17 13:00:00+00:00,441.5992,5.7732,35.7193
2019-06-17 14:00:00+00:00,517.6255,6.0862,35.4788
2019-06-17 15:00:00+00:00,662.5882,6.7732,35.4533
2019-06-17 16:00:00+00:00,1362.1871,8.5009,34.6259
2019-06-17 17:00:00+00:00,1612.3708,9.2324,33.5578
2019-06-17 18:00:00+00:00,1686.6828,9.7935,32.4996
2019-06-17 19:00:00+00:00,1722.1128,10.3405,31.3774
2019-06-17 20:00:00+00:00,1707.7712,10.3465,30.4673
2019-06-17 21:00:00+00:00,1721.3061,10.1415,29.6646
2019-06-17 22:00:00+00:00,1720.4211,10.3677,28.7851
2019-06-17 23:00:00+00:00,1290.3919,8.1471,28.3180
2019-06-18 00:00:00+00:00,789.6400,6.8014,28.0086
2019-06-18 01:00:00+00:00,776.4883,6.5920,27.8827
2019-06-18 02:00:00+00:00,708.3618,6.4603,27.9915
2019-06-18 03:00:00+00:00,1002.9269,7.1281,29.1866
2019-06-18 04:00:00+00:00,1184.6270,7.5631,30.8033
2019-06-18 05:00:00+00:00,1080.8578,7.3034,32.1989
2019-06-18 06:00:00+00:00,1021.7615,7.2511,33.4497
2019-06-18 07:00:00+00:00,734.0159,6.2338,34.7586
2019-06-18 08:00:00+00:00,758.6801,6.4802,35.5884
2019-06-18 09:00:00+00:00,974.0552,7.2220,36.2190
2019-06-18 10:00:00+00:00,942.5096,6.8630,36.4989
2019-06-18 11:00:00+00:00,824.0793,6.5641,36.4064
2019-06-18 12:00:00+00:00,827.7092,6.8369,36.2661
2019-06-18 13:00:00+00:00,442.2746,5.7300,35.9847
2019-06-18 14:00:00+00:00,279.3453,5.1622,35.8469
2019-06-18 15:00:00+00:00,847.2261,7.0618,35.3212
2019-06-18 16:00:00+00:00,1628.2655,10.0748,32.8682
2019-06-18 17:00:00+00:00,1718.6909,10.4340,31.7532
2019-06-18 18:00:00+00:00,1718.5885,11.2090,30.8084
2019-06-18 19:00:00+00:00,1720.0718,11.4018,29.8308
2019-06-18 20:00:00+00:00,1720.4861,10.8488,29.2656
2019-06-18 21:00:00+00:00,1719.0257,10.5365,28.8404
2019-06-18 22:00:00+00:00,1703.6765,11.1639,27.9462
2019-06-18 23:00:00+00:00,1718.4376,9.8460,28.0155
2019-06-19 00:00:00+00:00,1365.2536,8.4079,27.8161
2019-06-19 01:00:00+00:00,1148.1631,7.6138,28.0970
2019-06-19 02:00:00+00:00,1499.2588,8.3317,28.6973
2019-06-19 03:00:00+00:00,1541.8263,8.3724,29.6414
2019-06-19 04:00:00+00:00,1459.2768,8.1921,30.9472
2019-06-19 05:00:00+00:00,1431.5010,8.0912,32.4329
2019-06-19 06:00:00+00:00,1145.7560,7.4772,33.7812
2019-06-19 07:00:00+00:00,1081.0410,7.5005,34.8075
2019-06-19 08:00:00+00:00,1078.3373,7.3020,35.4976
2019-06-19 09:00:00+00:00,777.5188,6.4435,35.9540
2019-06-19 10:00:00+00:00,601.9613,6.0318,36.1648
2019-06-19 11:00:00+00:00,860.7911,6.8727,35.9699
2019-06-19 12:00:00+00:00,435.7733,5.4692,36.0335
2019-06-19 13:00:00+00:00,991.1920,7.1546,35.7473
2019-06-19 14:00:00+00:00,1446.6786,8.5916,34.5466
2019-06-19 15:00:00+00:00,1392.9546,8.3106,33.9407
2019-06-19 16:00:00+00:00,1280.5739,8.2291,33.4193
2019-06-19 17:00:00+00:00,1721.4757,10.4602,32.6760
2019-06-19 18:00:00+00:00,1714.7436,10.2738,31.9396
2019-06-19 19:00:00+00:00,1718.5227,10.7734,31.1382
2019-06-19 20:00:00+00:00,1718.6252,12.1963,30.1701
2019-06-19 21:00:00+00:00,1718.5392,10.2905,29.4818
2019-06-19 22:00:00+00:00,1562.6183,8.6154,28.9513
2019-06-19 23:00:00+00:00,1714.0088,9.8604,28.4718
2019-06-20 00:00:00+00:00,1437.3450,8.4069,28.2359
2019-06-20 01:00:00+00:00,1566.5285,9.0863,28.4424
2019-06-20 02:00:00+00:00,1522.9369,9.7790,29.0561
2019-06-20 03:00:00+00:00,1700.7102,10.1694,29.8414
2019-06-20 04:00:00+00:00,1713.2292,8.8499,30.8648
2019-06-20 05:00:00+00:00,1513.6032,8.2818,31.8511
2019-06-20 06:00:00+00:00,1233.8329,7.8209,32.9158
2019-06-20 07:00:00+00:00,1434.5622,8.0490,33.7354
2019-06-20 08:00:00+00:00,1546.8802,8.4714,34.5356
2019-06-20 09:00:00+00:00,1329.9258,7.9961,34.9708
2019-06-20 10:00:00+00:00,1535.7967,8.2045,34.9502
2019-06-20 11:00:00+00:00,1609.2620,8.8401,34.7041
2019-06-20 12:00:00+00:00,1610.6144,8.9724,34.5367
2019-06-20 13:00:00+00:00,1717.1224,10.0132,33.8950
2019-06-20 14:00:00+00:00,1712.4480,10.0007,33.2987
2019-06-20 15:00:00+00:00,1709.6801,10.1264,32.7021
2019-06-20 16:00:00+00:00,1714.0547,9.7568,31.9594
2019-06-20 17:00:00+00:00,1706.5034,9.5130,31.2438
2019-06-20 18:00:00+00:00,1618.2479,8.8151,30.6464
2019-06-20 19:00:00+00:00,1523.0145,8.4843,30.0509
2019-06-20 20:00:00+00:00,1427.7810,8.1536,29.4555
2019-06-20 21:00:00+00:00,1332.5476,7.8229,28.8601
2019-06-20 22:00:00+00:00,1268.1792,7.6147,28.3645
2019-06-20 23:00:00+00:00,1280.9734,7.7128,28.1187
2019-06-21 00:00:00+00:00,1296.8541,7.8232,27.8828
2019-06-21 01:00:00+00:00,1312.7348,7.9335,27.6469
2019-06-21 02:00:00+00:00,1328.6154,8.0439,27.4111
2019-06-21 03:00:00+00:00,1186.4969,7.6645,27.6678
2019-06-21 04:00:00+00:00,1325.9592,7.8866,27.8871
2019-06-21 05:00:00+00:00,1295.2699,7.8095,27.9402
2019-06-21 06:00:00+00:00,1264.5806,7.7324,27.9933
2019-06-21 07:00:00+00:00,1233.8912,7.6553,28.0464
2019-06-21 08:00:00+00:00,1203.2019,7.5782,28.0995
2019-06-21 09:00:00+00:00,1172.5126,7.5011,28.1527
2019-06-21 10:00:00+00:00,1141.8232,7.4240,28.2058
2019-06-21 11:00:00+00:00,1111.1339,7.3469,28.2589
2019-06-21 12:00:00+00:00,1080.4446,7.2698,28.3120
2019-06-21 13:00:00+00:00,1049.7552,7.1927,28.3651
2019-06-21 14:00:00+00:00,1019.0659,7.1156,28.4182
2019-06-21 15:00:00+00:00,988.3766,7.0385,28.4713
2019-06-21 16:00:00+00:00,957.6872,6.9614,28.5245
2019-06-21 17:00:00+00:00,926.9979,6.8843,28.5776
2019-06-21 18:00:00+00:00,896.3086,6.8072,28.6307
2019-06-21 19:00:00+00:00,865.6192,6.7301,28.6838
2019-06-21 20:00:00+00:00,834.9299,6.6530,28.7369
2019-06-21 21:00:00+00:00,804.2406,6.5759,28.7900
2019-06-21 22:00:00+00:00,773.5512,6.4988,28.8431
2019-06-21 23:00:00+00:00,742.8619,6.4217,28.8963
2019-06-22 00:00:00+00:00,712.1726,6.3446,28.9494
2019-06-22 01:00:00+00:00,681.4832,6.2675,29.0025
2019-06-22 02:00:00+00:00,650.7939,6.1904,29.0556
2019-06-22 03:00:00+00:00,670.5223,6.3975,29.0961
2019-06-22 04:00:00+00:00,629.2220,6.2778,29.8441
2019-06-22 05:00:00+00:00,723.6953,6.4963,30.8513
2019-06-22 06:00:00+00:00,818.1687,6.7147,31.8584
2019-06-22 07:00:00+00:00,912.6420,6.9331,32.8656
2019-06-22 08:00:00+00:00,1007.1153,7.1516,33.8727
2019-06-22 09:00:00+00:00,863.7233,6.8844,33.5872
2019-06-22 10:00:00+00:00,817.3690,6.5394,33.9220
2019-06-22 11:00:00+00:00,356.8336,4.9940,33.0451
2019-06-22 12:00:00+00:00,25.8947,2.9676,33.3704
2019-06-22 13:00:00+00:00,-6.1021,1.8203,33.3875
2019-06-22 14:00:00+00:00,549.5390,5.2174,32.5849
2019-06-22 15:00:00+00:00,1439.5616,8.3523,29.5704
2019-06-22 16:00:00+00:00,1136.8718,7.4597,28.9451
2019-06-22 17:00:00+00:00,1021.5867,7.4987,27.6342
2019-06-22 18:00:00+00:00,577.3052,5.5659,26.5861
2019-06-22 19:00:00+00:00,617.0939,5.8383,28.0992
2019-06-22 20:00:00+00:00,646.4051,6.5853,28.2633
2019-06-22 21:00:00+00:00,287.3665,5.1947,28.1723
2019-06-22 22:00:00+00:00,149.8382,4.4032,27.9479
2019-06-22 23:00:00+00:00,322.1606,5.3193,27.6236
2019-06-23 00:00:00+00:00,339.6520,5.3653,27.2485
2019-06-23 01:00:00+00:00,434.1000,5.6844,27.2621
2019-06-23 02:00:00+00:00,142.5280,5.0761,27.8404
2019-06-23 03:00:00+00:00,635.3274,6.1017,28.5002
2019-06-23 04:00:00+00:00,853.2784,6.6321,30.0886
2019-06-23 05:00:00+00:00,875.0430,6.8864,30.9167
2019-06-23 06:00:00+00:00,506.6762,5.6594,31.6785
2019-06-23 07:00:00+00:00,381.8105,5.2189,32.4215
2019-06-23 08:00:00+00:00,226.4484,4.5185,32.9477
2019-06-23 09:00:00+00:00,92.8678,3.5617,33.0315
2019-06-23 10:00:00+00:00,-3.0967,3.0337,33.2134
2019-06-23 11:00:00+00:00,98.1559,3.1565,30.4571
2019-06-23 12:00:00+00:00,-6.4133,2.0758,31.8113
2019-06-23 13:00:00+00:00,43.9297,3.1796,31.3291
2019-06-23 14:00:00+00:00,207.5040,3.9877,30.0354
2019-06-23 15:00:00+00:00,412.2270,5.3126,29.1741
2019-06-23 16:00:00+00:00,1238.2682,8.1248,28.6371
2019-06-23 17:00:00+00:00,1569.2856,8.6963,27.8323
2019-06-23 18:00:00+00:00,931.8886,7.3541,27.7012
2019-06-23 19:00:00+00:00,1195.4669,7.9273,27.6828
2019-06-23 20:00:00+00:00,1509.5916,9.1234,27.0292
2019-06-23 21:00:00+00:00,841.6603,6.7288,26.7968
2019-06-23 22:00:00+00:00,909.2925,7.0984,27.0892
2019-06-23 23:00:00+00:00,666.9104,6.4574,26.9970
2019-06-24 00:00:00+00:00,872.1468,7.1672,26.8830
2019-06-24 01:00:00+00:00,690.4653,6.5777,26.9906
2019-06-24 02:00:00+00:00,691.2510,6.5290,27.3492
2019-06-24 03:00:00+00:00,721.5375,6.5648,27.8816
2019-06-24 04:00:00+00:00,797.1736,6.7613,28.4507
2019-06-24 05:00:00+00:00,290.5543,4.9098,28.9490
2019-06-24 06:00:00+00:00,182.6525,4.2656,30.9782
2019-06-24 07:00:00+00:00,210.5934,4.4370,32.0325
2019-06-24 08:00:00+00:00,164.5831,4.2139,33.2046
2019-06-24 09:00:00+00:00,202.4554,4.3310,33.7959
2019-06-24 10:00:00+00:00,217.3314,4.5114,34.2643
2019-06-24 11:00:00+00:00,299.1548,4.5213,33.9970
2019-06-24 12:00:00+00:00,117.5639,3.8158,33.9380
2019-06-24 13:00:00+00:00,344.7247,5.0374,33.5061
2019-06-24 14:00:00+00:00,255.9288,4.7626,32.4755
2019-06-24 15:00:00+00:00,46.4026,3.3844,32.6459
2019-06-24 16:00:00+00:00,1256.3912,7.6731,30.7883
2019-06-24 17:00:00+00:00,1597.5744,8.5523,28.1103
2019-06-24 18:00:00+00:00,1111.9859,7.3970,27.6077
2019-06-24 19:00:00+00:00,1030.9392,7.9404,27.9865
2019-06-24 20:00:00+00:00,1074.2790,7.6371,28.5785
2019-06-24 21:00:00+00:00,1166.9289,7.8337,28.5790
2019-06-24 22:00:00+00:00,863.8686,7.1577,28.2107
2019-06-24 23:00:00+00:00,512.9132,6.2318,27.7134
2019-06-25 00:00:00+00:00,700.2235,6.7320,27.3455
2019-06-25 01:00:00+00:00,637.7473,6.4229,27.2663
2019-06-25 02:00:00+00:00,767.7666,6.5875,27.8675
2019-06-25 03:00:00+00:00,1281.5186,7.8840,29.1469
2019-06-25 04:00:00+00:00,1159.1452,7.4198,30.2433
2019-06-25 05:00:00+00:00,719.6868,6.2242,31.6673
2019-06-25 06:00:00+00:00,534.4370,5.6130,33.0318
2019-06-25 07:00:00+00:00,419.7760,5.3048,33.6632
2019-06-25 08:00:00+00:00,465.5245,5.5406,34.2370
2019-06-25 09:00:00+00:00,535.4486,5.6837,34.6411
2019-06-25 10:00:00+00:00,519.3402,5.7917,34.9314
2019-06-25 11:00:00+00:00,420.9454,5.4104,35.0614
2019-06-25 12:00:00+00:00,394.4366,5.5260,34.7943
2019-06-25 13:00:00+00:00,139.2110,4.1362,34.5097
2019-06-25 14:00:00+00:00,455.9208,5.6947,34.2700
2019-06-25 15:00:00+00:00,738.7376,6.4858,33.1800
2019-06-25 16:00:00+00:00,513.4429,5.8099,31.6802
2019-06-25 17:00:00+00:00,478.0105,6.0778,31.4226
2019-06-25 18:00:00+00:00,1262.1815,8.2359,31.3587
2019-06-25 19:00:00+00:00,1693.0784,9.0023,30.3676
2019-06-25 20:00:00+00:00,1659.5014,9.2709,29.6782
2019-06-25 21:00:00+00:00,1497.1247,8.6271,29.0896
2019-06-25 22:00:00+00:00,1659.0907,9.4323,28.5963
2019-06-25 23:00:00+00:00,1621.9900,8.8152,28.0966
2019-06-26 00:00:00+00:00,1584.3067,8.7304,27.7494
2019-06-26 01:00:00+00:00,1502.7330,8.5327,27.8638
2019-06-26 02:00:00+00:00,1293.0960,8.0150,28.4871
2019-06-26 03:00:00+00:00,1655.8450,8.8976,29.4282
2019-06-26 04:00:00+00:00,1567.8911,8.4567,30.6032
2019-06-26 05:00:00+00:00,1199.5283,7.7584,31.5088
2019-06-26 06:00:00+00:00,1315.0590,7.9983,32.3929
2019-06-26 07:00:00+00:00,1067.3583,7.1083,32.6461
2019-06-26 08:00:00+00:00,1288.9889,7.7542,32.9912
2019-06-26 09:00:00+00:00,1034.5891,7.9381,33.4132
2019-06-26 10:00:00+00:00,1349.5875,8.1950,33.2605
2019-06-26 11:00:00+00:00,1353.3448,8.1598,33.5606
2019-06-26 12:00:00+00:00,1681.0102,9.1866,33.1157
2019-06-26 13:00:00+00:00,1717.8365,10.5205,32.3386
2019-06-26 14:00:00+00:00,1682.0216,9.5155,31.5269
2019-06-26 15:00:00+00:00,1701.0125,9.3882,31.2963
2019-06-26 16:00:00+00:00,1719.9230,10.1348,30.7719
2019-06-26 17:00:00+00:00,1696.1574,9.7025,30.1084
2019-06-26 18:00:00+00:00,1700.4324,9.6802,29.5860
2019-06-26 19:00:00+00:00,1688.7069,9.5299,29.1511
2019-06-26 20:00:00+00:00,1713.4083,9.4716,28.5877
2019-06-26 21:00:00+00:00,1710.8763,9.6843,28.0241
2019-06-26 22:00:00+00:00,1717.8027,9.7625,27.6640
2019-06-26 23:00:00+00:00,1718.1261,9.3234,27.3693
2019-06-27 00:00:00+00:00,1710.5186,9.2212,27.1208
2019-06-27 01:00:00+00:00,1543.6490,8.5875,27.2434
2019-06-27 02:00:00+00:00,1600.8499,8.7074,27.7925
2019-06-27 03:00:00+00:00,1700.9780,9.4679,29.1126
2019-06-27 04:00:00+00:00,1626.4859,8.7847,30.1127
2019-06-27 05:00:00+00:00,1672.9787,9.4133,31.3977
2019-06-27 06:00:00+00:00,1661.2274,9.5022,32.5381
2019-06-27 07:00:00+00:00,1610.9035,8.9613,33.0200
2019-06-27 08:00:00+00:00,1628.7623,9.1463,33.7820
2019-06-27 09:00:00+00:00,1628.1354,9.1975,34.2612
2019-06-27 10:00:00+00:00,1692.7754,9.5080,34.8254
2019-06-27 11:00:00+00:00,1587.1622,8.7997,34.9663
2019-06-27 12:00:00+00:00,1719.3065,13.7568,32.8484
2019-06-27 13:00:00+00:00,1719.5470,14.8529,30.7266
2019-06-27 14:00:00+00:00,1722.1431,12.1225,30.1749
2019-06-27 15:00:00+00:00,1725.1996,11.8316,29.5321
2019-06-27 16:00:00+00:00,1719.4908,10.2580,29.1268
2019-06-27 17:00:00+00:00,1716.9917,9.6552,28.7870
2019-06-27 18:00:00+00:00,1718.7706,10.1322,28.6163
2019-06-27 19:00:00+00:00,1720.5647,11.2037,28.3231
2019-06-27 20:00:00+00:00,1716.0371,11.5672,27.9363
2019-06-27 21:00:00+00:00,1717.4982,9.8568,27.7161
2019-06-27 22:00:00+00:00,1630.4219,8.7794,27.5120
2019-06-27 23:00:00+00:00,1718.7385,9.4545,27.3006
2019-06-28 00:00:00+00:00,1331.3983,8.0783,27.0140
2019-06-28 01:00:00+00:00,1401.5424,8.2309,27.2119
2019-06-28 02:00:00+00:00,1678.3784,9.6012,28.1524
2019-06-28 03:00:00+00:00,1719.7815,10.6894,29.3695
2019-06-28 04:00:00+00:00,1718.9781,12.4811,30.4017
2019-06-28 05:00:00+00:00,1720.0648,11.9888,31.6005
2019-06-28 06:00:00+00:00,1717.7059,12.6525,32.3039
2019-06-28 07:00:00+00:00,1720.6386,12.4184,33.1912
2019-06-28 08:00:00+00:00,1718.5697,11.9570,34.0180
2019-06-28 09:00:00+00:00,1713.7183,11.8798,34.4956
2019-06-28 10:00:00+00:00,1719.0456,11.7856,34.2778
2019-06-28 11:00:00+00:00,1727.6836,14.4372,33.6300
2019-06-28 12:00:00+00:00,1720.8198,14.6335,31.4122
2019-06-28 13:00:00+00:00,1719.1692,13.5105,29.4016
2019-06-28 14:00:00+00:00,1719.8128,11.5556,28.7871
2019-06-28 15:00:00+00:00,1719.8165,10.8561,28.9017
2019-06-28 16:00:00+00:00,1724.7220,10.0647,28.7911
2019-06-28 17:00:00+00:00,1721.0021,10.9090,28.2574
2019-06-28 18:00:00+00:00,1723.0853,10.1624,27.7343
2019-06-28 19:00:00+00:00,1721.0069,10.2183,27.6564
2019-06-28 20:00:00+00:00,1722.6150,11.1679,27.3677
2019-06-28 21:00:00+00:00,1691.3295,9.2661,27.1422
2019-06-28 22:00:00+00:00,1565.8499,8.5389,27.1071
2019-06-28 23:00:00+00:00,1718.5540,9.5949,27.0793
2019-06-29 00:00:00+00:00,1717.1600,9.7340,27.0864
2019-06-29 01:00:00+00:00,1719.1614,9.9499,27.2475
2019-06-29 02:00:00+00:00,1719.2420,10.6714,27.6093
2019-06-29 03:00:00+00:00,160.0925,6.8271,28.0278
2019-06-29 04:00:00+00:00,544.3142,8.4763,29.0508
2019-06-29 05:00:00+00:00,928.5360,10.1254,30.1030
2019-06-29 06:00:00+00:00,1312.7577,11.7746,31.1553
2019-06-29 07:00:00+00:00,1661.2765,12.7543,32.1386
2019-06-29 08:00:00+00:00,1717.2449,11.8520,32.9100
2019-06-29 09:00:00+00:00,1717.1242,11.7297,33.3597
2019-06-29 10:00:00+00:00,1720.8799,12.4248,33.3272
2019-06-29 11:00:00+00:00,1723.2005,13.7481,32.9579
2019-06-29 12:00:00+00:00,1719.5320,13.8729,32.2103
2019-06-29 13:00:00+00:00,1728.1899,13.5055,31.0162
2019-06-29 14:00:00+00:00,1718.5589,12.2255,30.0130
2019-06-29 15:00:00+00:00,1726.2346,11.3465,29.3104
2019-06-29 16:00:00+00:00,1716.9519,9.8368,28.8984
2019-06-29 17:00:00+00:00,1710.5205,9.6886,28.2600
2019-06-29 18:00:00+00:00,1691.4966,9.1285,27.6745
2019-06-29 19:00:00+00:00,1563.1401,8.6941,27.3607
2019-06-29 20:00:00+00:00,1603.8927,8.7405,27.2165
2019-06-29 21:00:00+00:00,1688.7838,9.3712,26.9767
2019-06-29 22:00:00+00:00,1667.9219,8.9124,26.7752
2019-06-29 23:00:00+00:00,1602.1979,8.7684,26.7110
2019-06-30 00:00:00+00:00,1663.7004,8.9280,26.6620
2019-06-30 01:00:00+00:00,1713.5800,9.1276,26.8057
2019-06-30 02:00:00+00:00,1590.2811,8.8874,26.5509
2019-06-30 03:00:00+00:00,1717.4043,10.2221,27.5076
2019-06-30 04:00:00+00:00,1360.3188,11.5859,28.8259
2019-06-30 05:00:00+00:00,1718.2791,11.9660,30.1238
2019-06-30 06:00:00+00:00,1721.6679,13.9748,31.2683
2019-06-30 07:00:00+00:00,1717.5642,13.7944,32.0673
2019-06-30 08:00:00+00:00,1718.8609,13.6796,32.0193
2019-06-30 09:00:00+00:00,1603.0269,11.0197,28.4448
2019-06-30 10:00:00+00:00,1721.2356,16.3103,30.8632
2019-06-30 11:00:00+00:00,1717.8606,13.7790,28.3797
2019-06-30 12:00:00+00:00,922.3612,15.3528,28.4033
2019-06-30 13:00:00+00:00,927.6736,10.5221,28.2382
2019-06-30 14:00:00+00:00,1704.9787,10.3687,27.4056
2019-06-30 15:00:00+00:00,1703.9150,9.3226,27.1702
2019-06-30 16:00:00+00:00,1640.2213,8.9409,26.9205
2019-06-30 17:00:00+00:00,1614.8227,8.8495,27.0844
2019-06-30 18:00:00+00:00,1679.2789,9.7098,26.9794
2019-06-30 19:00:00+00:00,1682.8488,9.5805,26.7029
2019-06-30 20:00:00+00:00,1628.6395,8.2769,26.4878
2019-06-30 21:00:00+00:00,1579.5019,8.6415,26.3987
2019-06-30 22:00:00+00:00,1556.3274,8.4713,26.3864
2019-06-30 23:00:00+00:00,1510.1046,8.3964,26.2775
2019-07-01 00:00:00+00:00,1359.1636,8.0735,26.1505
2019-07-01 01:00:00+00:00,1184.6374,7.6965,26.2558
2019-07-01 02:00:00+00:00,1678.3915,9.8404,26.7794
2019-07-01 03:00:00+00:00,1719.7741,10.6222,27.7059
2019-07-01 04:00:00+00:00,1723.9595,11.3473,29.0119
2019-07-01 05:00:00+00:00,1723.0094,11.8065,30.0612
2019-07-01 06:00:00+00:00,1716.2716,11.6828,30.6112
2019-07-01 07:00:00+00:00,1722.1642,11.6600,31.3730
2019-07-01 08:00:00+00:00,1718.3502,10.9679,32.4826
2019-07-01 09:00:00+00:00,1714.4162,10.3283,33.2097
2019-07-01 10:00:00+00:00,1699.1245,9.6715,33.6901
2019-07-01 11:00:00+00:00,1694.7182,10.1483,32.6728
2019-07-01 12:00:00+00:00,1717.5580,9.8782,32.1323
2019-07-01 13:00:00+00:00,1720.6136,9.8646,32.2053
2019-07-01 14:00:00+00:00,1719.9468,10.0434,31.5074
2019-07-01 15:00:00+00:00,1539.8519,8.4462,30.3855
2019-07-01 16:00:00+00:00,1621.8431,8.8106,29.8732
2019-07-01 17:00:00+00:00,1654.4279,8.7702,29.3751
2019-07-01 18:00:00+00:00,1694.1444,9.7350,28.8442
2019-07-01 19:00:00+00:00,1710.0792,9.3936,28.2301
2019-07-01 20:00:00+00:00,1717.9486,9.6465,27.7111
2019-07-01 21:00:00+00:00,1684.4284,9.0299,27.3469
2019-07-01 22:00:00+00:00,1712.7738,9.4542,27.0555
2019-07-01 23:00:00+00:00,1721.9163,9.9091,26.7798
2019-07-02 00:00:00+00:00,1719.3261,9.6867,26.5342
2019-07-02 01:00:00+00:00,1720.9732,9.8939,26.7568
2019-07-02 02:00:00+00:00,1715.1106,10.0486,27.3343
2019-07-02 03:00:00+00:00,1718.9416,11.6082,28.1155
2019-07-02 04:00:00+00:00,1720.4266,11.7278,29.5996
2019-07-02 05:00:00+00:00,1718.9846,11.5846,30.3433
2019-07-02 06:00:00+00:00,1719.2975,10.7806,31.3771
2019-07-02 07:00:00+00:00,1707.6691,9.7143,32.1623
2019-07-02 08:00:00+00:00,1695.2942,9.9056,33.4361
2019-07-02 09:00:00+00:00,1721.8176,10.6099,34.4338
2019-07-02 10:00:00+00:00,1702.4937,10.7123,34.3210
2019-07-02 11:00:00+00:00,1542.3865,9.4201,32.8012
2019-07-02 12:00:00+00:00,1724.8464,10.9190,33.4673
2019-07-02 13:00:00+00:00,1719.5302,9.7383,32.5673
2019-07-02 14:00:00+00:00,1719.9022,13.1329,31.3119
2019-07-02 15:00:00+00:00,1720.4941,11.5200,29.9822
2019-07-02 16:00:00+00:00,1721.6752,10.9235,29.4173
2019-07-02 17:00:00+00:00,1721.9440,10.9933,28.9693
2019-07-02 18:00:00+00:00,1724.3087,9.7495,28.3935
2019-07-02 19:00:00+00:00,1724.9903,9.4987,27.8718
2019-07-02 20:00:00+00:00,1716.3946,10.4689,27.6499
2019-07-02 21:00:00+00:00,1719.6743,12.4618,27.5169
2019-07-02 22:00:00+00:00,1713.0967,10.9606,27.3085
2019-07-02 23:00:00+00:00,1709.3262,9.4503,27.0258
2019-07-03 00:00:00+00:00,1719.8234,9.6121,26.8615
2019-07-03 01:00:00+00:00,1699.1002,9.1689,26.8998
2019-07-03 02:00:00+00:00,1685.7550,9.1653,27.4744
2019-07-03 03:00:00+00:00,1722.1449,10.0904,28.4040
2019-07-03 04:00:00+00:00,1720.0187,11.6084,29.7183
2019-07-03 05:00:00+00:00,1724.1284,12.3679,30.6024
2019-07-03 06:00:00+00:00,1719.4494,11.0162,31.7548
2019-07-03 07:00:00+00:00,1718.9164,12.3444,32.8715
2019-07-03 08:00:00+00:00,1722.1933,13.1553,33.4023
2019-07-03 09:00:00+00:00,1717.8407,12.6521,33.9255
2019-07-03 10:00:00+00:00,1718.7401,12.1800,34.6057
2019-07-03 11:00:00+00:00,1721.0474,12.2353,34.5343
2019-07-03 12:00:00+00:00,1720.3326,10.7122,33.3615
2019-07-03 13:00:00+00:00,1720.5267,9.9222,32.0743
2019-07-03 14:00:00+00:00,1704.3286,9.9689,31.0934
2019-07-03 15:00:00+00:00,1557.0796,8.5913,30.5120
2019-07-03 16:00:00+00:00,1352.9221,8.0625,30.1529
2019-07-03 17:00:00+00:00,1696.8806,9.7276,29.9233
2019-07-03 18:00:00+00:00,1707.8930,9.3066,29.4020
2019-07-03 19:00:00+00:00,1723.4499,9.7210,28.7744
2019-07-03 20:00:00+00:00,1716.8170,9.1646,28.2381
2019-07-03 21:00:00+00:00,1594.0017,8.7712,27.9153
2019-07-03 22:00:00+00:00,1063.6912,7.6829,27.7051
2019-07-03 23:00:00+00:00,680.7887,6.6061,27.4383
2019-07-04 00:00:00+00:00,484.1862,6.0809,27.2891
2019-07-04 01:00:00+00:00,561.6954,6.1585,27.5444
2019-07-04 02:00:00+00:00,1321.3679,8.1511,28.4464
2019-07-04 03:00:00+00:00,1686.8657,9.6907,29.2333
2019-07-04 04:00:00+00:00,1597.4788,9.0532,30.6973
2019-07-04 05:00:00+00:00,1698.7097,10.6544,31.8732
2019-07-04 06:00:00+00:00,1719.5476,11.7847,32.9057
2019-07-04 07:00:00+00:00,1717.2490,12.1852,33.7824
2019-07-04 08:00:00+00:00,1651.0035,10.3815,34.7151
2019-07-04 09:00:00+00:00,1701.2347,11.5824,34.4517
2019-07-04 10:00:00+00:00,1710.4363,12.3722,35.4563
2019-07-04 11:00:00+00:00,1721.1027,13.8446,34.6640
2019-07-04 12:00:00+00:00,1716.3867,13.8308,34.3935
2019-07-04 13:00:00+00:00,1719.9668,13.6914,33.5875
2019-07-04 14:00:00+00:00,1723.1403,11.3160,32.4445
2019-07-04 15:00:00+00:00,1720.9579,11.1945,31.4749
2019-07-04 16:00:00+00:00,1717.8167,10.8492,30.6954
2019-07-04 17:00:00+00:00,1718.9272,10.9551,29.9781
2019-07-04 18:00:00+00:00,1721.7589,10.4240,29.1276
2019-07-04 19:00:00+00:00,1720.0569,9.9366,28.5474
2019-07-04 20:00:00+00:00,1710.8869,9.4626,28.2113
2019-07-04 21:00:00+00:00,1643.3913,9.0137,27.9019
2019-07-04 22:00:00+00:00,1384.2193,8.3357,27.6927
2019-07-04 23:00:00+00:00,1244.1532,7.9743,27.6147
2019-07-05 00:00:00+00:00,1107.0782,7.3581,27.6003
2019-07-05 01:00:00+00:00,923.0342,7.0616,27.7855
2019-07-05 02:00:00+00:00,1056.0222,7.1795,28.2758
2019-07-05 03:00:00+00:00,1588.8715,8.6449,28.9575
2019-07-05 04:00:00+00:00,1466.0540,8.1223,29.6384
2019-07-05 05:00:00+00:00,1663.7955,9.9328,30.6010
2019-07-05 06:00:00+00:00,1704.1774,9.4434,31.3335
2019-07-05 07:00:00+00:00,1711.0756,9.8624,32.1028
2019-07-05 08:00:00+00:00,1581.6020,9.9153,32.8761
2019-07-05 09:00:00+00:00,1721.2502,12.2201,33.7046
2019-07-05 10:00:00+00:00,1721.3693,12.2165,33.6974
2019-07-05 11:00:00+00:00,1426.5805,13.3232,33.0395
2019-07-05 12:00:00+00:00,1720.3219,14.5770,31.1699
2019-07-05 13:00:00+00:00,1723.8474,12.3784,30.0354
2019-07-05 14:00:00+00:00,1719.5053,12.3770,30.2599
2019-07-05 15:00:00+00:00,1722.6098,12.6390,29.9380
2019-07-05 16:00:00+00:00,1718.6120,10.4749,29.1524
2019-07-05 17:00:00+00:00,1716.2902,9.8073,28.5940
2019-07-05 18:00:00+00:00,1723.3926,10.1349,27.9909
2019-07-05 19:00:00+00:00,1716.4979,9.5789,27.7082
2019-07-05 20:00:00+00:00,1700.9533,9.2802,27.5381
2019-07-05 21:00:00+00:00,1534.7797,8.8504,27.3572
2019-07-05 22:00:00+00:00,1393.5997,8.3023,27.2241
2019-07-05 23:00:00+00:00,1284.6700,8.0679,27.1370
2019-07-06 00:00:00+00:00,1543.2709,8.5024,27.1171
2019-07-06 01:00:00+00:00,1330.8451,8.2484,27.2101
2019-07-06 02:00:00+00:00,1152.1038,7.5182,27.7469
2019-07-06 03:00:00+00:00,1251.7958,7.9935,28.5407
2019-07-06 04:00:00+00:00,1710.8847,9.9409,29.1403
2019-07-06 05:00:00+00:00,1716.6769,11.0333,30.0571
2019-07-06 06:00:00+00:00,1721.6392,11.4245,31.0335
2019-07-06 07:00:00+00:00,1718.3069,11.7082,31.8970
2019-07-06 08:00:00+00:00,1721.5289,12.2221,32.1965
2019-07-06 09:00:00+00:00,1725.6766,12.8312,32.6505
2019-07-06 10:00:00+00:00,1712.7675,13.3503,32.8980
2019-07-06 11:00:00+00:00,1720.7768,13.5345,32.7918
2019-07-06 12:00:00+00:00,1715.7602,13.2925,32.3820
2019-07-06 13:00:00+00:00,1634.5907,9.7640,31.1289
2019-07-06 14:00:00+00:00,1506.2582,8.8605,30.4395
2019-07-06 15:00:00+00:00,1719.1229,11.0988,30.4495
2019-07-06 16:00:00+00:00,1714.5938,9.8777,29.8537
2019-07-06 17:00:00+00:00,1713.2275,9.6232,29.3211
2019-07-06 18:00:00+00:00,1701.8460,9.1168,28.9064
2019-07-06 19:00:00+00:00,1625.6261,8.9113,28.5953
2019-07-06 20:00:00+00:00,1380.5454,8.2181,28.4601
2019-07-06 21:00:00+00:00,1222.4789,7.7778,28.1120
2019-07-06 22:00:00+00:00,1479.6125,8.0545,27.8835
2019-07-06 23:00:00+00:00,1455.2717,8.2739,27.6711
2019-07-07 00:00:00+00:00,413.6040,5.1070,27.5322
2019-07-07 01:00:00+00:00,531.3588,5.7230,27.6199
2019-07-07 02:00:00+00:00,844.7089,6.7356,28.1601
2019-07-07 03:00:00+00:00,1561.5987,9.4436,29.1169
2019-07-07 04:00:00+00:00,1721.2767,11.9132,30.2378
2019-07-07 05:00:00+00:00,1685.0873,10.5782,31.8828
2019-07-07 06:00:00+00:00,1468.5477,10.6901,32.7182
2019-07-07 07:00:00+00:00,1719.0869,12.5017,33.0251
2019-07-07 08:00:00+00:00,1720.7548,12.2962,33.4354
2019-07-07 09:00:00+00:00,1722.8601,12.2076,33.8811
2019-07-07 10:00:00+00:00,1719.2854,12.2262,34.0584
2019-07-07 11:00:00+00:00,1720.9932,12.5632,34.0606
2019-07-07 12:00:00+00:00,1717.3581,12.6862,33.8116
2019-07-07 13:00:00+00:00,1723.8640,12.8601,33.2202
2019-07-07 14:00:00+00:00,1714.8437,10.3829,30.5766
2019-07-07 15:00:00+00:00,1574.3744,8.6914,29.9490
2019-07-07 16:00:00+00:00,1631.6959,9.3532,30.6282
2019-07-07 17:00:00+00:00,1496.0295,8.4233,30.2838
2019-07-07 18:00:00+00:00,1685.2625,10.4734,29.7683
2019-07-07 19:00:00+00:00,1665.7180,9.2830,28.9418
2019-07-07 20:00:00+00:00,1639.3930,9.5009,28.5606
2019-07-07 21:00:00+00:00,1663.8476,9.1443,28.2230
2019-07-07 22:00:00+00:00,1695.3321,8.9640,27.6463
2019-07-07 23:00:00+00:00,1695.3943,8.9901,27.4103
2019-07-08 00:00:00+00:00,898.0734,7.3788,27.2927
2019-07-08 01:00:00+00:00,604.2668,6.2988,27.6419
2019-07-08 02:00:00+00:00,418.9009,5.3206,28.2897
2019-07-08 03:00:00+00:00,1228.9875,7.6024,29.2041
2019-07-08 04:00:00+00:00,1697.3102,9.4751,29.9250
2019-07-08 05:00:00+00:00,1717.0842,11.5083,30.9081
2019-07-08 06:00:00+00:00,1719.3740,11.4900,32.2419
2019-07-08 07:00:00+00:00,1720.5009,11.2774,33.3976
2019-07-08 08:00:00+00:00,1722.3807,11.9888,33.4981
2019-07-08 09:00:00+00:00,1720.0200,13.3617,34.1484
2019-07-08 10:00:00+00:00,1716.6075,14.4001,33.8828
2019-07-08 11:00:00+00:00,1715.5358,13.9974,33.5713
2019-07-08 12:00:00+00:00,1722.2711,13.0256,32.5146
2019-07-08 13:00:00+00:00,1719.7606,11.1111,32.0031
2019-07-08 14:00:00+00:00,1717.3312,11.7635,31.6755
2019-07-08 15:00:00+00:00,1720.0709,12.7962,30.9063
2019-07-08 16:00:00+00:00,1718.0570,10.4691,30.1314
2019-07-08 17:00:00+00:00,1600.9728,9.2086,29.6001
2019-07-08 18:00:00+00:00,1564.6451,8.6649,29.3057
2019-07-08 19:00:00+00:00,1715.8770,10.4732,28.5396
2019-07-08 20:00:00+00:00,1607.3973,8.9883,27.9895
2019-07-08 21:00:00+00:00,1028.0869,7.7376,27.5059
2019-07-08 22:00:00+00:00,1228.7424,7.8896,27.3453
2019-07-08 23:00:00+00:00,935.1589,7.3366,27.1990
2019-07-09 00:00:00+00:00,1111.1320,7.6357,27.2768
2019-07-09 01:00:00+00:00,1532.2761,8.8410,27.5855
2019-07-09 02:00:00+00:00,1716.8513,9.8405,28.2393
2019-07-09 03:00:00+00:00,1711.4564,10.3251,29.0525
2019-07-09 04:00:00+00:00,1723.6252,11.0767,30.0651
2019-07-09 05:00:00+00:00,1718.5253,10.5576,31.1538
2019-07-09 06:00:00+00:00,1680.0710,10.3018,31.6960
2019-07-09 07:00:00+00:00,1541.1416,9.6677,32.9755
2019-07-09 08:00:00+00:00,1714.6488,10.0697,33.1840
2019-07-09 09:00:00+00:00,1404.1983,8.9725,33.3239
2019-07-09 10:00:00+00:00,1149.5630,7.5400,33.7690
2019-07-09 11:00:00+00:00,1622.3012,10.4849,33.3487
2019-07-09 12:00:00+00:00,1726.7549,12.9652,31.9712
2019-07-09 13:00:00+00:00,1716.3935,12.5584,29.9031
2019-07-09 14:00:00+00:00,1718.0354,13.0202,29.0186
2019-07-09 15:00:00+00:00,1722.1052,12.1733,28.7481
2019-07-09 16:00:00+00:00,1720.6684,11.3836,28.5745
2019-07-09 17:00:00+00:00,1717.9397,10.1971,28.4326
2019-07-09 18:00:00+00:00,1709.7973,9.2777,28.0606
2019-07-09 19:00:00+00:00,1717.3340,9.1812,27.7281
2019-07-09 20:00:00+00:00,1684.8274,9.1837,27.3740
2019-07-09 21:00:00+00:00,1278.1938,8.0856,26.9219
2019-07-09 22:00:00+00:00,1306.4004,8.3640,26.6260
2019-07-09 23:00:00+00:00,989.0663,7.8009,26.5797
2019-07-10 00:00:00+00:00,922.7640,7.4506,26.6883
2019-07-10 01:00:00+00:00,421.9817,5.8324,26.7018
2019-07-10 02:00:00+00:00,414.2565,5.1241,27.9965
2019-07-10 03:00:00+00:00,1666.4327,8.7546,28.9858
2019-07-10 04:00:00+00:00,1709.6740,10.4906,30.2320
2019-07-10 05:00:00+00:00,1701.3632,11.6398,30.9366
2019-07-10 06:00:00+00:00,1719.0204,11.4422,32.7603
2019-07-10 07:00:00+00:00,1673.5339,10.2244,33.8848
2019-07-10 08:00:00+00:00,1713.5869,11.4782,34.1637
2019-07-10 09:00:00+00:00,1717.0110,11.1395,34.2319
2019-07-10 10:00:00+00:00,1713.6743,11.5759,34.5032
2019-07-10 11:00:00+00:00,1724.2792,12.0138,34.4046
2019-07-10 12:00:00+00:00,1716.1630,15.6977,32.2289
2019-07-10 13:00:00+00:00,1692.8083,10.4887,31.0434
2019-07-10 14:00:00+00:00,1712.6459,11.7476,30.1393
2019-07-10 15:00:00+00:00,1713.1185,10.9767,29.6356
2019-07-10 16:00:00+00:00,1719.2502,9.9479,29.1472
2019-07-10 17:00:00+00:00,1718.9146,11.8990,28.2345
2019-07-10 18:00:00+00:00,1719.8164,10.8307,27.8170
2019-07-10 19:00:00+00:00,1721.0660,11.8954,27.4472
2019-07-10 20:00:00+00:00,1713.0901,9.6723,27.1799
2019-07-10 21:00:00+00:00,1677.6122,8.9779,26.9240
2019-07-10 22:00:00+00:00,1495.3076,8.6437,26.7840
2019-07-10 23:00:00+00:00,1502.8082,8.6439,26.8095
2019-07-11 00:00:00+00:00,1411.1433,8.3193,26.7980
2019-07-11 01:00:00+00:00,1290.4991,8.0167,27.3712
2019-07-11 02:00:00+00:00,1586.1065,9.3040,28.2112
2019-07-11 03:00:00+00:00,1705.8452,10.0488,29.0873
2019-07-11 04:00:00+00:00,1701.3522,9.9874,30.1037
2019-07-11 05:00:00+00:00,1709.7599,10.0965,31.0199
2019-07-11 06:00:00+00:00,1678.3803,9.7849,31.9161
2019-07-11 07:00:00+00:00,1679.2888,10.0535,33.0804
2019-07-11 08:00:00+00:00,1710.3488,11.0683,33.1880
2019-07-11 09:00:00+00:00,1719.8309,12.4264,33.4940
2019-07-11 10:00:00+00:00,1722.2671,13.8989,33.1085
2019-07-11 11:00:00+00:00,1716.3650,12.9654,32.5502
2019-07-11 12:00:00+00:00,1720.9068,12.7864,31.5252
2019-07-11 13:00:00+00:00,1720.8335,11.7036,31.0735
2019-07-11 14:00:00+00:00,1719.4610,11.6201,30.5948
2019-07-11 15:00:00+00:00,1720.8704,11.0825,29.8577
2019-07-11 16:00:00+00:00,1719.8480,10.7236,29.2321
2019-07-11 17:00:00+00:00,1713.5392,10.0364,28.7439
2019-07-11 18:00:00+00:00,1640.8549,9.2496,27.9433
2019-07-11 19:00:00+00:00,1666.6235,9.5161,27.5317
2019-07-11 20:00:00+00:00,1537.7016,10.0597,27.1142
2019-07-11 21:00:00+00:00,1112.2555,7.8858,26.7065
2019-07-11 22:00:00+00:00,658.0404,6.6437,26.5107
2019-07-11 23:00:00+00:00,1269.6777,8.0611,26.3692
2019-07-12 00:00:00+00:00,1255.1016,8.0528,26.0374
2019-07-12 01:00:00+00:00,831.2543,6.9221,25.9908
2019-07-12 02:00:00+00:00,593.7868,6.2071,26.4921
2019-07-12 03:00:00+00:00,680.7422,6.2977,27.7983
2019-07-12 04:00:00+00:00,1494.5588,8.1825,28.9054
2019-07-12 05:00:00+00:00,925.0495,6.7898,29.8592
2019-07-12 06:00:00+00:00,883.5310,6.7280,31.2787
2019-07-12 07:00:00+00:00,889.2654,6.9476,32.6426
2019-07-12 08:00:00+00:00,1003.7274,7.0795,33.6054
2019-07-12 09:00:00+00:00,1223.1982,7.7108,34.1561
2019-07-12 10:00:00+00:00,679.6863,6.2839,34.8588
2019-07-12 11:00:00+00:00,759.5434,6.4597,34.9093
2019-07-12 12:00:00+00:00,1296.3770,8.1254,33.8993
2019-07-12 13:00:00+00:00,751.4560,6.6502,32.9512
2019-07-12 14:00:00+00:00,954.0432,6.9750,32.9189
2019-07-12 15:00:00+00:00,1482.1613,8.5051,30.7754
2019-07-12 16:00:00+00:00,808.0775,6.9100,30.5941
2019-07-12 17:00:00+00:00,901.3043,7.1914,30.5533
2019-07-12 18:00:00+00:00,1434.4575,8.4561,29.8333
2019-07-12 19:00:00+00:00,1674.4376,9.5189,28.7829
2019-07-12 20:00:00+00:00,1433.4219,8.2839,28.0739
2019-07-12 21:00:00+00:00,922.9181,6.9843,27.9044
2019-07-12 22:00:00+00:00,690.3296,6.5253,27.6761
2019-07-12 23:00:00+00:00,379.6898,5.5854,27.3744
2019-07-13 00:00:00+00:00,146.8359,4.2270,27.2093
2019-07-13 01:00:00+00:00,149.5511,4.2163,27.2301
2019-07-13 02:00:00+00:00,310.3085,4.9815,28.5112
2019-07-13 03:00:00+00:00,621.8357,6.0948,29.2195
2019-07-13 04:00:00+00:00,732.0554,6.4565,30.5245
2019-07-13 05:00:00+00:00,787.7090,6.5546,31.4358
2019-07-13 06:00:00+00:00,560.0528,5.7874,32.5156
2019-07-13 07:00:00+00:00,452.6183,5.3381,33.6054
2019-07-13 08:00:00+00:00,489.6143,5.5270,34.1256
2019-07-13 09:00:00+00:00,781.2940,6.4919,34.6096
2019-07-13 10:00:00+00:00,833.7199,6.6312,35.1881
2019-07-13 11:00:00+00:00,825.1002,6.5601,35.3252
2019-07-13 12:00:00+00:00,829.5721,6.8196,35.2272
2019-07-13 13:00:00+00:00,860.7106,6.8046,34.8089
2019-07-13 14:00:00+00:00,1201.3299,7.7156,34.3242
2019-07-13 15:00:00+00:00,1623.1355,8.8527,33.1783
2019-07-13 16:00:00+00:00,1719.7789,10.2008,31.6334
2019-07-13 17:00:00+00:00,1719.4398,11.4037,30.2421
2019-07-13 18:00:00+00:00,1615.3001,9.8952,29.4825
2019-07-13 19:00:00+00:00,1440.5938,8.2153,28.8792
2019-07-13 20:00:00+00:00,597.6906,5.9300,27.9090
2019-07-13 21:00:00+00:00,818.9665,7.2890,27.7043
2019-07-13 22:00:00+00:00,514.8410,5.9210,27.4703
2019-07-13 23:00:00+00:00,1087.4055,7.3044,27.3791
2019-07-14 00:00:00+00:00,1307.1731,8.1239,27.4130
2019-07-14 01:00:00+00:00,1216.4704,7.8109,27.3200
2019-07-14 02:00:00+00:00,1573.6452,8.6693,27.6307
2019-07-14 03:00:00+00:00,1428.5601,8.2845,28.1239
2019-07-14 04:00:00+00:00,744.3912,6.4894,29.2657
2019-07-14 05:00:00+00:00,742.1205,6.3985,30.5480
2019-07-14 06:00:00+00:00,875.4237,7.0498,31.8948
2019-07-14 07:00:00+00:00,1031.5834,7.1325,33.1355
2019-07-14 08:00:00+00:00,1055.8182,7.1155,34.0945
2019-07-14 09:00:00+00:00,883.9823,6.7589,34.6751
2019-07-14 10:00:00+00:00,737.7777,6.4649,34.7551
2019-07-14 11:00:00+00:00,812.6952,6.5584,35.1556
2019-07-14 12:00:00+00:00,653.9011,6.3309,35.0858
2019-07-14 13:00:00+00:00,478.3933,5.5591,34.4565
2019-07-14 14:00:00+00:00,469.9592,4.9396,32.9634
2019-07-14 15:00:00+00:00,1703.8843,9.7143,29.6898
2019-07-14 16:00:00+00:00,1652.0995,9.0430,28.3235
2019-07-14 17:00:00+00:00,1694.6195,9.3893,28.3977
2019-07-14 18:00:00+00:00,1712.8392,9.9466,28.0420
2019-07-14 19:00:00+00:00,1590.8172,9.1929,27.7071
2019-07-14 20:00:00+00:00,1295.6286,7.8866,27.5264
2019-07-14 21:00:00+00:00,1333.4602,8.1488,27.1521
2019-07-14 22:00:00+00:00,996.9466,7.4222,26.8700
2019-07-14 23:00:00+00:00,395.3898,5.8266,26.6204
2019-07-15 00:00:00+00:00,729.3701,7.0866,26.5189
2019-07-15 01:00:00+00:00,1149.7889,7.8195,26.7536
2019-07-15 02:00:00+00:00,1659.6360,9.1534,27.8207
2019-07-15 03:00:00+00:00,1622.7629,9.0018,28.6664
2019-07-15 04:00:00+00:00,1505.3188,8.4057,29.9314
2019-07-15 05:00:00+00:00,1066.5220,7.2784,31.2857
2019-07-15 06:00:00+00:00,1345.5839,7.9363,32.1383
2019-07-15 07:00:00+00:00,1294.2917,7.8305,32.9169
2019-07-15 08:00:00+00:00,1272.0656,7.6779,33.8060
2019-07-15 09:00:00+00:00,1529.6732,8.4769,33.8591
2019-07-15 10:00:00+00:00,1515.4364,8.4898,33.8069
2019-07-15 11:00:00+00:00,1589.1846,8.7898,33.6459
2019-07-15 12:00:00+00:00,1210.5635,7.7627,33.6522
2019-07-15 13:00:00+00:00,775.0022,6.8949,33.3008
2019-07-15 14:00:00+00:00,414.5265,5.8630,33.0164
2019-07-15 15:00:00+00:00,392.5356,5.6216,32.7487
2019-07-15 16:00:00+00:00,497.3619,5.6994,30.8780
2019-07-15 17:00:00+00:00,208.7981,4.2858,29.7669
2019-07-15 18:00:00+00:00,352.5424,5.2435,29.8166
2019-07-15 19:00:00+00:00,677.8794,6.3859,29.3902
2019-07-15 20:00:00+00:00,1434.2062,8.4276,28.9103
2019-07-15 21:00:00+00:00,1676.8924,9.0728,28.2418
2019-07-15 22:00:00+00:00,1557.9022,8.5643,27.6793
2019-07-15 23:00:00+00:00,1351.3831,8.0688,27.0675
2019-07-16 00:00:00+00:00,1089.7837,7.5877,26.6410
2019-07-16 01:00:00+00:00,776.9355,6.8437,26.7508
2019-07-16 02:00:00+00:00,998.5464,7.4328,27.3937
2019-07-16 03:00:00+00:00,972.9864,7.1433,28.4148
2019-07-16 04:00:00+00:00,1158.3671,7.6018,29.4340
2019-07-16 05:00:00+00:00,1145.3623,7.4535,30.7204
2019-07-16 06:00:00+00:00,1040.2773,7.1073,31.8754
2019-07-16 07:00:00+00:00,720.1331,6.3591,32.9882
2019-07-16 08:00:00+00:00,653.9203,6.0838,34.0269
2019-07-16 09:00:00+00:00,429.2731,5.3363,34.9831
2019-07-16 10:00:00+00:00,278.5722,4.6073,35.2276
2019-07-16 11:00:00+00:00,986.9600,6.9648,33.5796
2019-07-16 12:00:00+00:00,566.0823,5.4745,33.5826
2019-07-16 13:00:00+00:00,623.1752,6.2188,32.9286
2019-07-16 14:00:00+00:00,393.3986,5.4454,32.6646
2019-07-16 15:00:00+00:00,1165.5584,7.6966,31.7797
2019-07-16 16:00:00+00:00,1676.2166,9.4515,28.2752
2019-07-16 17:00:00+00:00,1010.5343,7.1426,25.7672
2019-07-16 18:00:00+00:00,1338.3779,7.8687,26.2035
2019-07-16 19:00:00+00:00,1385.7850,8.1691,26.5070
2019-07-16 20:00:00+00:00,1463.5560,8.2990,26.5278
2019-07-16 21:00:00+00:00,663.5092,6.3169,26.6486
2019-07-16 22:00:00+00:00,693.7239,6.3587,26.9758
2019-07-16 23:00:00+00:00,741.2759,6.6571,26.7584
2019-07-17 00:00:00+00:00,789.3828,6.7314,26.3515
2019-07-17 01:00:00+00:00,1129.9038,7.5291,26.3474
2019-07-17 02:00:00+00:00,1535.2988,8.5044,26.5474
2019-07-17 03:00:00+00:00,1130.1049,7.5064,27.5117
2019-07-17 04:00:00+00:00,895.8875,6.8089,28.7574
2019-07-17 05:00:00+00:00,1109.1761,7.3660,29.5871
2019-07-17 06:00:00+00:00,1037.5426,7.2650,30.3180
2019-07-17 07:00:00+00:00,1008.3499,6.9916,31.6636
2019-07-17 08:00:00+00:00,1202.6033,7.6874,32.0699
2019-07-17 09:00:00+00:00,1059.8966,7.2854,32.5028
2019-07-17 10:00:00+00:00,782.6832,6.5571,32.7644
2019-07-17 11:00:00+00:00,442.5562,5.5532,33.0409
2019-07-17 12:00:00+00:00,345.8621,5.1300,32.8827
2019-07-17 13:00:00+00:00,503.2727,5.9247,32.3442
2019-07-17 14:00:00+00:00,362.2172,5.4348,32.1287
2019-07-17 15:00:00+00:00,122.0820,4.1180,32.0785
2019-07-17 16:00:00+00:00,110.1847,3.9978,31.9624
2019-07-17 17:00:00+00:00,302.2525,5.0836,31.8391
2019-07-17 18:00:00+00:00,1393.7353,8.3513,30.6842
2019-07-17 19:00:00+00:00,1374.5646,8.2228,28.4356
2019-07-17 20:00:00+00:00,808.1797,6.7091,27.8100
2019-07-17 21:00:00+00:00,1357.0791,8.1364,27.6467
2019-07-17 22:00:00+00:00,861.1939,7.0343,27.2913
2019-07-17 23:00:00+00:00,1083.6720,7.4298,27.1428
2019-07-18 00:00:00+00:00,1098.4418,7.5815,26.9459
2019-07-18 01:00:00+00:00,1235.4284,7.9502,27.1917
2019-07-18 02:00:00+00:00,1306.6464,7.8825,27.9062
2019-07-18 03:00:00+00:00,1038.2418,7.1926,28.9716
2019-07-18 04:00:00+00:00,1311.0832,7.7123,29.5404
2019-07-18 05:00:00+00:00,1173.0520,7.3873,30.3899
2019-07-18 06:00:00+00:00,925.0614,6.9327,31.7961
2019-07-18 07:00:00+00:00,1063.5245,7.2318,32.3678
2019-07-18 08:00:00+00:00,694.5761,6.1781,33.0548
2019-07-18 09:00:00+00:00,692.8805,6.2088,34.6054
2019-07-18 10:00:00+00:00,796.9782,6.6820,34.6092
2019-07-18 11:00:00+00:00,640.2882,5.9612,34.3961
2019-07-18 12:00:00+00:00,693.6021,6.3286,34.0821
2019-07-18 13:00:00+00:00,660.4875,6.2046,33.5937
2019-07-18 14:00:00+00:00,264.0220,4.8129,33.3238
2019-07-18 15:00:00+00:00,96.1097,3.4831,32.3169
2019-07-18 16:00:00+00:00,21.8123,2.5792,31.8883
2019-07-18 17:00:00+00:00,39.9101,3.0187,31.6598
2019-07-18 18:00:00+00:00,1457.7830,8.4315,29.8653
2019-07-18 19:00:00+00:00,1309.7764,8.0798,27.8086
2019-07-18 20:00:00+00:00,1369.7187,8.2182,27.0370
2019-07-18 21:00:00+00:00,1678.7974,8.9239,26.7736
2019-07-18 22:00:00+00:00,1685.7643,9.1486,26.7165
2019-07-18 23:00:00+00:00,697.1433,6.4426,25.9551
2019-07-19 00:00:00+00:00,561.2181,6.1407,26.5478
2019-07-19 01:00:00+00:00,526.0150,6.1159,26.6115
2019-07-19 02:00:00+00:00,293.3418,5.1556,26.7359
2019-07-19 03:00:00+00:00,299.0559,5.1805,26.8290
2019-07-19 04:00:00+00:00,239.5940,4.6495,27.2801
2019-07-19 05:00:00+00:00,442.5248,5.5969,27.6593
2019-07-19 06:00:00+00:00,338.1500,5.0705,29.1170
2019-07-19 07:00:00+00:00,365.1336,5.0083,30.1688
2019-07-19 08:00:00+00:00,487.1664,5.6291,31.4177
2019-07-19 09:00:00+00:00,427.6225,5.2197,32.2625
2019-07-19 10:00:00+00:00,366.1991,5.1617,32.5561
2019-07-19 11:00:00+00:00,260.6708,4.7766,32.4873
2019-07-19 12:00:00+00:00,169.7232,4.1110,32.4498
2019-07-19 13:00:00+00:00,208.2491,4.3998,32.3769
2019-07-19 14:00:00+00:00,314.4330,5.2793,32.1940
2019-07-19 15:00:00+00:00,100.1213,3.9675,32.0185
2019-07-19 16:00:00+00:00,0.3455,2.7834,31.9127
2019-07-19 17:00:00+00:00,734.3001,5.9012,29.7116
2019-07-19 18:00:00+00:00,1042.4556,7.2911,27.0379
2019-07-19 19:00:00+00:00,1707.4841,9.9337,26.7540
2019-07-19 20:00:00+00:00,1720.4283,10.9460,26.4643
2019-07-19 21:00:00+00:00,1478.8841,8.5447,26.4802
2019-07-19 22:00:00+00:00,864.9687,6.9234,26.3898
2019-07-19 23:00:00+00:00,529.5836,5.9713,26.2521
2019-07-20 00:00:00+00:00,698.3544,6.5134,26.1759
2019-07-20 01:00:00+00:00,902.5598,7.0342,26.1224
2019-07-20 02:00:00+00:00,971.1149,7.2704,26.5828
2019-07-20 03:00:00+00:00,1042.9588,7.2619,27.3050
2019-07-20 04:00:00+00:00,810.8597,6.6972,28.5330
2019-07-20 05:00:00+00:00,617.0931,6.1007,29.2382
2019-07-20 06:00:00+00:00,523.5294,6.0011,29.6909
2019-07-20 07:00:00+00:00,526.0157,5.7011,30.2553
2019-07-20 08:00:00+00:00,435.9283,5.5189,30.8388
2019-07-20 09:00:00+00:00,154.1589,4.0734,32.1484
2019-07-20 10:00:00+00:00,211.8793,4.4724,32.9098
2019-07-20 11:00:00+00:00,141.5319,3.9799,33.1255
2019-07-20 12:00:00+00:00,28.5069,3.2113,33.1526
2019-07-20 13:00:00+00:00,79.5927,3.6232,32.6838
2019-07-20 14:00:00+00:00,427.4165,5.6017,31.3278
2019-07-20 15:00:00+00:00,1189.5947,8.9419,25.8143
2019-07-20 16:00:00+00:00,699.7525,6.3489,23.8455
2019-07-20 17:00:00+00:00,135.5782,3.9728,24.1234
2019-07-20 18:00:00+00:00,3.1804,2.7832,26.6567
2019-07-20 19:00:00+00:00,-5.6470,1.8203,25.8817
2019-07-20 20:00:00+00:00,-5.9758,2.4670,26.8078
2019-07-20 21:00:00+00:00,-6.1038,2.3389,27.5692
2019-07-20 22:00:00+00:00,-6.0422,2.1990,26.7983
2019-07-20 23:00:00+00:00,-6.0142,2.2290,26.5302
2019-07-21 00:00:00+00:00,-6.0237,2.5925,27.0105
2019-07-21 01:00:00+00:00,-5.9130,2.5729,27.8130
2019-07-21 02:00:00+00:00,-6.2252,2.5659,29.0073
2019-07-21 03:00:00+00:00,35.1496,3.1976,29.3017
2019-07-21 04:00:00+00:00,35.1509,3.4247,30.0022
2019-07-21 05:00:00+00:00,369.9388,5.1839,30.8438
2019-07-21 06:00:00+00:00,355.0675,5.0367,31.6821
2019-07-21 07:00:00+00:00,346.1055,4.8861,32.3564
2019-07-21 08:00:00+00:00,310.8320,4.7447,33.0521
2019-07-21 09:00:00+00:00,43.7639,3.4320,33.4694
2019-07-21 10:00:00+00:00,38.6390,3.1454,33.1360
2019-07-21 11:00:00+00:00,9.4406,2.5299,33.5151
2019-07-21 12:00:00+00:00,68.8857,2.4987,33.0497
2019-07-21 13:00:00+00:00,1283.5999,7.8548,29.8943
2019-07-21 14:00:00+00:00,71.1595,3.3193,29.6226
2019-07-21 15:00:00+00:00,352.4444,4.4577,27.8095
2019-07-21 16:00:00+00:00,910.1960,7.0791,24.8199
2019-07-21 17:00:00+00:00,461.0263,5.6113,25.4831
2019-07-21 18:00:00+00:00,138.1227,4.1388,25.6840
2019-07-21 19:00:00+00:00,0.8725,2.9212,26.0301
2019-07-21 20:00:00+00:00,63.8275,3.8686,25.3602
2019-07-21 21:00:00+00:00,131.4117,3.7044,25.0132
2019-07-21 22:00:00+00:00,144.6077,4.1245,24.7936
2019-07-21 23:00:00+00:00,256.9253,5.0103,24.8183
2019-07-22 00:00:00+00:00,169.5870,4.4716,25.0115
2019-07-22 01:00:00+00:00,453.4460,5.8355,25.9458
2019-07-22 02:00:00+00:00,237.0361,4.6952,26.7560
2019-07-22 03:00:00+00:00,298.3999,4.8685,27.6971
2019-07-22 04:00:00+00:00,580.7046,6.0495,28.6934
2019-07-22 05:00:00+00:00,973.8915,7.1625,29.1769
2019-07-22 06:00:00+00:00,706.8839,6.3629,30.0119
2019-07-22 07:00:00+00:00,442.2980,5.5423,30.3653
2019-07-22 08:00:00+00:00,471.3984,5.6663,31.2385
2019-07-22 09:00:00+00:00,949.1818,6.9816,31.4507
2019-07-22 10:00:00+00:00,826.1860,6.7990,31.6609
2019-07-22 11:00:00+00:00,400.1305,5.3815,31.7671
2019-07-22 12:00:00+00:00,113.0333,3.9558,31.7531
2019-07-22 13:00:00+00:00,326.6175,4.3141,31.4319
2019-07-22 14:00:00+00:00,917.1048,6.7039,28.3189
2019-07-22 15:00:00+00:00,186.6989,4.0323,27.8602
2019-07-22 16:00:00+00:00,253.5626,4.2547,27.5564
2019-07-22 17:00:00+00:00,336.5229,4.6103,27.7907
2019-07-22 18:00:00+00:00,987.3791,7.3708,27.4025
2019-07-22 19:00:00+00:00,776.7128,6.5515,27.1703
2019-07-22 20:00:00+00:00,537.9758,6.2231,26.8750
2019-07-22 21:00:00+00:00,799.7653,6.8108,26.6190
2019-07-22 22:00:00+00:00,376.5554,5.5996,26.4816
2019-07-22 23:00:00+00:00,96.4232,3.9218,26.3072
2019-07-23 00:00:00+00:00,307.1130,5.1405,26.0251
2019-07-23 01:00:00+00:00,243.0090,4.8522,26.0078
2019-07-23 02:00:00+00:00,115.2709,3.8792,26.1273
2019-07-23 03:00:00+00:00,822.8713,6.7717,26.6513
2019-07-23 04:00:00+00:00,883.4463,6.9148,27.4240
2019-07-23 05:00:00+00:00,874.1899,6.9641,28.4056
2019-07-23 06:00:00+00:00,1426.3437,8.4322,29.4790
2019-07-23 07:00:00+00:00,1344.5239,8.0346,30.5129
2019-07-23 08:00:00+00:00,1035.5325,7.2215,30.9961
2019-07-23 09:00:00+00:00,1269.1189,8.0128,31.1879
2019-07-23 10:00:00+00:00,1255.9863,7.6135,30.9542
2019-07-23 11:00:00+00:00,1260.5744,7.7584,30.0407
2019-07-23 12:00:00+00:00,1602.6020,9.1959,29.4202
2019-07-23 13:00:00+00:00,1429.7199,8.2539,28.8584
2019-07-23 14:00:00+00:00,1638.2662,8.9841,28.2194
2019-07-23 15:00:00+00:00,1593.6592,8.6998,27.0634
2019-07-23 16:00:00+00:00,1401.5765,8.3482,27.3523
2019-07-23 17:00:00+00:00,1552.0932,8.5969,27.2832
2019-07-23 18:00:00+00:00,1719.5700,9.8966,26.9411
2019-07-23 19:00:00+00:00,1719.7700,9.8170,26.8215
2019-07-23 20:00:00+00:00,1601.1709,8.7480,26.4908
2019-07-23 21:00:00+00:00,1086.9878,7.8562,26.3529
2019-07-23 22:00:00+00:00,1486.4319,8.6995,26.1411
2019-07-23 23:00:00+00:00,1709.9051,9.4248,25.6555
2019-07-24 00:00:00+00:00,1460.2253,8.8846,25.5622
2019-07-24 01:00:00+00:00,802.8279,6.8027,25.7913
2019-07-24 02:00:00+00:00,684.9300,6.3395,26.4675
2019-07-24 03:00:00+00:00,1309.0070,8.0367,27.6183
2019-07-24 04:00:00+00:00,1518.3822,8.4091,29.0208
2019-07-24 05:00:00+00:00,1425.2187,8.1411,30.3274
2019-07-24 06:00:00+00:00,1174.0217,7.4989,31.6849
2019-07-24 07:00:00+00:00,1123.0896,7.3032,32.5952
2019-07-24 08:00:00+00:00,1326.7046,7.8127,32.9915
2019-07-24 09:00:00+00:00,823.3620,6.5835,33.5499
2019-07-24 10:00:00+00:00,907.4282,6.8210,33.4225
2019-07-24 11:00:00+00:00,933.2433,7.0464,33.7084
2019-07-24 12:00:00+00:00,1213.0391,7.6984,33.4230
2019-07-24 13:00:00+00:00,836.0651,6.8770,32.8663
2019-07-24 14:00:00+00:00,257.1065,4.9168,32.0216
2019-07-24 15:00:00+00:00,1535.0856,10.1578,31.0151
2019-07-24 16:00:00+00:00,1720.8012,9.4582,29.6433
2019-07-24 17:00:00+00:00,1715.1238,10.0153,28.8220
2019-07-24 18:00:00+00:00,1716.2464,10.8868,27.8962
2019-07-24 19:00:00+00:00,1719.0019,10.2535,27.2117
2019-07-24 20:00:00+00:00,1485.9529,8.3923,26.7910
2019-07-24 21:00:00+00:00,1598.4876,8.8336,26.5387
2019-07-24 22:00:00+00:00,1049.7752,7.8424,26.3914
2019-07-24 23:00:00+00:00,1258.8720,8.1832,26.3654
2019-07-25 00:00:00+00:00,1162.8479,7.9325,26.4350
2019-07-25 01:00:00+00:00,1043.1739,7.3308,26.4929
2019-07-25 02:00:00+00:00,1460.5593,8.7624,26.8636
2019-07-25 03:00:00+00:00,1717.9107,10.8133,27.5773
2019-07-25 04:00:00+00:00,1583.3770,8.7374,28.7821
2019-07-25 05:00:00+00:00,1354.2109,7.9091,30.0008
2019-07-25 06:00:00+00:00,1684.9842,9.1748,30.5593
2019-07-25 07:00:00+00:00,1622.7540,9.1393,31.6501
2019-07-25 08:00:00+00:00,1425.8181,8.8305,32.6946
2019-07-25 09:00:00+00:00,1532.3877,9.0769,32.9641
2019-07-25 10:00:00+00:00,1649.6305,9.9445,32.4967
2019-07-25 11:00:00+00:00,1542.3718,8.7780,31.8529
2019-07-25 12:00:00+00:00,1589.3645,8.7192,32.4173
2019-07-25 13:00:00+00:00,1442.8205,8.4902,32.3430
2019-07-25 14:00:00+00:00,1697.3814,9.0988,31.9216
2019-07-25 15:00:00+00:00,1676.8022,9.5879,31.0151
2019-07-25 16:00:00+00:00,1718.9967,10.5862,30.0487
2019-07-25 17:00:00+00:00,1527.1504,8.7202,29.0963
2019-07-25 18:00:00+00:00,1521.2967,8.8317,28.4845
2019-07-25 19:00:00+00:00,1714.9173,9.4889,27.9781
2019-07-25 20:00:00+00:00,1695.8212,9.2593,27.5892
2019-07-25 21:00:00+00:00,1669.6296,9.0492,27.0815
2019-07-25 22:00:00+00:00,1555.3513,8.7160,26.7984
2019-07-25 23:00:00+00:00,1705.2256,9.0133,26.6398
2019-07-26 00:00:00+00:00,1562.7066,8.6622,26.4724
2019-07-26 01:00:00+00:00,1291.2349,8.0258,26.5058
2019-07-26 02:00:00+00:00,1460.6380,8.2993,26.7874
2019-07-26 03:00:00+00:00,1473.1850,8.3518,27.4830
2019-07-26 04:00:00+00:00,1681.9056,9.0765,28.4521
2019-07-26 05:00:00+00:00,1714.5138,10.2131,29.2363
2019-07-26 06:00:00+00:00,1715.8328,10.3979,29.3625
2019-07-26 07:00:00+00:00,1719.2239,10.4650,29.8470
2019-07-26 08:00:00+00:00,1519.4878,8.4762,30.5459
2019-07-26 09:00:00+00:00,1566.8586,9.0243,31.2488
2019-07-26 10:00:00+00:00,1707.6168,11.7080,31.6043
2019-07-26 11:00:00+00:00,1705.6137,9.7777,30.7032
2019-07-26 12:00:00+00:00,1525.2310,9.6472,30.2111
2019-07-26 13:00:00+00:00,1694.6218,12.5301,26.6878
2019-07-26 14:00:00+00:00,1717.4104,10.6002,28.0270
2019-07-26 15:00:00+00:00,1540.6689,8.3478,27.4827
2019-07-26 16:00:00+00:00,1142.0548,7.6769,27.2687
2019-07-26 17:00:00+00:00,1709.1264,9.1331,26.9950
2019-07-26 18:00:00+00:00,1579.9615,8.8111,26.6021
2019-07-26 19:00:00+00:00,1720.1301,9.6736,26.3612
2019-07-26 20:00:00+00:00,1702.8161,9.0093,26.2730
2019-07-26 21:00:00+00:00,1720.2829,9.8004,26.2293
2019-07-26 22:00:00+00:00,1717.5776,9.2387,26.0224
2019-07-26 23:00:00+00:00,1719.4387,9.3853,26.0691
2019-07-27 00:00:00+00:00,1718.7062,9.3518,26.0738
2019-07-27 01:00:00+00:00,1671.4483,9.0112,26.2324
2019-07-27 02:00:00+00:00,1670.6522,9.9295,27.1799
2019-07-27 03:00:00+00:00,1719.5078,10.2572,28.4282
2019-07-27 04:00:00+00:00,1719.2564,13.1704,29.0758
2019-07-27 05:00:00+00:00,1717.7279,14.7058,29.6439
2019-07-27 06:00:00+00:00,1718.8587,14.8754,30.3831
2019-07-27 07:00:00+00:00,1720.3565,14.2373,31.0441
2019-07-27 08:00:00+00:00,1717.8178,13.4117,31.1401
2019-07-27 09:00:00+00:00,1720.4743,12.9619,30.8316
2019-07-27 10:00:00+00:00,1724.0345,13.2848,30.7151
2019-07-27 11:00:00+00:00,1718.6140,11.8993,30.7188
2019-07-27 12:00:00+00:00,1718.2913,11.4838,30.4903
2019-07-27 13:00:00+00:00,1718.4164,11.2335,29.5100
2019-07-27 14:00:00+00:00,1718.6046,11.7556,28.9079
2019-07-27 15:00:00+00:00,1720.9812,10.3300,28.4509
2019-07-27 16:00:00+00:00,1703.2163,9.6542,28.0275
2019-07-27 17:00:00+00:00,1719.0441,10.2144,27.5675
2019-07-27 18:00:00+00:00,1717.6972,9.9863,27.2197
2019-07-27 19:00:00+00:00,1722.1442,10.2619,26.9421
2019-07-27 20:00:00+00:00,1719.1372,10.7051,26.8084
2019-07-27 21:00:00+00:00,1718.7771,9.5646,26.6658
2019-07-27 22:00:00+00:00,1688.1753,8.7796,26.4654
2019-07-27 23:00:00+00:00,1721.5332,9.4156,26.3748
2019-07-28 00:00:00+00:00,1719.6653,9.1644,26.2924
2019-07-28 01:00:00+00:00,1635.1569,8.7750,26.2639
2019-07-28 02:00:00+00:00,1329.6498,8.3741,26.2382
2019-07-28 03:00:00+00:00,1403.4308,8.6652,26.7340
2019-07-28 04:00:00+00:00,1720.6512,10.4926,27.5647
2019-07-28 05:00:00+00:00,1720.1439,11.7425,27.8596
2019-07-28 06:00:00+00:00,1722.7367,10.9452,27.7383
2019-07-28 07:00:00+00:00,1716.2615,12.5249,28.4814
2019-07-28 08:00:00+00:00,1726.3298,12.4699,29.1005
2019-07-28 09:00:00+00:00,1719.3708,11.2092,29.2080
2019-07-28 10:00:00+00:00,1716.2607,12.1062,29.8888
2019-07-28 11:00:00+00:00,1721.5355,12.4199,29.9947
2019-07-28 12:00:00+00:00,1713.9135,10.7856,29.7083
2019-07-28 13:00:00+00:00,1720.4751,11.3319,29.3515
2019-07-28 14:00:00+00:00,1720.8454,10.9041,29.0192
2019-07-28 15:00:00+00:00,1719.8019,10.6014,28.5074
2019-07-28 16:00:00+00:00,1722.7679,11.0777,27.9555
2019-07-28 17:00:00+00:00,1721.1677,10.4213,27.3344
2019-07-28 18:00:00+00:00,1718.8260,10.6723,26.9261
2019-07-28 19:00:00+00:00,1720.4848,10.9786,26.4163
2019-07-28 20:00:00+00:00,1685.9418,9.0889,26.1589
2019-07-28 21:00:00+00:00,1720.0472,9.8589,26.1154
2019-07-28 22:00:00+00:00,1282.4038,8.1419,26.0816
2019-07-28 23:00:00+00:00,1634.4194,9.1485,26.1679
2019-07-29 00:00:00+00:00,1693.4775,9.5581,26.0982
2019-07-29 01:00:00+00:00,953.5896,6.9569,26.1965
2019-07-29 02:00:00+00:00,1438.6212,8.8886,26.7477
2019-07-29 03:00:00+00:00,1704.6594,9.7989,27.7130
2019-07-29 04:00:00+00:00,1720.1485,11.6253,28.7491
2019-07-29 05:00:00+00:00,1722.5449,13.1786,29.2481
2019-07-29 06:00:00+00:00,1718.3886,12.3095,30.2983
2019-07-29 07:00:00+00:00,1722.4569,12.5865,30.8995
2019-07-29 08:00:00+00:00,1715.7368,12.3430,30.9173
2019-07-29 09:00:00+00:00,1717.8430,10.7136,31.2040
2019-07-29 10:00:00+00:00,1722.3583,11.1844,31.4508
2019-07-29 11:00:00+00:00,1718.9674,10.4919,31.3830
2019-07-29 12:00:00+00:00,1720.9384,10.4176,30.3443
2019-07-29 13:00:00+00:00,1718.1174,9.5094,29.5207
2019-07-29 14:00:00+00:00,1449.4346,8.4437,28.8351
2019-07-29 15:00:00+00:00,1697.6708,10.9956,28.4661
2019-07-29 16:00:00+00:00,1715.2847,9.7772,27.9225
2019-07-29 17:00:00+00:00,1682.6249,9.1686,27.6242
2019-07-29 18:00:00+00:00,1714.1126,9.7696,27.3422
2019-07-29 19:00:00+00:00,1589.3515,9.1360,26.9549
2019-07-29 20:00:00+00:00,1263.7899,8.0860,26.6787
2019-07-29 21:00:00+00:00,1432.4328,8.3638,26.4962
2019-07-29 22:00:00+00:00,1553.9548,8.8239,26.3134
2019-07-29 23:00:00+00:00,1693.1741,9.0129,26.2318
2019-07-30 00:00:00+00:00,952.1243,7.4363,26.0335
2019-07-30 01:00:00+00:00,807.4493,6.7101,26.1579
2019-07-30 02:00:00+00:00,1459.5513,8.4106,26.5894
2019-07-30 03:00:00+00:00,1710.8966,10.3713,27.3666
2019-07-30 04:00:00+00:00,1722.5201,12.0949,28.0203
2019-07-30 05:00:00+00:00,1711.5080,13.0142,28.5365
2019-07-30 06:00:00+00:00,1721.8070,11.6628,29.3611
2019-07-30 07:00:00+00:00,814.9272,10.7143,30.3486
2019-07-30 08:00:00+00:00,915.3703,10.0700,31.1882
2019-07-30 09:00:00+00:00,1719.6558,13.1083,31.1783
2019-07-30 10:00:00+00:00,877.9367,10.6303,31.2926
2019-07-30 11:00:00+00:00,280.6804,8.6558,31.0071
2019-07-30 12:00:00+00:00,593.4443,8.9710,30.6424
2019-07-30 13:00:00+00:00,906.2082,9.2862,30.2776
2019-07-30 14:00:00+00:00,1218.9720,9.6014,29.9129
2019-07-30 15:00:00+00:00,1531.7359,9.9166,29.5481
2019-07-30 16:00:00+00:00,1706.3227,10.3699,29.0189
2019-07-30 17:00:00+00:00,1705.4275,10.6984,27.8615
2019-07-30 18:00:00+00:00,1706.6355,9.4364,27.2494
2019-07-30 19:00:00+00:00,1719.9096,9.7091,26.7018
2019-07-30 20:00:00+00:00,1574.6755,8.9757,26.4606
2019-07-30 21:00:00+00:00,1024.4623,7.6014,26.0955
2019-07-30 22:00:00+00:00,1165.1222,8.0351,25.9045
2019-07-30 23:00:00+00:00,969.6986,7.3309,25.8011
2019-07-31 00:00:00+00:00,930.3714,7.2970,25.8149
2019-07-31 01:00:00+00:00,823.4821,7.0074,26.3030
2019-07-31 02:00:00+00:00,1381.7333,8.5631,27.2507
2019-07-31 03:00:00+00:00,1720.5788,9.6802,28.0563
2019-07-31 04:00:00+00:00,1719.2245,10.6227,28.9776
2019-07-31 05:00:00+00:00,1700.4846,9.8676,30.1654
2019-07-31 06:00:00+00:00,1712.8006,10.2734,31.5720
2019-07-31 07:00:00+00:00,1706.3583,10.5465,32.5477
2019-07-31 08:00:00+00:00,1717.6162,10.8807,33.3685
2019-07-31 09:00:00+00:00,1705.9415,10.4202,34.0279
2019-07-31 10:00:00+00:00,1716.0695,11.3389,34.4005
2019-07-31 11:00:00+00:00,1717.7209,11.1619,33.9728
2019-07-31 12:00:00+00:00,1719.5473,10.2901,33.9817
2019-07-31 13:00:00+00:00,1707.2445,11.0615,32.4013
2019-07-31 14:00:00+00:00,1724.2421,10.1087,31.5210
2019-07-31 15:00:00+00:00,1395.9031,8.4924,31.2313
2019-07-31 16:00:00+00:00,1440.4323,8.3761,30.7414
2019-07-31 17:00:00+00:00,1692.5896,8.6837,29.7332
2019-07-31 18:00:00+00:00,1439.1427,8.5104,29.3836
2019-07-31 19:00:00+00:00,1706.0919,9.4234,29.2377
2019-07-31 20:00:00+00:00,1717.3777,9.9913,27.9879
2019-07-31 21:00:00+00:00,1675.5156,8.8993,27.4655
2019-07-31 22:00:00+00:00,1637.4524,8.7894,27.0151
2019-07-31 23:00:00+00:00,1718.1867,9.8525,26.7737
2019-08-01 00:00:00+00:00,1722.7047,10.2992,26.5796
2019-08-01 01:00:00+00:00,1430.5797,8.2807,26.6296
2019-08-01 02:00:00+00:00,1568.3616,8.9111,27.0609
2019-08-01 03:00:00+00:00,1724.7490,10.6777,28.1740
2019-08-01 04:00:00+00:00,1719.7217,11.7067,29.3395
2019-08-01 05:00:00+00:00,1718.6343,10.8319,29.7105
2019-08-01 06:00:00+00:00,1715.5689,10.6957,30.5610
2019-08-01 07:00:00+00:00,1696.7809,9.8210,31.2487
2019-08-01 08:00:00+00:00,1715.9126,10.6337,32.1622
2019-08-01 09:00:00+00:00,1698.9328,10.2067,32.9697
2019-08-01 10:00:00+00:00,1718.9397,11.1097,32.6888
2019-08-01 11:00:00+00:00,1402.5300,8.2818,32.2945
2019-08-01 12:00:00+00:00,1715.5081,11.3284,31.5966
2019-08-01 13:00:00+00:00,1699.1175,9.3575,31.2817
2019-08-01 14:00:00+00:00,1487.5442,11.6481,30.7956
2019-08-01 15:00:00+00:00,1602.2800,10.3702,29.6993
2019-08-01 16:00:00+00:00,1402.0347,8.8614,28.6731
2019-08-01 17:00:00+00:00,1722.6596,10.4429,29.1439
2019-08-01 18:00:00+00:00,1721.0865,10.8241,28.7151
2019-08-01 19:00:00+00:00,1716.2864,12.3902,28.1193
2019-08-01 20:00:00+00:00,1718.8059,10.7040,27.6748
2019-08-01 21:00:00+00:00,1722.3781,10.7141,27.2634
2019-08-01 22:00:00+00:00,1718.0110,11.1762,26.9814
2019-08-01 23:00:00+00:00,1720.4916,12.6007,26.7139
2019-08-02 00:00:00+00:00,1718.1376,11.2407,26.5421
2019-08-02 01:00:00+00:00,1721.1957,11.5177,26.6170
2019-08-02 02:00:00+00:00,1702.1971,9.7466,26.3677
2019-08-02 03:00:00+00:00,1711.2997,9.4673,26.2896
2019-08-02 04:00:00+00:00,1672.4511,9.0932,25.6405
2019-08-02 05:00:00+00:00,1683.1718,8.8507,26.2637
2019-08-02 06:00:00+00:00,1189.7408,7.6092,27.7214
2019-08-02 07:00:00+00:00,1696.2458,10.5563,29.3527
2019-08-02 08:00:00+00:00,1681.3839,9.5242,30.2992
2019-08-02 09:00:00+00:00,1457.0180,8.7648,29.8267
2019-08-02 10:00:00+00:00,1395.0097,8.2807,28.8638
2019-08-02 11:00:00+00:00,1068.0306,7.5191,28.8701
2019-08-02 12:00:00+00:00,1318.1877,8.2243,29.0243
2019-08-02 13:00:00+00:00,1718.4021,9.6154,29.1204
2019-08-02 14:00:00+00:00,1716.1237,9.7530,28.6744
2019-08-02 15:00:00+00:00,1691.0566,8.6847,28.2872
2019-08-02 16:00:00+00:00,1189.6511,7.8673,28.0685
2019-08-02 17:00:00+00:00,1267.5204,8.0782,27.7129
2019-08-02 18:00:00+00:00,1615.1850,8.6846,27.5420
2019-08-02 19:00:00+00:00,1696.8330,8.9687,27.0047
2019-08-02 20:00:00+00:00,1075.1704,7.8371,26.5741
2019-08-02 21:00:00+00:00,1006.8148,7.6316,26.0843
2019-08-02 22:00:00+00:00,1381.2683,8.6702,26.3906
2019-08-02 23:00:00+00:00,1598.9126,9.2078,26.6324
2019-08-03 00:00:00+00:00,1719.2345,10.0706,26.6742
2019-08-03 01:00:00+00:00,1720.1626,10.2482,26.6998
2019-08-03 02:00:00+00:00,1593.9377,9.0601,26.7174
2019-08-03 03:00:00+00:00,1706.6302,9.4392,27.1978
2019-08-03 04:00:00+00:00,1717.8170,10.7635,27.9534
2019-08-03 05:00:00+00:00,1714.5707,10.7071,29.3522
2019-08-03 06:00:00+00:00,1716.9713,12.8764,31.0602
2019-08-03 07:00:00+00:00,1720.5766,14.0196,31.6211
2019-08-03 08:00:00+00:00,1722.1690,14.4065,32.0799
2019-08-03 09:00:00+00:00,1719.0069,12.8464,32.0224
2019-08-03 10:00:00+00:00,1721.3304,12.2825,31.5983
2019-08-03 11:00:00+00:00,1719.1444,11.8905,31.1066
2019-08-03 12:00:00+00:00,1719.6196,10.6229,30.6448
2019-08-03 13:00:00+00:00,1717.3977,9.9675,30.1764
2019-08-03 14:00:00+00:00,1718.5408,10.6108,29.8598
2019-08-03 15:00:00+00:00,1719.1934,10.6057,29.4980
2019-08-03 16:00:00+00:00,1711.8666,9.8701,29.1152
2019-08-03 17:00:00+00:00,1683.3047,9.3406,28.7966
2019-08-03 18:00:00+00:00,1719.7992,10.3303,28.4412
2019-08-03 19:00:00+00:00,1591.8016,9.1145,28.0069
2019-08-03 20:00:00+00:00,1170.0405,7.8860,27.5600
2019-08-03 21:00:00+00:00,936.6319,7.3710,27.2135
2019-08-03 22:00:00+00:00,1537.9895,8.4632,27.2473
2019-08-03 23:00:00+00:00,1660.8850,9.1451,27.2221
2019-08-04 00:00:00+00:00,1625.6097,9.3673,27.2087
2019-08-04 01:00:00+00:00,1715.3616,10.2867,27.3255
2019-08-04 02:00:00+00:00,1579.5763,10.0271,27.7793
2019-08-04 03:00:00+00:00,1718.3098,10.7917,28.2805
2019-08-04 04:00:00+00:00,1720.2469,11.6048,29.2398
2019-08-04 05:00:00+00:00,1717.6833,14.3633,30.0146
2019-08-04 06:00:00+00:00,1723.7910,12.7396,30.6974
2019-08-04 07:00:00+00:00,1722.4671,15.2063,31.0492
2019-08-04 08:00:00+00:00,1721.4705,14.0064,30.9016
2019-08-04 09:00:00+00:00,1722.0869,12.5569,31.0672
2019-08-04 10:00:00+00:00,1714.7012,14.4640,30.6997
2019-08-04 11:00:00+00:00,1723.2284,14.9524,30.3084
2019-08-04 12:00:00+00:00,1721.2288,12.2618,30.1565
2019-08-04 13:00:00+00:00,1724.5515,12.8095,29.9690
2019-08-04 14:00:00+00:00,1699.4245,9.8367,29.4066
2019-08-04 15:00:00+00:00,1717.2601,11.3206,29.0314
2019-08-04 16:00:00+00:00,1719.8550,10.6952,28.6024
2019-08-04 17:00:00+00:00,1720.4553,10.8500,28.0257
2019-08-04 18:00:00+00:00,1723.8112,10.7802,27.7326
2019-08-04 19:00:00+00:00,1703.7370,9.6427,27.1437
2019-08-04 20:00:00+00:00,1651.2295,9.1752,26.5532
2019-08-04 21:00:00+00:00,1307.4702,8.1163,26.1541
2019-08-04 22:00:00+00:00,1684.0707,8.7608,26.0305
2019-08-04 23:00:00+00:00,1680.5886,8.8562,26.0715
2019-08-05 00:00:00+00:00,1698.5305,9.1059,26.5387
2019-08-05 01:00:00+00:00,1707.2159,9.1100,26.7708
2019-08-05 02:00:00+00:00,1711.8856,10.8779,27.2208
2019-08-05 03:00:00+00:00,1719.4598,12.7572,28.1440
2019-08-05 04:00:00+00:00,1723.5728,14.7417,29.1406
2019-08-05 05:00:00+00:00,1724.5805,16.3274,29.9590
2019-08-05 06:00:00+00:00,1713.2477,16.0507,30.2016
2019-08-05 07:00:00+00:00,1716.5675,16.6909,30.3978
2019-08-05 08:00:00+00:00,1711.6714,19.2594,30.0623
2019-08-05 09:00:00+00:00,1713.5027,21.6370,30.1428
2019-08-05 10:00:00+00:00,1714.2099,18.3488,30.2697
2019-08-05 11:00:00+00:00,1714.9172,13.4625,29.8661
2019-08-05 12:00:00+00:00,1715.6244,10.4896,29.2617
2019-08-05 13:00:00+00:00,1714.6933,11.8200,28.6676
2019-08-05 14:00:00+00:00,1712.5920,15.6585,27.9766
2019-08-05 15:00:00+00:00,1715.3775,14.8354,27.3905
2019-08-05 16:00:00+00:00,1720.3481,13.4089,27.1253
2019-08-05 17:00:00+00:00,1725.1462,11.9824,26.8601
2019-08-05 18:00:00+00:00,1724.1645,10.5334,26.5949
2019-08-05 19:00:00+00:00,1713.4866,10.6425,26.3843
2019-08-05 20:00:00+00:00,1695.9397,11.6370,26.2118
2019-08-05 21:00:00+00:00,1708.3131,12.6316,26.0957
2019-08-05 22:00:00+00:00,1722.6703,13.6400,25.9796
2019-08-05 23:00:00+00:00,1722.4188,14.6830,26.2255
2019-08-06 00:00:00+00:00,1712.5218,15.7274,26.7299
2019-08-06 01:00:00+00:00,1722.3548,16.7718,27.2344
2019-08-06 02:00:00+00:00,1740.0798,17.7366,27.7388
2019-08-06 03:00:00+00:00,1757.8048,17.9838,28.2433
2019-08-06 04:00:00+00:00,1723.8863,18.0717,28.7477
2019-08-06 05:00:00+00:00,1713.5132,18.1596,29.1803
2019-08-06 06:00:00+00:00,1711.8535,18.2474,29.5124
2019-08-06 07:00:00+00:00,1710.1937,18.3353,29.5485
2019-08-06 08:00:00+00:00,1721.0726,18.4232,29.3974
2019-08-06 09:00:00+00:00,1716.6602,18.4122,29.6274
2019-08-06 10:00:00+00:00,1717.1971,17.5118,29.5529
2019-08-06 11:00:00+00:00,1717.8991,15.9314,29.4134
2019-08-06 12:00:00+00:00,1719.7742,13.8986,29.3135
2019-08-06 13:00:00+00:00,1485.8295,13.6997,28.5472
2019-08-06 14:00:00+00:00,1712.3236,14.9847,27.3644
2019-08-06 15:00:00+00:00,1720.3159,12.5407,25.6576
2019-08-06 16:00:00+00:00,1718.7441,10.9659,25.6472
2019-08-06 17:00:00+00:00,1719.3956,10.0655,25.8990
2019-08-06 18:00:00+00:00,1720.0690,10.2434,25.8545
2019-08-06 19:00:00+00:00,1722.7479,10.5588,25.9800
2019-08-06 20:00:00+00:00,1719.2262,11.9258,26.0800
2019-08-06 21:00:00+00:00,1722.4296,11.4061,26.0918
2019-08-06 22:00:00+00:00,1721.1787,11.3757,26.2397
2019-08-06 23:00:00+00:00,1717.6783,11.5747,26.2144
2019-08-07 00:00:00+00:00,1721.9658,12.0429,26.3842
2019-08-07 01:00:00+00:00,1725.3612,11.8296,26.7535
2019-08-07 02:00:00+00:00,1722.3823,10.3313,27.1737
2019-08-07 03:00:00+00:00,1716.3518,11.1734,27.8997
2019-08-07 04:00:00+00:00,1719.3942,13.2545,29.0687
2019-08-07 05:00:00+00:00,1720.3165,14.6877,29.6275
2019-08-07 06:00:00+00:00,1717.4571,16.0318,30.1299
2019-08-07 07:00:00+00:00,1342.7961,16.8014,26.1089
2019-08-07 08:00:00+00:00,1703.8065,11.1513,26.1729
2019-08-07 09:00:00+00:00,1719.8402,15.4842,27.9724
2019-08-07 10:00:00+00:00,1721.0351,15.3880,27.5760
2019-08-07 11:00:00+00:00,1720.8488,14.2923,26.6312
2019-08-07 12:00:00+00:00,1715.9798,13.0939,26.2632
2019-08-07 13:00:00+00:00,1719.9873,12.0332,26.2017
2019-08-07 14:00:00+00:00,1721.5559,12.7093,26.7503
2019-08-07 15:00:00+00:00,1720.6877,13.2378,26.3857
2019-08-07 16:00:00+00:00,1720.3663,13.1290,26.4158
2019-08-07 17:00:00+00:00,1721.6875,13.8091,26.7575
2019-08-07 18:00:00+00:00,1718.0829,11.6980,26.7237
2019-08-07 19:00:00+00:00,1721.8100,11.2586,26.7361
2019-08-07 20:00:00+00:00,1721.4646,11.2104,26.6844
2019-08-07 21:00:00+00:00,1718.1892,13.7083,26.6500
2019-08-07 22:00:00+00:00,1714.5438,12.8468,26.6102
2019-08-07 23:00:00+00:00,1718.8440,12.8585,26.6336
2019-08-08 00:00:00+00:00,1719.9359,11.7368,26.7654
2019-08-08 01:00:00+00:00,1719.2016,10.8992,26.6288
2019-08-08 02:00:00+00:00,1718.3399,10.5382,26.9132
2019-08-08 03:00:00+00:00,1723.8763,11.2375,27.9564
2019-08-08 04:00:00+00:00,1717.3201,14.0411,29.4251
2019-08-08 05:00:00+00:00,1721.4552,13.7079,30.6413
2019-08-08 06:00:00+00:00,1628.0913,16.2537,31.7941
2019-08-08 07:00:00+00:00,1038.8951,16.4515,32.2850
2019-08-08 08:00:00+00:00,1717.2569,17.5409,32.2356
2019-08-08 09:00:00+00:00,1720.1267,16.7837,31.5407
2019-08-08 10:00:00+00:00,1722.4387,19.0542,30.1930
2019-08-08 11:00:00+00:00,1722.1343,16.6985,29.6289
2019-08-08 12:00:00+00:00,1717.2232,15.1875,28.9851
2019-08-08 13:00:00+00:00,1721.3121,12.6237,28.4605
2019-08-08 14:00:00+00:00,1722.6354,12.0439,27.9045
2019-08-08 15:00:00+00:00,1345.5842,8.6679,27.7465
2019-08-08 16:00:00+00:00,846.9786,6.7613,27.8264
2019-08-08 17:00:00+00:00,1668.0701,9.4919,27.8821
2019-08-08 18:00:00+00:00,1652.6439,8.8606,27.5796
2019-08-08 19:00:00+00:00,1525.3824,9.0252,27.3091
2019-08-08 20:00:00+00:00,1235.1288,7.7690,27.1354
2019-08-08 21:00:00+00:00,1532.0638,8.6287,26.9807
2019-08-08 22:00:00+00:00,895.3809,7.2104,26.8901
2019-08-08 23:00:00+00:00,837.8310,7.1998,26.8129
2019-08-09 00:00:00+00:00,568.3242,6.0893,26.8350
2019-08-09 01:00:00+00:00,404.6581,5.2918,27.1337
2019-08-09 02:00:00+00:00,841.5269,6.9104,27.6657
2019-08-09 03:00:00+00:00,1667.9282,9.4804,28.8589
2019-08-09 04:00:00+00:00,1717.9046,10.9730,29.7697
2019-08-09 05:00:00+00:00,1712.4854,12.1508,30.9427
2019-08-09 06:00:00+00:00,1723.8926,12.4823,32.0926
2019-08-09 07:00:00+00:00,1693.1257,11.4164,32.3407
2019-08-09 08:00:00+00:00,1700.2646,11.5434,32.9632
2019-08-09 09:00:00+00:00,1721.8861,12.2620,33.1853
2019-08-09 10:00:00+00:00,1722.5226,12.0794,33.0191
2019-08-09 11:00:00+00:00,1720.4361,11.2903,32.7130
2019-08-09 12:00:00+00:00,1723.9112,14.9672,29.3128
2019-08-09 13:00:00+00:00,1725.2803,12.3885,28.5691
2019-08-09 14:00:00+00:00,1716.5481,12.8820,28.1595
2019-08-09 15:00:00+00:00,1721.1559,10.1918,27.7749
2019-08-09 16:00:00+00:00,1699.3762,9.8540,27.4518
2019-08-09 17:00:00+00:00,983.5072,7.6626,27.2132
2019-08-09 18:00:00+00:00,1080.6207,7.7059,26.9851
2019-08-09 19:00:00+00:00,1434.8912,8.5691,26.9104
2019-08-09 20:00:00+00:00,1720.1275,9.5060,26.6976
2019-08-09 21:00:00+00:00,1721.3656,9.6379,26.4428
2019-08-09 22:00:00+00:00,1699.7822,9.3653,26.3192
2019-08-09 23:00:00+00:00,1218.9423,8.3053,26.2016
2019-08-10 00:00:00+00:00,1548.9378,8.8377,26.1129
2019-08-10 01:00:00+00:00,1687.3829,9.1685,26.0129
2019-08-10 02:00:00+00:00,1315.2185,7.8613,26.7472
2019-08-10 03:00:00+00:00,1630.9551,8.9185,27.7735
2019-08-10 04:00:00+00:00,1722.4986,12.1132,28.7888
2019-08-10 05:00:00+00:00,1719.7305,11.6464,29.6191
2019-08-10 06:00:00+00:00,1708.6139,10.7909,31.0171
2019-08-10 07:00:00+00:00,1722.3842,11.7069,31.7697
2019-08-10 08:00:00+00:00,1724.0545,12.0515,32.1524
2019-08-10 09:00:00+00:00,1719.1729,12.0957,32.6092
2019-08-10 10:00:00+00:00,1722.5925,12.6608,32.6165
2019-08-10 11:00:00+00:00,1720.9447,13.0229,32.0328
2019-08-10 12:00:00+00:00,1722.4782,12.1059,31.0545
2019-08-10 13:00:00+00:00,1718.7935,11.5967,30.1775
2019-08-10 14:00:00+00:00,1719.2986,10.9321,29.3737
2019-08-10 15:00:00+00:00,1710.0029,9.5841,29.0267
2019-08-10 16:00:00+00:00,1707.8692,10.0236,28.4356
2019-08-10 17:00:00+00:00,1718.3055,11.4753,27.9112
2019-08-10 18:00:00+00:00,1716.1242,9.6052,27.3235
2019-08-10 19:00:00+00:00,1717.8585,9.7925,26.7667
2019-08-10 20:00:00+00:00,1687.9429,8.9984,26.4316
2019-08-10 21:00:00+00:00,1715.9564,9.2309,26.2182
2019-08-10 22:00:00+00:00,1717.8019,9.5007,26.1819
2019-08-10 23:00:00+00:00,1716.4033,10.0390,26.2877
2019-08-11 00:00:00+00:00,1719.7355,10.0584,26.1383
2019-08-11 01:00:00+00:00,1719.3520,9.5043,26.2622
2019-08-11 02:00:00+00:00,1709.5939,10.8468,27.1010
2019-08-11 03:00:00+00:00,1719.7145,12.2790,28.1486
2019-08-11 04:00:00+00:00,1720.3484,12.1772,29.2818
2019-08-11 05:00:00+00:00,1719.1251,11.6871,30.1515
2019-08-11 06:00:00+00:00,1718.5230,12.9673,31.2542
2019-08-11 07:00:00+00:00,1717.5301,12.8525,31.8438
2019-08-11 08:00:00+00:00,1720.9929,10.4192,32.5521
2019-08-11 09:00:00+00:00,1707.2932,12.2377,32.5174
2019-08-11 10:00:00+00:00,1719.3209,11.4640,33.4618
2019-08-11 11:00:00+00:00,1720.6156,11.0745,33.6598
2019-08-11 12:00:00+00:00,1718.3136,11.1468,32.4279
2019-08-11 13:00:00+00:00,1719.1012,10.2569,31.3146
2019-08-11 14:00:00+00:00,1703.1605,9.1422,30.9634
2019-08-11 15:00:00+00:00,1643.7278,9.0320,30.6670
2019-08-11 16:00:00+00:00,1668.5069,9.1971,29.7436
2019-08-11 17:00:00+00:00,1718.8681,9.9827,29.1263
2019-08-11 18:00:00+00:00,1720.2163,10.3521,28.3003
2019-08-11 19:00:00+00:00,1716.0301,9.5834,27.1148
2019-08-11 20:00:00+00:00,1690.5934,9.2991,26.5334
2019-08-11 21:00:00+00:00,1721.4242,9.4356,26.1519
2019-08-11 22:00:00+00:00,1720.6853,9.4108,25.8661
2019-08-11 23:00:00+00:00,1720.5842,9.3051,25.6438
2019-08-12 00:00:00+00:00,1723.3944,9.2848,25.7609
2019-08-12 01:00:00+00:00,1182.6215,7.8460,25.8998
2019-08-12 02:00:00+00:00,1546.7333,8.6008,26.7968
2019-08-12 03:00:00+00:00,1719.6305,10.2818,28.1503
2019-08-12 04:00:00+00:00,1720.0175,10.6757,29.2191
2019-08-12 05:00:00+00:00,1707.9212,9.6788,29.7231
2019-08-12 06:00:00+00:00,1716.1234,10.0450,30.7143
2019-08-12 07:00:00+00:00,1720.6466,10.2211,31.0181
2019-08-12 08:00:00+00:00,1675.1153,9.4914,32.0224
2019-08-12 09:00:00+00:00,1586.0236,8.9650,32.2310
2019-08-12 10:00:00+00:00,1716.1848,9.8706,32.4774
2019-08-12 11:00:00+00:00,1602.6301,9.1178,32.6408
2019-08-12 12:00:00+00:00,1427.0599,8.4994,32.6808
2019-08-12 13:00:00+00:00,1517.1666,8.8477,31.9502
2019-08-12 14:00:00+00:00,1514.9052,8.6618,31.1066
2019-08-12 15:00:00+00:00,1530.0153,8.4959,30.6199
2019-08-12 16:00:00+00:00,1720.8522,10.5810,29.5583
2019-08-12 17:00:00+00:00,1716.0331,10.2655,28.5897
2019-08-12 18:00:00+00:00,1718.0786,9.9798,27.5701
2019-08-12 19:00:00+00:00,1600.9926,8.7654,27.1497
2019-08-12 20:00:00+00:00,1653.5074,8.8836,26.8690
2019-08-12 21:00:00+00:00,1517.6141,8.7258,26.5637
2019-08-12 22:00:00+00:00,1717.0721,9.3794,26.3713
2019-08-12 23:00:00+00:00,1689.5605,8.9835,26.1649
2019-08-13 00:00:00+00:00,1718.9038,9.5272,26.1027
2019-08-13 01:00:00+00:00,1722.5000,9.9029,26.2220
2019-08-13 02:00:00+00:00,1721.9776,10.7741,26.6326
2019-08-13 03:00:00+00:00,1710.9500,9.8808,27.6762
2019-08-13 04:00:00+00:00,1683.5466,9.2562,29.0231
2019-08-13 05:00:00+00:00,1578.6085,9.0307,30.2738
2019-08-13 06:00:00+00:00,1450.7583,8.2960,31.5464
2019-08-13 07:00:00+00:00,1319.2309,8.0136,32.1720
2019-08-13 08:00:00+00:00,1322.0716,7.9523,32.6824
2019-08-13 09:00:00+00:00,1475.2450,8.6155,33.1419
2019-08-13 10:00:00+00:00,1376.0997,8.0950,33.4717
2019-08-13 11:00:00+00:00,1123.7276,7.4657,33.1480
2019-08-13 12:00:00+00:00,791.7234,6.6492,32.8222
2019-08-13 13:00:00+00:00,1624.4984,10.3983,30.5685
2019-08-13 14:00:00+00:00,1707.8931,10.1288,30.0544
2019-08-13 15:00:00+00:00,1718.3214,10.3023,29.1367
2019-08-13 16:00:00+00:00,1652.6782,8.9307,28.3454
2019-08-13 17:00:00+00:00,1653.1683,9.3240,27.9512
2019-08-13 18:00:00+00:00,1608.2731,8.9427,27.6382
2019-08-13 19:00:00+00:00,1706.5096,9.3690,27.2094
2019-08-13 20:00:00+00:00,1718.6210,9.7287,26.7723
2019-08-13 21:00:00+00:00,1716.7278,9.6632,26.1282
2019-08-13 22:00:00+00:00,1390.9334,8.4292,25.7636
2019-08-13 23:00:00+00:00,1270.8452,8.0646,25.7358
2019-08-14 00:00:00+00:00,1286.7302,7.8897,25.5976
2019-08-14 01:00:00+00:00,1063.5902,7.5316,25.6298
2019-08-14 02:00:00+00:00,1312.3321,7.8698,26.4434
2019-08-14 03:00:00+00:00,1414.1896,8.1831,27.3668
2019-08-14 04:00:00+00:00,1194.0493,7.7084,27.7990
2019-08-14 05:00:00+00:00,1098.4185,7.3340,28.7948
2019-08-14 06:00:00+00:00,1104.5582,7.1580,29.9338
2019-08-14 07:00:00+00:00,1066.3853,7.1138,31.2276
2019-08-14 08:00:00+00:00,1420.8248,8.0559,32.0651
2019-08-14 09:00:00+00:00,1035.3427,7.2189,32.8524
2019-08-14 10:00:00+00:00,1138.6654,7.4340,33.2640
2019-08-14 11:00:00+00:00,1310.2076,7.7753,32.9672
2019-08-14 12:00:00+00:00,1595.8891,8.9740,32.3293
2019-08-14 13:00:00+00:00,1652.6583,9.2261,31.6406
2019-08-14 14:00:00+00:00,1262.9074,7.5376,30.1163
2019-08-14 15:00:00+00:00,1368.2952,8.2657,29.4308
2019-08-14 16:00:00+00:00,1646.0982,8.8538,28.6069
2019-08-14 17:00:00+00:00,1717.9235,10.8932,28.1996
2019-08-14 18:00:00+00:00,1721.2003,10.6971,27.5562
2019-08-14 19:00:00+00:00,1715.5959,10.2674,27.2146
2019-08-14 20:00:00+00:00,1594.1161,9.2799,26.9434
2019-08-14 21:00:00+00:00,1717.2613,10.0089,26.6239
2019-08-14 22:00:00+00:00,1719.1504,9.9507,26.4723
2019-08-14 23:00:00+00:00,1712.4322,10.2531,26.2533
2019-08-15 00:00:00+00:00,1674.2213,9.6562,25.9822
2019-08-15 01:00:00+00:00,1676.4951,9.3533,25.8164
2019-08-15 02:00:00+00:00,1720.1185,9.9757,26.1174
2019-08-15 03:00:00+00:00,1468.1009,8.5237,27.1474
2019-08-15 04:00:00+00:00,1204.1632,7.5627,29.1861
2019-08-15 05:00:00+00:00,1393.7427,7.9880,30.8489
2019-08-15 06:00:00+00:00,1292.3828,8.1745,31.7210
2019-08-15 07:00:00+00:00,1490.1175,8.4627,32.2897
2019-08-15 08:00:00+00:00,1549.7474,8.5953,32.3912
2019-08-15 09:00:00+00:00,1457.4222,8.3573,32.8418
2019-08-15 10:00:00+00:00,1502.6377,8.6913,32.9822
2019-08-15 11:00:00+00:00,1514.7689,8.6254,32.6278
2019-08-15 12:00:00+00:00,1385.3221,8.2415,32.6597
2019-08-15 13:00:00+00:00,1559.9855,9.8152,31.2290
2019-08-15 14:00:00+00:00,1600.7259,9.7614,28.8644
2019-08-15 15:00:00+00:00,1721.1177,11.1401,25.6739
2019-08-15 16:00:00+00:00,1028.6188,7.5077,24.5683
2019-08-15 17:00:00+00:00,877.2614,7.4103,26.1664
2019-08-15 18:00:00+00:00,1226.9966,8.3242,26.3854
2019-08-15 19:00:00+00:00,1331.1582,8.3278,26.3069
2019-08-15 20:00:00+00:00,1628.4886,8.7920,26.2327
2019-08-15 21:00:00+00:00,1544.8842,8.9245,26.2299
2019-08-15 22:00:00+00:00,1389.3962,8.6976,26.0728
2019-08-15 23:00:00+00:00,1388.2762,8.5092,25.9194
2019-08-16 00:00:00+00:00,1150.2902,8.1869,25.8509
2019-08-16 01:00:00+00:00,1254.3160,8.1692,25.7095
2019-08-16 02:00:00+00:00,859.2175,6.9695,26.0194
2019-08-16 03:00:00+00:00,1060.9903,7.3760,27.2109
2019-08-16 04:00:00+00:00,1068.7760,7.3087,29.1439
2019-08-16 05:00:00+00:00,1209.8841,7.4355,30.2302
2019-08-16 06:00:00+00:00,1208.6269,7.6735,31.3142
2019-08-16 07:00:00+00:00,789.3836,6.6251,28.3183
2019-08-16 08:00:00+00:00,504.8348,5.6389,31.8126
2019-08-16 09:00:00+00:00,1120.4049,7.4633,32.3009
2019-08-16 10:00:00+00:00,816.5574,6.6361,32.7709
2019-08-16 11:00:00+00:00,270.4619,5.1083,32.3424
2019-08-16 12:00:00+00:00,640.4663,6.4215,32.4423
2019-08-16 13:00:00+00:00,228.2138,4.8580,32.0583
2019-08-16 14:00:00+00:00,250.1541,4.9104,31.7069
2019-08-16 15:00:00+00:00,1172.8182,8.1742,30.1459
2019-08-16 16:00:00+00:00,1720.1335,10.0263,28.1800
2019-08-16 17:00:00+00:00,1700.3260,9.4404,27.5085
2019-08-16 18:00:00+00:00,1400.9389,8.5341,26.7295
2019-08-16 19:00:00+00:00,194.8125,4.5324,26.7617
2019-08-16 20:00:00+00:00,663.0763,6.4034,26.7607
2019-08-16 21:00:00+00:00,1206.1034,7.9577,26.5449
2019-08-16 22:00:00+00:00,1567.1919,8.7696,26.2208
2019-08-16 23:00:00+00:00,1226.9925,7.8812,25.9323
2019-08-17 00:00:00+00:00,912.3398,7.3084,25.7337
2019-08-17 01:00:00+00:00,838.7059,7.0545,25.8062
2019-08-17 02:00:00+00:00,797.2094,6.7213,26.2245
2019-08-17 03:00:00+00:00,1036.6710,7.3478,27.3663
2019-08-17 04:00:00+00:00,1444.3584,8.2876,28.7120
2019-08-17 05:00:00+00:00,1293.6032,7.8806,29.6642
2019-08-17 06:00:00+00:00,1042.4185,7.0748,30.5342
2019-08-17 07:00:00+00:00,571.3302,5.8763,31.3972
2019-08-17 08:00:00+00:00,640.2301,6.2104,32.1691
2019-08-17 09:00:00+00:00,237.0409,4.5641,31.6872
2019-08-17 10:00:00+00:00,283.1662,4.9173,30.9674
2019-08-17 11:00:00+00:00,385.5184,5.1627,31.4174
2019-08-17 12:00:00+00:00,176.8787,4.2722,30.7220
2019-08-17 13:00:00+00:00,912.3256,6.8284,29.5576
2019-08-17 14:00:00+00:00,123.5755,3.9012,29.0967
2019-08-17 15:00:00+00:00,184.3167,4.6769,28.5810
2019-08-17 16:00:00+00:00,563.8566,6.2171,27.9539
2019-08-17 17:00:00+00:00,959.5636,7.2952,27.3370
2019-08-17 18:00:00+00:00,1404.2961,8.4484,26.5135
2019-08-17 19:00:00+00:00,1069.6925,7.5158,25.4227
2019-08-17 20:00:00+00:00,1056.8958,7.5073,25.5407
2019-08-17 21:00:00+00:00,754.5011,6.7521,25.5465
2019-08-17 22:00:00+00:00,1235.6311,7.8998,25.5858
2019-08-17 23:00:00+00:00,364.4046,5.2350,25.7240
2019-08-18 00:00:00+00:00,583.6697,6.3386,25.4033
2019-08-18 01:00:00+00:00,626.0120,6.5559,24.9656
2019-08-18 02:00:00+00:00,483.7846,5.9177,24.9674
2019-08-18 03:00:00+00:00,664.0079,6.4243,25.4321
2019-08-18 04:00:00+00:00,733.0241,6.7298,25.6944
2019-08-18 05:00:00+00:00,548.4028,6.0586,26.2297
2019-08-18 06:00:00+00:00,446.1547,5.8240,26.3193
2019-08-18 07:00:00+00:00,364.0749,5.2997,25.1540
2019-08-18 08:00:00+00:00,201.8370,4.4382,25.2893
2019-08-18 09:00:00+00:00,60.4703,3.5541,25.7829
2019-08-18 10:00:00+00:00,79.5905,3.7441,25.8083
2019-08-18 11:00:00+00:00,54.3385,3.4535,25.7391
2019-08-18 12:00:00+00:00,100.1717,3.9019,26.0103
2019-08-18 13:00:00+00:00,206.2497,4.7807,26.0807
2019-08-18 14:00:00+00:00,292.7312,5.3798,25.7951
2019-08-18 15:00:00+00:00,454.9260,6.0692,25.8421
2019-08-18 16:00:00+00:00,339.3611,5.5360,25.6757
2019-08-18 17:00:00+00:00,297.5993,5.0445,25.7758
2019-08-18 18:00:00+00:00,380.3024,5.4889,25.4615
2019-08-18 19:00:00+00:00,1031.7349,7.8169,25.4746
2019-08-18 20:00:00+00:00,1220.3515,8.3194,25.3101
2019-08-18 21:00:00+00:00,1055.6209,7.8653,25.0333
2019-08-18 22:00:00+00:00,649.7227,6.7836,24.8265
2019-08-18 23:00:00+00:00,369.8230,5.9414,24.7920
2019-08-19 00:00:00+00:00,238.8641,5.0706,24.8116
2019-08-19 01:00:00+00:00,190.7097,4.7693,25.0305
2019-08-19 02:00:00+00:00,301.0725,5.0372,25.7404
2019-08-19 03:00:00+00:00,422.9274,5.4180,27.0510
2019-08-19 04:00:00+00:00,624.9379,6.2589,28.3189
2019-08-19 05:00:00+00:00,599.1375,6.2651,29.5137
2019-08-19 06:00:00+00:00,609.7294,5.9462,30.4950
2019-08-19 07:00:00+00:00,475.3967,5.6458,31.2789
2019-08-19 08:00:00+00:00,582.1955,6.0144,32.1737
2019-08-19 09:00:00+00:00,432.8086,5.3973,32.6073
2019-08-19 10:00:00+00:00,246.9866,4.8928,30.2553
2019-08-19 11:00:00+00:00,200.1600,4.4656,31.6687
2019-08-19 12:00:00+00:00,4.6311,2.4182,31.7058
2019-08-19 13:00:00+00:00,7.2040,2.2516,31.5574
2019-08-19 14:00:00+00:00,592.0893,5.9469,28.0412
2019-08-19 15:00:00+00:00,283.9376,4.9864,27.1886
2019-08-19 16:00:00+00:00,322.6886,5.4057,27.6650
2019-08-19 17:00:00+00:00,616.6323,5.7720,26.1737
2019-08-19 18:00:00+00:00,316.7829,4.8833,25.2366
2019-08-19 19:00:00+00:00,767.0947,6.4643,23.7726
2019-08-19 20:00:00+00:00,887.1836,6.8589,23.7036
2019-08-19 21:00:00+00:00,1007.9835,7.3648,23.0928
2019-08-19 22:00:00+00:00,1066.8097,7.5208,23.7545
2019-08-19 23:00:00+00:00,339.1232,5.3518,24.0487
2019-08-20 00:00:00+00:00,440.7793,5.8787,24.5905
2019-08-20 01:00:00+00:00,212.9324,4.7364,24.7091
2019-08-20 02:00:00+00:00,391.8820,5.3857,24.8690
2019-08-20 03:00:00+00:00,691.8775,6.5383,24.9004
2019-08-20 04:00:00+00:00,1306.9793,7.9471,24.9017
2019-08-20 05:00:00+00:00,1554.1784,8.3705,25.7660
2019-08-20 06:00:00+00:00,1694.5459,9.1034,26.6222
2019-08-20 07:00:00+00:00,1546.4791,8.6294,26.7570
2019-08-20 08:00:00+00:00,1047.0161,7.3048,27.5221
2019-08-20 09:00:00+00:00,494.7336,5.7842,27.9893
2019-08-20 10:00:00+00:00,413.4518,5.6676,28.3455
2019-08-20 11:00:00+00:00,258.3581,4.8808,28.6516
2019-08-20 12:00:00+00:00,56.9052,3.3822,28.6982
2019-08-20 13:00:00+00:00,40.6021,3.5122,28.8512
2019-08-20 14:00:00+00:00,8.3527,3.0659,29.0141
2019-08-20 15:00:00+00:00,-6.5209,2.8350,29.0153
2019-08-20 16:00:00+00:00,21.8952,3.3378,29.3410
2019-08-20 17:00:00+00:00,785.4518,6.3774,28.2591
2019-08-20 18:00:00+00:00,981.2851,7.3092,26.8268
2019-08-20 19:00:00+00:00,496.4419,6.2066,27.5735
2019-08-20 20:00:00+00:00,882.1533,7.3948,27.0902
2019-08-20 21:00:00+00:00,1691.2595,9.1812,25.9125
2019-08-20 22:00:00+00:00,1512.5230,8.9465,24.6885
2019-08-20 23:00:00+00:00,1481.6792,8.6727,25.2573
2019-08-21 00:00:00+00:00,1693.4961,9.2212,24.2517
2019-08-21 01:00:00+00:00,1442.7847,8.5832,23.4552
2019-08-21 02:00:00+00:00,1053.1512,7.4927,23.0372
2019-08-21 03:00:00+00:00,694.7734,6.5745,22.8669
2019-08-21 04:00:00+00:00,778.3026,6.9881,23.6780
2019-08-21 05:00:00+00:00,675.2747,6.5874,24.9671
2019-08-21 06:00:00+00:00,1194.0074,7.7935,26.3457
2019-08-21 07:00:00+00:00,811.3030,6.8787,27.2421
2019-08-21 08:00:00+00:00,707.5648,6.4530,28.2641
2019-08-21 09:00:00+00:00,612.2122,6.1238,29.3750
2019-08-21 10:00:00+00:00,687.5523,6.4007,30.1702
2019-08-21 11:00:00+00:00,635.9592,6.2615,30.4756
2019-08-21 12:00:00+00:00,461.7420,5.8557,30.3401
2019-08-21 13:00:00+00:00,177.8172,4.5239,30.2357
2019-08-21 14:00:00+00:00,46.7990,3.1005,29.6998
2019-08-21 15:00:00+00:00,259.1697,3.7938,29.0718
2019-08-21 16:00:00+00:00,1280.0831,7.8295,27.2564
2019-08-21 17:00:00+00:00,1561.7942,8.4678,25.8662
2019-08-21 18:00:00+00:00,794.4090,6.7792,24.1248
2019-08-21 19:00:00+00:00,1611.2098,8.8050,23.9857
2019-08-21 20:00:00+00:00,997.1611,7.1739,24.0646
2019-08-21 21:00:00+00:00,457.2135,5.8184,24.2459
2019-08-21 22:00:00+00:00,262.0094,4.9987,24.2171
2019-08-21 23:00:00+00:00,192.9350,4.6428,24.2300
2019-08-22 00:00:00+00:00,210.2606,4.7864,23.9773
2019-08-22 01:00:00+00:00,172.4341,4.7124,24.0006
2019-08-22 02:00:00+00:00,283.9947,5.1987,24.1496
2019-08-22 03:00:00+00:00,486.9160,5.6928,25.2254
2019-08-22 04:00:00+00:00,737.0358,6.5099,26.4056
2019-08-22 05:00:00+00:00,959.0819,7.0915,27.1860
2019-08-22 06:00:00+00:00,1135.9476,7.5218,28.5421
2019-08-22 07:00:00+00:00,700.0534,6.4052,29.4530
2019-08-22 08:00:00+00:00,1140.9808,8.4656,28.1085
2019-08-22 09:00:00+00:00,142.1582,4.2262,28.8555
2019-08-22 10:00:00+00:00,83.9949,3.7169,26.3018
2019-08-22 11:00:00+00:00,-4.8804,2.5599,27.2769
2019-08-22 12:00:00+00:00,-6.5027,2.4665,28.6230
2019-08-22 13:00:00+00:00,-6.7125,2.2619,28.5867
2019-08-22 14:00:00+00:00,495.1854,5.3682,27.1461
2019-08-22 15:00:00+00:00,1399.2871,8.3458,24.6565
2019-08-22 16:00:00+00:00,791.8158,6.7824,23.3283
2019-08-22 17:00:00+00:00,282.0412,5.2980,23.6158
2019-08-22 18:00:00+00:00,533.6891,6.1771,25.0646
2019-08-22 19:00:00+00:00,798.9490,6.9702,25.1082
2019-08-22 20:00:00+00:00,1154.9938,7.9610,25.2425
2019-08-22 21:00:00+00:00,1330.9032,8.4766,25.1688
2019-08-22 22:00:00+00:00,1715.2017,9.3846,25.1860
2019-08-22 23:00:00+00:00,1570.3602,8.9615,25.0369
2019-08-23 00:00:00+00:00,1719.3183,9.5726,25.0264
2019-08-23 01:00:00+00:00,1717.4543,9.4093,24.9939
2019-08-23 02:00:00+00:00,1568.8029,8.4110,25.3801
2019-08-23 03:00:00+00:00,1612.2163,8.8227,26.1255
2019-08-23 04:00:00+00:00,1708.4051,9.4844,27.0252
2019-08-23 05:00:00+00:00,1628.2621,9.0064,28.0079
2019-08-23 06:00:00+00:00,1383.6091,8.3107,29.0463
2019-08-23 07:00:00+00:00,1390.5398,8.2268,30.2549
2019-08-23 08:00:00+00:00,1544.3299,8.6719,31.0570
2019-08-23 09:00:00+00:00,1023.2729,7.3273,31.3381
2019-08-23 10:00:00+00:00,1005.3548,7.2763,31.8808
2019-08-23 11:00:00+00:00,791.9079,6.5174,32.0894
2019-08-23 12:00:00+00:00,419.2879,5.0843,29.9987
2019-08-23 13:00:00+00:00,824.7599,6.7424,29.9031
2019-08-23 14:00:00+00:00,733.7790,6.4328,29.2021
2019-08-23 15:00:00+00:00,599.4775,6.2780,28.7101
2019-08-23 16:00:00+00:00,1711.7733,9.2397,28.4129
2019-08-23 17:00:00+00:00,1719.1816,10.2241,27.7957
2019-08-23 18:00:00+00:00,1690.4443,10.0562,26.9864
2019-08-23 19:00:00+00:00,1717.5520,9.9806,26.3527
2019-08-23 20:00:00+00:00,1714.7880,9.8785,25.9333
2019-08-23 21:00:00+00:00,1714.4321,9.7512,25.9047
2019-08-23 22:00:00+00:00,1714.2566,9.7200,25.9062
2019-08-23 23:00:00+00:00,1693.9278,9.1812,25.7515
2019-08-24 00:00:00+00:00,1580.8807,8.8036,25.4695
2019-08-24 01:00:00+00:00,1713.0349,9.3790,25.4304
2019-08-24 02:00:00+00:00,1714.6671,9.8530,25.7154
2019-08-24 03:00:00+00:00,1720.4502,10.2799,26.3624
2019-08-24 04:00:00+00:00,1618.7194,9.3414,27.3952
2019-08-24 05:00:00+00:00,1488.6527,8.3877,28.5780
2019-08-24 06:00:00+00:00,1502.9071,8.4479,29.2502
2019-08-24 07:00:00+00:00,1407.3380,7.9605,30.5071
2019-08-24 08:00:00+00:00,1088.8996,7.4197,30.9570
2019-08-24 09:00:00+00:00,923.2053,6.9231,29.8180
2019-08-24 10:00:00+00:00,618.2375,5.8688,30.4555
2019-08-24 11:00:00+00:00,379.5352,5.5276,30.5154
2019-08-24 12:00:00+00:00,1025.0979,7.5439,29.2900
2019-08-24 13:00:00+00:00,1590.2102,8.8351,29.1428
2019-08-24 14:00:00+00:00,741.7408,6.5856,28.4030
2019-08-24 15:00:00+00:00,1091.3911,7.5435,28.1312
2019-08-24 16:00:00+00:00,1086.9445,7.8074,27.3310
2019-08-24 17:00:00+00:00,1543.3304,9.0289,27.0505
2019-08-24 18:00:00+00:00,1720.0613,9.3966,26.5819
2019-08-24 19:00:00+00:00,1706.8559,9.0300,26.3413
2019-08-24 20:00:00+00:00,1530.8146,8.5963,26.1931
2019-08-24 21:00:00+00:00,1678.2252,9.1664,26.0677
2019-08-24 22:00:00+00:00,1496.3301,8.7066,25.7970
2019-08-24 23:00:00+00:00,1517.4067,8.7049,25.6428
2019-08-25 00:00:00+00:00,1287.8609,8.2329,25.4199
2019-08-25 01:00:00+00:00,1077.3948,7.6026,25.2862
2019-08-25 02:00:00+00:00,1191.8086,7.7776,25.8621
2019-08-25 03:00:00+00:00,1609.9603,8.5399,26.7902
2019-08-25 04:00:00+00:00,1401.0871,8.3147,27.8321
2019-08-25 05:00:00+00:00,1139.5793,7.3662,28.9276
2019-08-25 06:00:00+00:00,1611.1668,8.8674,29.8016
2019-08-25 07:00:00+00:00,1637.7320,9.0668,30.3885
2019-08-25 08:00:00+00:00,1496.7270,8.4713,31.1522
2019-08-25 09:00:00+00:00,1431.7272,8.4158,32.0028
2019-08-25 10:00:00+00:00,1400.4763,8.2901,32.4945
2019-08-25 11:00:00+00:00,1545.6974,8.7809,32.5512
2019-08-25 12:00:00+00:00,1697.7139,9.4662,31.8723
2019-08-25 13:00:00+00:00,1335.7851,8.2078,31.1206
2019-08-25 14:00:00+00:00,1114.0279,7.8035,30.5510
2019-08-25 15:00:00+00:00,1523.4337,9.1997,29.6778
2019-08-25 16:00:00+00:00,1721.1630,9.0488,28.2233
2019-08-25 17:00:00+00:00,1473.8731,8.7026,27.7495
2019-08-25 18:00:00+00:00,1648.5850,8.8800,27.3312
2019-08-25 19:00:00+00:00,1721.9525,9.8133,26.8908
2019-08-25 20:00:00+00:00,1714.1260,9.2258,26.4942
2019-08-25 21:00:00+00:00,1611.5678,9.0212,26.0371
2019-08-25 22:00:00+00:00,1126.7321,8.1405,25.6711
2019-08-25 23:00:00+00:00,1005.2493,7.8860,25.6021
2019-08-26 00:00:00+00:00,705.4299,6.8759,25.3012
2019-08-26 01:00:00+00:00,698.9050,6.7920,25.3112
2019-08-26 02:00:00+00:00,381.8417,5.3521,26.1031
2019-08-26 03:00:00+00:00,1167.6256,7.6940,26.7927
2019-08-26 04:00:00+00:00,1370.2691,7.9724,27.7891
2019-08-26 05:00:00+00:00,1528.9842,8.5738,29.0496
2019-08-26 06:00:00+00:00,1403.6397,8.6212,30.2505
2019-08-26 07:00:00+00:00,1369.1609,8.3163,30.8602
2019-08-26 08:00:00+00:00,1519.7169,8.4950,31.7461
2019-08-26 09:00:00+00:00,1566.2941,8.9515,32.3716
2019-08-26 10:00:00+00:00,1576.8634,9.0181,32.4893
2019-08-26 11:00:00+00:00,1637.7942,9.2094,32.4608
2019-08-26 12:00:00+00:00,1493.4183,8.4309,32.1131
2019-08-26 13:00:00+00:00,1289.2427,8.0789,31.5076
2019-08-26 14:00:00+00:00,1174.1900,7.9338,30.8563
2019-08-26 15:00:00+00:00,1487.5887,9.0057,29.8913
2019-08-26 16:00:00+00:00,356.6915,4.4363,28.9284
2019-08-26 17:00:00+00:00,637.3986,5.9637,28.4305
2019-08-26 18:00:00+00:00,922.9121,7.5181,28.0977
2019-08-26 19:00:00+00:00,761.0597,6.6663,27.8188
2019-08-26 20:00:00+00:00,432.0180,6.0134,27.2309
2019-08-26 21:00:00+00:00,416.7354,5.8787,26.8089
2019-08-26 22:00:00+00:00,356.2452,5.4099,26.4600
2019-08-26 23:00:00+00:00,179.3354,4.6635,26.0858
2019-08-27 00:00:00+00:00,523.7455,6.2828,25.8144
2019-08-27 01:00:00+00:00,326.7801,5.2467,26.0429
2019-08-27 02:00:00+00:00,388.1954,5.3167,26.9792
2019-08-27 03:00:00+00:00,847.7966,6.8032,28.0743
2019-08-27 04:00:00+00:00,942.8258,6.9861,29.0767
2019-08-27 05:00:00+00:00,854.6820,6.6995,30.1964
2019-08-27 06:00:00+00:00,959.4070,7.1194,31.2261
2019-08-27 07:00:00+00:00,882.6598,6.6993,32.2933
2019-08-27 08:00:00+00:00,838.2269,6.6285,32.7572
2019-08-27 09:00:00+00:00,838.5344,6.7689,32.8042
2019-08-27 10:00:00+00:00,1076.0735,7.6845,32.6867
2019-08-27 11:00:00+00:00,694.7906,6.4360,32.6260
2019-08-27 12:00:00+00:00,718.2596,6.5068,32.3894
2019-08-27 13:00:00+00:00,746.6238,6.7004,32.3999
2019-08-27 14:00:00+00:00,1390.8774,8.3549,31.9918
2019-08-27 15:00:00+00:00,1622.5782,9.2325,31.5183
2019-08-27 16:00:00+00:00,1604.0646,9.0216,30.7903
2019-08-27 17:00:00+00:00,1722.3587,9.7061,29.6944
2019-08-27 18:00:00+00:00,1707.0147,9.2083,28.8177
2019-08-27 19:00:00+00:00,1717.9052,9.3952,28.0710
2019-08-27 20:00:00+00:00,1722.6612,10.2995,27.3483
2019-08-27 21:00:00+00:00,1721.5842,10.4654,26.7732
2019-08-27 22:00:00+00:00,1718.5477,9.4156,26.3520
2019-08-27 23:00:00+00:00,1718.4449,9.2618,26.0328
2019-08-28 00:00:00+00:00,1195.0776,8.2154,25.7277
2019-08-28 01:00:00+00:00,823.9832,7.1014,25.4647
2019-08-28 02:00:00+00:00,259.8481,4.8658,25.9808
2019-08-28 03:00:00+00:00,165.5119,4.2114,27.1635
2019-08-28 04:00:00+00:00,583.8995,5.8991,28.6185
2019-08-28 05:00:00+00:00,640.8660,6.1619,29.7097
2019-08-28 06:00:00+00:00,377.0132,5.1935,30.5706
2019-08-28 07:00:00+00:00,383.7784,5.2957,31.1065
2019-08-28 08:00:00+00:00,647.1565,6.0479,31.6106
2019-08-28 09:00:00+00:00,353.2785,5.2808,32.0170
2019-08-28 10:00:00+00:00,316.7327,5.0743,32.3323
2019-08-28 11:00:00+00:00,114.0188,3.8889,32.3795
2019-08-28 12:00:00+00:00,-5.9676,2.1844,32.3787
2019-08-28 13:00:00+00:00,311.7661,3.9212,31.3056
2019-08-28 14:00:00+00:00,389.0444,5.2208,29.4075
2019-08-28 15:00:00+00:00,87.4807,3.6437,29.5477
2019-08-28 16:00:00+00:00,323.7954,5.2471,29.2219
2019-08-28 17:00:00+00:00,466.2246,5.9227,29.0733
2019-08-28 18:00:00+00:00,961.2647,7.3530,28.5647
2019-08-28 19:00:00+00:00,988.8679,7.6858,28.1952
2019-08-28 20:00:00+00:00,1248.6432,8.0392,27.6097
2019-08-28 21:00:00+00:00,1639.5834,8.6512,27.2570
2019-08-28 22:00:00+00:00,961.4468,7.4090,26.7952
2019-08-28 23:00:00+00:00,761.9586,7.0445,26.6022
2019-08-29 00:00:00+00:00,718.7901,7.0562,26.2822
2019-08-29 01:00:00+00:00,751.4350,7.0356,26.2226
2019-08-29 02:00:00+00:00,844.2869,6.8634,27.1596
2019-08-29 03:00:00+00:00,1244.0230,7.6294,28.2961
2019-08-29 04:00:00+00:00,1578.0838,8.6387,29.1391
2019-08-29 05:00:00+00:00,1375.5687,7.9795,30.0511
2019-08-29 06:00:00+00:00,1081.3030,7.3793,30.9665
2019-08-29 07:00:00+00:00,889.5157,6.8568,31.8761
2019-08-29 08:00:00+00:00,1192.4405,7.5933,32.7373
2019-08-29 09:00:00+00:00,1022.5674,7.2892,32.8696
2019-08-29 10:00:00+00:00,516.8818,5.9306,33.1585
2019-08-29 11:00:00+00:00,338.0518,4.9472,33.2462
2019-08-29 12:00:00+00:00,55.1078,3.0174,33.1646
2019-08-29 13:00:00+00:00,685.0407,6.5250,33.0551
2019-08-29 14:00:00+00:00,872.9836,7.2412,32.3298
2019-08-29 15:00:00+00:00,860.7659,7.3581,32.0884
2019-08-29 16:00:00+00:00,1660.2735,9.4957,30.5469
2019-08-29 17:00:00+00:00,1718.1632,9.8683,29.3107
2019-08-29 18:00:00+00:00,1719.2294,9.9482,28.6026
2019-08-29 19:00:00+00:00,1585.4289,8.8644,28.0996
2019-08-29 20:00:00+00:00,1194.3139,7.9148,27.5927
2019-08-29 21:00:00+00:00,1019.0639,7.3945,27.1851
2019-08-29 22:00:00+00:00,1294.0542,8.3039,26.6985
2019-08-29 23:00:00+00:00,1622.4777,8.9659,26.3367
2019-08-30 00:00:00+00:00,1528.5122,8.5413,26.1191
2019-08-30 01:00:00+00:00,1103.0289,7.5704,26.0796
2019-08-30 02:00:00+00:00,1636.4438,8.7789,26.3502
2019-08-30 03:00:00+00:00,1688.1452,9.3522,26.9530
2019-08-30 04:00:00+00:00,1722.0230,11.2171,28.0761
2019-08-30 05:00:00+00:00,1699.3422,10.0026,29.2898
2019-08-30 06:00:00+00:00,1680.7812,9.6970,30.1145
2019-08-30 07:00:00+00:00,1706.4946,9.8546,31.3922
2019-08-30 08:00:00+00:00,1702.6578,9.5837,32.0856
2019-08-30 09:00:00+00:00,1670.8402,9.2757,32.6889
2019-08-30 10:00:00+00:00,1683.1921,9.8035,33.0311
2019-08-30 11:00:00+00:00,1720.6521,11.4707,32.2939
2019-08-30 12:00:00+00:00,1720.6703,11.7465,31.5535
2019-08-30 13:00:00+00:00,1719.8431,10.4914,30.8703
2019-08-30 14:00:00+00:00,1720.4989,9.7879,29.8603
2019-08-30 15:00:00+00:00,1677.9967,9.4446,29.3190
2019-08-30 16:00:00+00:00,1685.6206,9.7317,28.6755
2019-08-30 17:00:00+00:00,1683.9449,9.1325,28.4227
2019-08-30 18:00:00+00:00,1719.5120,10.5019,27.9066
2019-08-30 19:00:00+00:00,1718.8865,9.5341,27.4108
2019-08-30 20:00:00+00:00,1719.8614,9.7922,26.8948
2019-08-30 21:00:00+00:00,1720.2597,9.7459,26.5395
2019-08-30 22:00:00+00:00,1721.6321,10.4997,26.3013
2019-08-30 23:00:00+00:00,1719.2664,9.4943,26.0961
2019-08-31 00:00:00+00:00,1714.9867,9.4434,25.9268
2019-08-31 01:00:00+00:00,1674.6933,8.8360,25.9559
2019-08-31 02:00:00+00:00,1638.7242,8.7847,26.3124
2019-08-31 03:00:00+00:00,1707.9405,9.5903,26.9564
2019-08-31 04:00:00+00:00,1718.7608,10.4381,27.7955
2019-08-31 05:00:00+00:00,1700.5030,10.2407,28.6273
2019-08-31 06:00:00+00:00,1711.5447,9.7262,29.3227
2019-08-31 07:00:00+00:00,1655.3357,9.4649,29.9858
2019-08-31 08:00:00+00:00,1688.4342,9.7008,30.9191
2019-08-31 09:00:00+00:00,1711.5592,10.2023,31.0284
2019-08-31 10:00:00+00:00,1535.6978,9.5835,31.0337
2019-08-31 11:00:00+00:00,1386.9546,8.6421,31.1595
2019-08-31 12:00:00+00:00,1604.2753,9.0911,30.9090
2019-08-31 13:00:00+00:00,1681.4242,9.0970,30.5999
2019-08-31 14:00:00+00:00,1647.6289,8.5058,28.9707
2019-08-31 15:00:00+00:00,1640.7761,8.3734,27.0875
2019-08-31 16:00:00+00:00,1701.7463,8.0894,26.1933
2019-08-31 17:00:00+00:00,1708.7483,9.1051,26.2578
2019-08-31 18:00:00+00:00,1616.1721,8.6545,25.7476
2019-08-31 19:00:00+00:00,1345.2183,7.8850,24.8142
2019-08-31 20:00:00+00:00,1142.2561,7.4535,25.1164
2019-08-31 21:00:00+00:00,828.1720,6.8553,24.6200
2019-08-31 22:00:00+00:00,505.3807,6.1055,24.3818
2019-08-31 23:00:00+00:00,529.8033,6.0378,23.8688
2019-09-01 00:00:00+00:00,437.7770,5.9879,23.9293
2019-09-01 01:00:00+00:00,329.7436,5.5974,24.2373
2019-09-01 02:00:00+00:00,161.7013,4.4483,24.6088
2019-09-01 03:00:00+00:00,100.9158,3.8807,25.1316
2019-09-01 04:00:00+00:00,270.2956,4.5269,26.6366
2019-09-01 05:00:00+00:00,905.9724,6.8276,27.6764
2019-09-01 06:00:00+00:00,1048.8156,7.4081,27.8409
2019-09-01 07:00:00+00:00,1380.2243,8.1574,28.3932
2019-09-01 08:00:00+00:00,1257.6054,7.8528,28.5206
2019-09-01 09:00:00+00:00,1246.2068,7.8258,28.7840
2019-09-01 10:00:00+00:00,859.0352,6.9845,28.8655
2019-09-01 11:00:00+00:00,308.9600,5.2806,28.6684
2019-09-01 12:00:00+00:00,144.6448,4.1050,28.0643
2019-09-01 13:00:00+00:00,708.1316,6.7319,28.1334
2019-09-01 14:00:00+00:00,952.4486,7.7049,28.6617
2019-09-01 15:00:00+00:00,490.0512,6.2241,28.3117
2019-09-01 16:00:00+00:00,386.1667,5.8210,28.0968
2019-09-01 17:00:00+00:00,517.8376,6.2509,27.9396
2019-09-01 18:00:00+00:00,907.2543,7.4457,27.6055
2019-09-01 19:00:00+00:00,883.7326,7.3303,27.0698
2019-09-01 20:00:00+00:00,833.9385,7.5323,26.8396
2019-09-01 21:00:00+00:00,884.3710,7.3518,26.6304
2019-09-01 22:00:00+00:00,1307.9233,8.5127,26.3752
2019-09-01 23:00:00+00:00,1383.7038,8.7857,26.1170
2019-09-02 00:00:00+00:00,1406.7678,8.7337,26.0418
2019-09-02 01:00:00+00:00,1475.2126,8.8058,26.0355
2019-09-02 02:00:00+00:00,1645.3326,8.8341,26.4226
2019-09-02 03:00:00+00:00,1695.0659,9.3201,27.1423
2019-09-02 04:00:00+00:00,1707.0789,9.9186,27.7816
2019-09-02 05:00:00+00:00,1542.3282,8.3197,28.8110
2019-09-02 06:00:00+00:00,1394.2242,9.1106,29.9635
2019-09-02 07:00:00+00:00,1701.7768,9.4124,30.9155
2019-09-02 08:00:00+00:00,1526.4949,8.7311,31.4863
2019-09-02 09:00:00+00:00,1704.8227,9.6414,32.1285
2019-09-02 10:00:00+00:00,1700.0262,9.8563,32.3927
2019-09-02 11:00:00+00:00,1697.6764,9.4279,32.2313
2019-09-02 12:00:00+00:00,1559.5617,8.9115,31.9187
2019-09-02 13:00:00+00:00,1303.3296,7.8281,31.5054
2019-09-02 14:00:00+00:00,1596.1646,9.3355,30.6087
2019-09-02 15:00:00+00:00,1592.7192,8.7163,29.5470
2019-09-02 16:00:00+00:00,1695.9685,9.6353,29.0273
2019-09-02 17:00:00+00:00,1719.4337,10.4190,28.3850
2019-09-02 18:00:00+00:00,1719.4897,11.6094,27.6456
2019-09-02 19:00:00+00:00,1721.2886,11.3076,27.0733
2019-09-02 20:00:00+00:00,1602.1302,8.7193,26.6870
2019-09-02 21:00:00+00:00,1485.9871,8.4251,26.3878
2019-09-02 22:00:00+00:00,1705.4476,9.8895,26.1509
2019-09-02 23:00:00+00:00,1721.4459,10.3105,25.8370
2019-09-03 00:00:00+00:00,1722.4646,10.1267,25.6724
2019-09-03 01:00:00+00:00,1495.3857,8.8741,25.7470
2019-09-03 02:00:00+00:00,1707.4178,9.5084,26.1303
2019-09-03 03:00:00+00:00,1719.4248,11.0327,26.7514
2019-09-03 04:00:00+00:00,1711.1085,10.0590,27.4600
2019-09-03 05:00:00+00:00,1711.8153,9.5952,28.6475
2019-09-03 06:00:00+00:00,1697.3408,10.0416,29.7779
2019-09-03 07:00:00+00:00,1697.7973,10.1337,30.3584
2019-09-03 08:00:00+00:00,1703.3743,10.2283,30.7564
2019-09-03 09:00:00+00:00,1721.3348,11.5765,30.4760
2019-09-03 10:00:00+00:00,1548.3304,8.6030,27.8654
2019-09-03 11:00:00+00:00,1449.4861,10.3690,25.3432
2019-09-03 12:00:00+00:00,1657.2320,8.9090,27.3892
2019-09-03 13:00:00+00:00,1719.9204,8.9266,27.9479
2019-09-03 14:00:00+00:00,1716.5357,9.9712,27.9957
2019-09-03 15:00:00+00:00,1718.1341,11.1399,27.6886
2019-09-03 16:00:00+00:00,1719.0039,10.3995,27.3507
2019-09-03 17:00:00+00:00,1719.4299,10.1967,27.0466
2019-09-03 18:00:00+00:00,1719.0729,10.2618,26.7909
2019-09-03 19:00:00+00:00,1691.9838,9.3969,26.5154
2019-09-03 20:00:00+00:00,1530.7154,8.8015,26.2831
2019-09-03 21:00:00+00:00,1707.8553,9.1770,26.1497
2019-09-03 22:00:00+00:00,1721.1473,9.8730,25.9978
2019-09-03 23:00:00+00:00,1720.6647,10.0133,26.0313
2019-09-04 00:00:00+00:00,1684.5961,9.6163,26.0169
2019-09-04 01:00:00+00:00,1653.7807,9.0884,26.1285
2019-09-04 02:00:00+00:00,1683.7291,9.5600,26.2585
2019-09-04 03:00:00+00:00,1713.4167,9.4656,26.3620
2019-09-04 04:00:00+00:00,1701.8111,9.5765,27.2351
2019-09-04 05:00:00+00:00,1721.1580,10.6158,28.3662
2019-09-04 06:00:00+00:00,1721.9685,11.9564,29.2078
2019-09-04 07:00:00+00:00,1723.3727,10.6556,29.4624
2019-09-04 08:00:00+00:00,1713.3449,10.2800,29.5890
2019-09-04 09:00:00+00:00,1710.6192,10.3556,30.0169
2019-09-04 10:00:00+00:00,1558.2987,9.7328,30.4328
2019-09-04 11:00:00+00:00,1602.5172,9.5874,26.2149
2019-09-04 12:00:00+00:00,1720.5633,11.9236,27.5497
2019-09-04 13:00:00+00:00,1716.7507,10.9953,27.5164
2019-09-04 14:00:00+00:00,1719.0248,10.8433,27.2382
2019-09-04 15:00:00+00:00,1719.6069,10.0071,26.9767
2019-09-04 16:00:00+00:00,1720.0643,9.4281,26.7307
2019-09-04 17:00:00+00:00,1666.9154,8.9806,26.5886
2019-09-04 18:00:00+00:00,1329.5341,8.7557,26.6415
2019-09-04 19:00:00+00:00,1715.4472,10.4691,26.6151
2019-09-04 20:00:00+00:00,1716.4841,12.6596,26.2464
2019-09-04 21:00:00+00:00,1722.0800,12.5239,25.9771
2019-09-04 22:00:00+00:00,1718.5481,11.3653,25.9888
2019-09-04 23:00:00+00:00,1722.3965,9.9574,25.8809
2019-09-05 00:00:00+00:00,1718.3875,10.1329,25.6916
2019-09-05 01:00:00+00:00,1669.7226,9.2168,25.7981
2019-09-05 02:00:00+00:00,1602.8513,9.0308,26.4783
2019-09-05 03:00:00+00:00,1716.9216,10.7540,27.4531
2019-09-05 04:00:00+00:00,1709.5324,11.0122,28.7546
2019-09-05 05:00:00+00:00,1718.7356,13.4991,30.0286
2019-09-05 06:00:00+00:00,1721.3978,12.5412,30.9982
2019-09-05 07:00:00+00:00,1721.0014,13.5802,31.8800
2019-09-05 08:00:00+00:00,1716.2684,13.1455,31.9081
2019-09-05 09:00:00+00:00,1720.6219,13.4222,31.5561
2019-09-05 10:00:00+00:00,1715.7771,14.0872,31.2970
2019-09-05 11:00:00+00:00,1719.0252,13.7387,31.5007
2019-09-05 12:00:00+00:00,1721.9420,15.0468,29.4760
2019-09-05 13:00:00+00:00,1720.4094,12.5341,28.2478
2019-09-05 14:00:00+00:00,1716.3992,9.9861,27.7151
2019-09-05 15:00:00+00:00,1720.7771,9.8185,27.5864
2019-09-05 16:00:00+00:00,1721.4476,10.9753,27.4369
2019-09-05 17:00:00+00:00,1718.0981,11.2750,27.0479
2019-09-05 18:00:00+00:00,1724.1765,10.5044,26.7381
2019-09-05 19:00:00+00:00,1711.8301,9.2807,26.5085
2019-09-05 20:00:00+00:00,1634.6643,8.9152,26.3889
2019-09-05 21:00:00+00:00,1718.0123,9.8018,26.4030
2019-09-05 22:00:00+00:00,1722.9820,9.4941,26.3562
2019-09-05 23:00:00+00:00,1662.0609,9.1813,26.3901
2019-09-06 00:00:00+00:00,1664.4779,8.8520,26.3502
2019-09-06 01:00:00+00:00,1548.0387,8.4666,26.4049
2019-09-06 02:00:00+00:00,1673.5169,9.0384,27.2142
2019-09-06 03:00:00+00:00,1608.0598,8.9782,27.9772
2019-09-06 04:00:00+00:00,1720.1484,11.2420,28.8587
2019-09-06 05:00:00+00:00,1720.6013,13.2613,29.7205
2019-09-06 06:00:00+00:00,1720.4620,10.9056,30.7200
2019-09-06 07:00:00+00:00,1718.1426,14.8519,31.7307
2019-09-06 08:00:00+00:00,1723.0949,12.9991,31.8028
2019-09-06 09:00:00+00:00,1722.6293,14.7372,31.9690
2019-09-06 10:00:00+00:00,1723.5660,13.5265,30.4623
2019-09-06 11:00:00+00:00,1725.3446,13.9840,30.6473
2019-09-06 12:00:00+00:00,1721.3372,14.3828,29.9842
2019-09-06 13:00:00+00:00,1721.8110,11.9021,29.3719
2019-09-06 14:00:00+00:00,1723.2410,11.1084,29.0195
2019-09-06 15:00:00+00:00,1718.8264,9.9447,28.5592
2019-09-06 16:00:00+00:00,1637.7581,8.9210,28.1973
2019-09-06 17:00:00+00:00,1720.7188,9.4997,27.9200
2019-09-06 18:00:00+00:00,1719.0182,12.0479,27.4469
2019-09-06 19:00:00+00:00,1721.8488,10.2239,26.9677
2019-09-06 20:00:00+00:00,1720.8260,10.8625,26.7512
2019-09-06 21:00:00+00:00,1721.7721,10.8391,26.4309
2019-09-06 22:00:00+00:00,1698.7409,9.7540,26.2790
2019-09-06 23:00:00+00:00,1710.5518,9.8218,26.1701
2019-09-07 00:00:00+00:00,1565.8367,9.1196,26.0298
2019-09-07 01:00:00+00:00,1540.2977,8.8102,26.1126
2019-09-07 02:00:00+00:00,1535.3039,8.9516,27.0734
2019-09-07 03:00:00+00:00,1692.1851,10.1802,28.1585
2019-09-07 04:00:00+00:00,1659.5059,9.7780,29.6427
2019-09-07 05:00:00+00:00,1718.5228,12.8725,30.4158
2019-09-07 06:00:00+00:00,1719.9308,14.3290,31.2070
2019-09-07 07:00:00+00:00,1722.6351,12.2782,31.1444
2019-09-07 08:00:00+00:00,1719.4665,9.8369,31.5696
2019-09-07 09:00:00+00:00,1717.9239,10.7609,32.0203
2019-09-07 10:00:00+00:00,1672.6103,10.4919,31.4870
2019-09-07 11:00:00+00:00,1720.2444,12.7914,32.0551
2019-09-07 12:00:00+00:00,1724.7829,12.0319,30.9882
2019-09-07 13:00:00+00:00,1711.6248,10.0342,29.5801
2019-09-07 14:00:00+00:00,1593.1503,9.0905,29.1412
2019-09-07 15:00:00+00:00,1491.3262,8.5906,28.7316
2019-09-07 16:00:00+00:00,1097.6764,7.8466,28.1175
2019-09-07 17:00:00+00:00,1395.7485,8.3616,28.0714
2019-09-07 18:00:00+00:00,1514.6212,8.5869,27.8882
2019-09-07 19:00:00+00:00,1706.3865,9.7295,27.5550
2019-09-07 20:00:00+00:00,1537.9206,8.7160,26.9931
2019-09-07 21:00:00+00:00,1372.2379,8.2505,26.6782
2019-09-07 22:00:00+00:00,1382.6203,8.3754,26.8315
2019-09-07 23:00:00+00:00,1393.0027,8.5004,26.9847
2019-09-08 00:00:00+00:00,1403.3852,8.6253,27.1380
2019-09-08 01:00:00+00:00,1413.7676,8.7502,27.2913
2019-09-08 02:00:00+00:00,1424.1500,8.8751,27.4446
2019-09-08 03:00:00+00:00,1434.5324,9.0001,27.5978
2019-09-08 04:00:00+00:00,1444.9148,9.1250,27.7511
2019-09-08 05:00:00+00:00,1455.2973,9.2499,27.9044
2019-09-08 06:00:00+00:00,1465.6797,9.3749,28.0577
2019-09-08 07:00:00+00:00,1476.0621,9.4998,28.2109
2019-09-08 08:00:00+00:00,1486.4445,9.6247,28.3642
2019-09-08 09:00:00+00:00,1496.8270,9.7497,28.5175
2019-09-08 10:00:00+00:00,1507.2094,9.8746,28.6708
2019-09-08 11:00:00+00:00,1517.5918,9.9995,28.8240
2019-09-08 12:00:00+00:00,1527.9742,10.1244,28.9773
2019-09-08 13:00:00+00:00,1538.3566,10.2494,29.1306
2019-09-08 14:00:00+00:00,1548.7391,10.3743,29.2839
2019-09-08 15:00:00+00:00,1559.1215,10.4992,29.4371
2019-09-08 16:00:00+00:00,1569.5039,10.6242,29.5904
2019-09-08 17:00:00+00:00,1579.8863,10.7491,29.7437
2019-09-08 18:00:00+00:00,1590.2688,10.8740,29.8970
2019-09-08 19:00:00+00:00,1600.6512,10.9990,30.0502
2019-09-08 20:00:00+00:00,1611.0336,11.1239,30.2035
2019-09-08 21:00:00+00:00,1621.4160,11.2488,30.3568
2019-09-08 22:00:00+00:00,1631.7984,11.3737,30.5101
2019-09-08 23:00:00+00:00,1642.1809,11.4987,30.6633
2019-09-09 00:00:00+00:00,1652.5633,11.6236,30.8166
2019-09-09 01:00:00+00:00,1662.9457,11.7485,30.9699
2019-09-09 02:00:00+00:00,1673.3281,11.8735,31.1231
2019-09-09 03:00:00+00:00,1683.7105,11.9984,31.2764
2019-09-09 04:00:00+00:00,1694.0930,12.1233,31.4297
2019-09-09 05:00:00+00:00,1704.4754,12.2483,31.5830
2019-09-09 06:00:00+00:00,1714.8578,12.3732,31.7362
2019-09-09 07:00:00+00:00,1715.7813,11.8944,31.9827
2019-09-09 08:00:00+00:00,1686.2493,11.0746,32.3595
2019-09-09 09:00:00+00:00,1655.1525,10.3006,32.7364
2019-09-09 10:00:00+00:00,1624.0557,9.5267,33.1132
2019-09-09 11:00:00+00:00,1615.2441,8.8482,33.4823
2019-09-09 12:00:00+00:00,1696.5717,9.4460,33.3192
2019-09-09 13:00:00+00:00,1719.6569,9.7155,32.7774
2019-09-09 14:00:00+00:00,1717.3372,10.5213,31.3450
2019-09-09 15:00:00+00:00,1718.3916,10.7201,30.3585
2019-09-09 16:00:00+00:00,1703.5006,9.8398,29.7573
2019-09-09 17:00:00+00:00,1613.4148,9.6605,29.0905
2019-09-09 18:00:00+00:00,1470.3840,8.4880,28.4623
2019-09-09 19:00:00+00:00,1720.7063,10.9600,27.7299
2019-09-09 20:00:00+00:00,1719.9219,9.9834,27.1658
2019-09-09 21:00:00+00:00,1628.9181,9.3423,26.8049
2019-09-09 22:00:00+00:00,1518.6535,8.8275,26.5188
2019-09-09 23:00:00+00:00,969.6489,7.4573,26.3249
2019-09-10 00:00:00+00:00,861.1613,7.4512,26.2202
2019-09-10 01:00:00+00:00,515.1357,6.2971,26.4172
2019-09-10 02:00:00+00:00,494.0413,5.7171,27.2830
2019-09-10 03:00:00+00:00,855.0246,6.6383,28.6275
2019-09-10 04:00:00+00:00,1462.9637,8.2471,29.9319
2019-09-10 05:00:00+00:00,1216.7391,7.8204,30.3947
2019-09-10 06:00:00+00:00,1275.8280,7.7884,31.8033
2019-09-10 07:00:00+00:00,1160.6018,7.6399,32.5744
2019-09-10 08:00:00+00:00,1456.5287,8.4647,33.1934
2019-09-10 09:00:00+00:00,1543.4781,8.5044,33.3442
2019-09-10 10:00:00+00:00,1278.5497,7.8635,33.6322
2019-09-10 11:00:00+00:00,1136.8863,7.6312,33.7154
2019-09-10 12:00:00+00:00,815.3184,6.7852,32.9353
2019-09-10 13:00:00+00:00,1240.9023,8.3752,31.5997
2019-09-10 14:00:00+00:00,1658.1008,9.1890,29.2265
2019-09-10 15:00:00+00:00,1703.9560,9.3735,29.4991
2019-09-10 16:00:00+00:00,1153.2321,7.9371,28.7864
2019-09-10 17:00:00+00:00,1609.8925,8.8146,28.6289
2019-09-10 18:00:00+00:00,1716.0333,10.1377,28.2825
2019-09-10 19:00:00+00:00,1716.8030,9.4307,27.6336
2019-09-10 20:00:00+00:00,1717.6348,9.7038,27.0581
2019-09-10 21:00:00+00:00,1671.2590,9.1500,26.5608
2019-09-10 22:00:00+00:00,1119.8424,7.9133,26.1278
2019-09-10 23:00:00+00:00,1093.5658,7.7582,25.8558
2019-09-11 00:00:00+00:00,824.5528,7.2312,25.7008
2019-09-11 01:00:00+00:00,493.9166,6.1965,25.9426
2019-09-11 02:00:00+00:00,703.6295,6.4643,26.8591
2019-09-11 03:00:00+00:00,1249.1630,7.9731,27.7877
2019-09-11 04:00:00+00:00,1513.7582,8.8495,28.7575
2019-09-11 05:00:00+00:00,1383.4551,8.0467,30.0346
2019-09-11 06:00:00+00:00,1279.0935,8.0452,31.0838
2019-09-11 07:00:00+00:00,1266.8717,7.9033,31.7999
2019-09-11 08:00:00+00:00,1253.7552,7.4986,32.3601
2019-09-11 09:00:00+00:00,997.6518,7.1875,32.8289
2019-09-11 10:00:00+00:00,1287.3523,7.9722,32.3253
2019-09-11 11:00:00+00:00,1169.7304,7.8559,32.1917
2019-09-11 12:00:00+00:00,761.3788,6.6936,32.1122
2019-09-11 13:00:00+00:00,619.7343,6.3755,31.7989
2019-09-11 14:00:00+00:00,559.0186,6.2625,31.2684
2019-09-11 15:00:00+00:00,463.3550,6.1571,30.9776
2019-09-11 16:00:00+00:00,630.8198,6.4625,30.7316
2019-09-11 17:00:00+00:00,1098.7503,7.7884,30.1675
2019-09-11 18:00:00+00:00,1316.9095,8.5735,29.3183
2019-09-11 19:00:00+00:00,1711.4101,9.4555,28.2792
2019-09-11 20:00:00+00:00,1720.2451,11.1460,27.2579
2019-09-11 21:00:00+00:00,1719.7423,9.8854,26.5541
2019-09-11 22:00:00+00:00,1719.0008,9.7499,26.2522
2019-09-11 23:00:00+00:00,1426.6883,8.5276,26.0295
2019-09-12 00:00:00+00:00,1176.1293,7.9552,25.8179
2019-09-12 01:00:00+00:00,1179.7382,8.0272,25.6911
2019-09-12 02:00:00+00:00,880.7301,6.8790,26.2344
2019-09-12 03:00:00+00:00,1312.5746,8.0563,27.2486
2019-09-12 04:00:00+00:00,1503.8319,8.3578,28.4501
2019-09-12 05:00:00+00:00,1387.8117,8.1675,29.7530
2019-09-12 06:00:00+00:00,1629.4602,9.0380,30.5824
2019-09-12 07:00:00+00:00,1571.3947,8.8749,31.3813
2019-09-12 08:00:00+00:00,1661.8545,9.3896,32.0611
2019-09-12 09:00:00+00:00,1702.3589,9.7352,32.6622
2019-09-12 10:00:00+00:00,1611.4542,8.8945,32.8466
2019-09-12 11:00:00+00:00,1558.7195,8.8794,32.7479
2019-09-12 12:00:00+00:00,1241.0875,8.0148,32.3092
2019-09-12 13:00:00+00:00,741.2448,6.9827,32.0766
2019-09-12 14:00:00+00:00,1165.8633,8.0678,31.9172
2019-09-12 15:00:00+00:00,1717.9898,9.2781,31.0705
2019-09-12 16:00:00+00:00,1617.7513,8.7336,30.0580
2019-09-12 17:00:00+00:00,1409.9417,8.4004,29.3500
2019-09-12 18:00:00+00:00,1678.6624,9.4184,28.7042
2019-09-12 19:00:00+00:00,1718.9617,9.6068,27.7703
2019-09-12 20:00:00+00:00,1709.8708,9.3984,27.1829
2019-09-12 21:00:00+00:00,1680.8796,9.0775,26.6906
2019-09-12 22:00:00+00:00,1464.7287,8.4332,26.3562
2019-09-12 23:00:00+00:00,1608.1344,8.8175,26.1128
2019-09-13 00:00:00+00:00,1569.7973,8.7010,26.0284
2019-09-13 01:00:00+00:00,1040.3104,7.2727,26.3616
2019-09-13 02:00:00+00:00,1654.2932,9.5337,27.2243
2019-09-13 03:00:00+00:00,1631.2249,8.6728,28.1589
2019-09-13 04:00:00+00:00,1579.3374,8.6074,29.0557
2019-09-13 05:00:00+00:00,1514.6039,8.3799,30.6250
2019-09-13 06:00:00+00:00,1098.1434,7.4945,31.6370
2019-09-13 07:00:00+00:00,1082.5480,7.3465,32.5268
2019-09-13 08:00:00+00:00,1210.0027,7.7152,33.1782
2019-09-13 09:00:00+00:00,1077.6620,7.5272,33.3768
2019-09-13 10:00:00+00:00,1400.9076,8.4074,33.6403
2019-09-13 11:00:00+00:00,1339.7941,8.0416,33.7506
2019-09-13 12:00:00+00:00,1069.6216,7.3953,32.8220
2019-09-13 13:00:00+00:00,855.7242,6.9791,31.9242
2019-09-13 14:00:00+00:00,1317.8201,8.1430,31.5904
2019-09-13 15:00:00+00:00,1455.7239,8.3307,30.8561
2019-09-13 16:00:00+00:00,1194.8237,7.6958,30.2781
2019-09-13 17:00:00+00:00,1588.1749,9.0031,29.5482
2019-09-13 18:00:00+00:00,1703.3757,9.3670,28.7502
2019-09-13 19:00:00+00:00,1719.7398,9.6051,27.9255
2019-09-13 20:00:00+00:00,1646.8165,9.9049,27.2452
2019-09-13 21:00:00+00:00,1577.0919,8.6277,26.6000
2019-09-13 22:00:00+00:00,1659.4011,8.9696,26.1322
2019-09-13 23:00:00+00:00,1590.5412,8.7540,25.7526
2019-09-14 00:00:00+00:00,1341.6048,8.0912,25.5684
2019-09-14 01:00:00+00:00,842.7124,7.1134,25.6403
2019-09-14 02:00:00+00:00,387.7004,5.4507,26.3180
2019-09-14 03:00:00+00:00,543.5541,5.9254,27.9887
2019-09-14 04:00:00+00:00,459.8043,5.4780,29.3364
2019-09-14 05:00:00+00:00,914.0218,7.0671,29.9129
2019-09-14 06:00:00+00:00,897.0946,6.9631,30.7572
2019-09-14 07:00:00+00:00,657.8297,6.2109,31.3663
2019-09-14 08:00:00+00:00,462.0870,5.4985,32.4417
2019-09-14 09:00:00+00:00,501.9474,5.7564,32.9691
2019-09-14 10:00:00+00:00,255.3536,4.7266,33.0279
2019-09-14 11:00:00+00:00,9.4233,3.2963,33.3366
2019-09-14 12:00:00+00:00,-8.1340,2.6218,33.0730
2019-09-14 13:00:00+00:00,31.0934,2.4283,33.0291
2019-09-14 14:00:00+00:00,424.0024,5.3483,30.3713
2019-09-14 15:00:00+00:00,571.5754,5.9206,29.9428
2019-09-14 16:00:00+00:00,400.5130,5.7116,29.4884
2019-09-14 17:00:00+00:00,1388.2204,8.2699,28.2626
2019-09-14 18:00:00+00:00,1414.0617,9.1218,24.0717
2019-09-14 19:00:00+00:00,57.3469,3.6733,24.6239
2019-09-14 20:00:00+00:00,433.8530,5.5620,26.4917
2019-09-14 21:00:00+00:00,1038.3580,7.4736,26.3674
2019-09-14 22:00:00+00:00,1006.0814,7.6158,26.1720
2019-09-14 23:00:00+00:00,1575.3577,8.8029,25.8920
2019-09-15 00:00:00+00:00,1314.5786,8.4665,25.6957
2019-09-15 01:00:00+00:00,865.3711,7.3142,25.6905
2019-09-15 02:00:00+00:00,518.4233,6.1665,25.7155
2019-09-15 03:00:00+00:00,816.2498,6.8272,26.8308
2019-09-15 04:00:00+00:00,870.9889,6.8213,27.8273
2019-09-15 05:00:00+00:00,738.9127,6.4356,28.9023
2019-09-15 06:00:00+00:00,777.9558,6.7595,30.1092
2019-09-15 07:00:00+00:00,629.9448,6.0422,31.1908
2019-09-15 08:00:00+00:00,419.3775,5.3984,32.0894
2019-09-15 09:00:00+00:00,328.9353,5.2389,32.6122
2019-09-15 10:00:00+00:00,190.8442,4.4833,32.6687
2019-09-15 11:00:00+00:00,35.9407,3.0062,32.4348
2019-09-15 12:00:00+00:00,-7.0649,2.8533,31.5780
2019-09-15 13:00:00+00:00,-9.2072,3.7403,30.3171
2019-09-15 14:00:00+00:00,64.2703,2.7640,29.3377
2019-09-15 15:00:00+00:00,314.9311,3.9029,26.5876
2019-09-15 16:00:00+00:00,563.3806,5.5086,23.8944
2019-09-15 17:00:00+00:00,349.7356,8.9485,23.1776
2019-09-15 18:00:00+00:00,0.0000,11.5398,22.9578
2019-09-15 19:00:00+00:00,0.0000,11.5398,22.9578
2019-09-15 20:00:00+00:00,0.0000,11.5398,22.9578
2019-09-15 21:00:00+00:00,0.0000,11.5398,23.0198
2019-09-15 22:00:00+00:00,0.0000,11.5398,23.3610
2019-09-15 23:00:00+00:00,0.0000,11.5398,23.7333
2019-09-16 00:00:00+00:00,0.0000,11.5398,24.1056
2019-09-16 01:00:00+00:00,0.0000,11.5398,24.4778
2019-09-16 02:00:00+00:00,55.3604,11.0497,24.8501
2019-09-16 03:00:00+00:00,249.1219,9.3344,25.2224
2019-09-16 04:00:00+00:00,448.4194,7.5700,25.5946
2019-09-16 05:00:00+00:00,811.8183,6.8388,26.2098
2019-09-16 06:00:00+00:00,1239.5923,7.6520,27.3032
2019-09-16 07:00:00+00:00,1243.4550,7.7632,28.6572
2019-09-16 08:00:00+00:00,1002.9355,7.1717,29.6674
2019-09-16 09:00:00+00:00,959.0516,7.0990,30.2906
2019-09-16 10:00:00+00:00,700.1067,6.0086,30.8547
2019-09-16 11:00:00+00:00,370.4137,3.8634,31.0136
2019-09-16 12:00:00+00:00,51.9847,2.0173,31.0851
2019-09-16 13:00:00+00:00,-4.4220,1.7380,30.3896
2019-09-16 14:00:00+00:00,40.3286,1.7909,30.0610
2019-09-16 15:00:00+00:00,103.3776,2.1067,29.7300
2019-09-16 16:00:00+00:00,166.4267,2.4225,29.3990
2019-09-16 17:00:00+00:00,229.4757,2.7382,29.0680
2019-09-16 18:00:00+00:00,292.5248,3.0540,28.7370
2019-09-16 19:00:00+00:00,355.5738,3.3698,28.4060
2019-09-16 20:00:00+00:00,418.6229,3.6856,28.0750
2019-09-16 21:00:00+00:00,481.6719,4.0014,27.7440
2019-09-16 22:00:00+00:00,544.7210,4.3172,27.4129
2019-09-16 23:00:00+00:00,607.7700,4.6329,27.0819
2019-09-17 00:00:00+00:00,670.8191,4.9487,26.7509
2019-09-17 01:00:00+00:00,733.8681,5.2645,26.4199
2019-09-17 02:00:00+00:00,796.9172,5.5803,26.0889
2019-09-17 03:00:00+00:00,859.9662,5.8961,25.7579
2019-09-17 04:00:00+00:00,923.0153,6.2119,25.4269
2019-09-17 05:00:00+00:00,986.0643,6.5276,25.0958
2019-09-17 06:00:00+00:00,1049.1134,6.8434,24.7648
2019-09-17 07:00:00+00:00,604.7595,6.1743,24.6300
2019-09-17 08:00:00+00:00,440.0696,5.6224,25.3056
2019-09-17 09:00:00+00:00,664.0626,6.5320,25.7093
2019-09-17 10:00:00+00:00,380.8891,5.4437,25.9156
2019-09-17 11:00:00+00:00,147.7714,4.2585,25.9437
2019-09-17 12:00:00+00:00,9.2331,3.1175,25.8710
2019-09-17 13:00:00+00:00,20.9907,3.4390,25.7187
2019-09-17 14:00:00+00:00,-4.4634,2.6139,25.9698
2019-09-17 15:00:00+00:00,-6.1918,2.4865,26.4648
2019-09-17 16:00:00+00:00,-6.1001,1.9427,26.6496
2019-09-17 17:00:00+00:00,-6.1412,2.7390,26.6958
2019-09-17 18:00:00+00:00,185.2631,4.4545,25.9503
2019-09-17 19:00:00+00:00,387.3491,5.8175,25.1467
2019-09-17 20:00:00+00:00,409.0039,5.7200,24.8802
2019-09-17 21:00:00+00:00,574.1508,6.3337,24.9241
2019-09-17 22:00:00+00:00,1584.5587,8.9677,24.7749
2019-09-17 23:00:00+00:00,1525.9787,8.5965,24.3899
2019-09-18 00:00:00+00:00,766.6120,6.8852,24.2288
2019-09-18 01:00:00+00:00,344.8888,5.6595,24.2344
2019-09-18 02:00:00+00:00,462.7037,5.7392,24.8393
2019-09-18 03:00:00+00:00,613.0116,6.2454,25.3433
2019-09-18 04:00:00+00:00,642.1145,6.1293,25.4462
2019-09-18 05:00:00+00:00,254.8200,4.7556,26.6596
2019-09-18 06:00:00+00:00,95.0968,3.7814,27.4101
2019-09-18 07:00:00+00:00,234.1970,4.7060,28.4112
2019-09-18 08:00:00+00:00,295.2134,5.0007,28.5934
2019-09-18 09:00:00+00:00,398.2065,5.3821,28.7912
2019-09-18 10:00:00+00:00,283.8397,4.9706,28.6385
2019-09-18 11:00:00+00:00,303.8167,5.0043,28.2596
2019-09-18 12:00:00+00:00,323.6191,5.3727,27.7750
2019-09-18 13:00:00+00:00,121.7932,4.1605,27.4728
2019-09-18 14:00:00+00:00,61.4170,3.4701,27.2866
2019-09-18 15:00:00+00:00,-5.4733,2.9092,27.3593
2019-09-18 16:00:00+00:00,-8.6170,2.8363,26.9954
2019-09-18 17:00:00+00:00,-6.4495,2.7495,26.8356
2019-09-18 18:00:00+00:00,158.7430,4.3876,26.3890
2019-09-18 19:00:00+00:00,543.8477,6.2481,24.3500
2019-09-18 20:00:00+00:00,568.5279,6.2749,24.4583
2019-09-18 21:00:00+00:00,1146.0929,7.4573,23.3949
2019-09-18 22:00:00+00:00,866.5714,6.8051,23.2387
2019-09-18 23:00:00+00:00,355.4624,5.2303,24.0814
2019-09-19 00:00:00+00:00,78.0300,3.8624,24.5823
2019-09-19 01:00:00+00:00,-6.0697,2.1931,24.5739
2019-09-19 02:00:00+00:00,2.7253,3.2147,23.9102
2019-09-19 03:00:00+00:00,25.7512,3.1655,23.9047
2019-09-19 04:00:00+00:00,-5.4830,2.5104,24.2417
2019-09-19 05:00:00+00:00,-5.7243,2.1435,24.7223
2019-09-19 06:00:00+00:00,-5.0727,2.8325,26.2734
2019-09-19 07:00:00+00:00,-6.1169,2.3293,27.1933
2019-09-19 08:00:00+00:00,-6.3419,1.7143,27.9936
2019-09-19 09:00:00+00:00,-5.9998,2.0781,28.3208
2019-09-19 10:00:00+00:00,-6.7248,2.8421,28.0465
2019-09-19 11:00:00+00:00,29.1611,3.2465,27.0480
2019-09-19 12:00:00+00:00,-7.8728,2.6265,27.0908
2019-09-19 13:00:00+00:00,-6.4829,2.8877,26.4904
2019-09-19 14:00:00+00:00,-6.2466,2.1498,26.8397
2019-09-19 15:00:00+00:00,-6.1321,2.3841,26.7829
2019-09-19 16:00:00+00:00,5.9888,3.2728,26.0809
2019-09-19 17:00:00+00:00,12.6397,3.2834,26.2382
2019-09-19 18:00:00+00:00,-8.4026,1.7518,25.9538
2019-09-19 19:00:00+00:00,627.3532,5.8057,24.3125
2019-09-19 20:00:00+00:00,928.8081,6.6528,22.9391
2019-09-19 21:00:00+00:00,1240.1732,7.3428,22.4967
2019-09-19 22:00:00+00:00,485.5501,5.6767,22.4151
2019-09-19 23:00:00+00:00,618.5610,6.2075,23.0367
2019-09-20 00:00:00+00:00,760.6053,6.8718,23.3874
2019-09-20 01:00:00+00:00,1093.8183,7.7974,23.9118
2019-09-20 02:00:00+00:00,852.9750,6.9962,24.3290
2019-09-20 03:00:00+00:00,298.3630,4.8997,24.4915
2019-09-20 04:00:00+00:00,159.4872,4.1720,25.8230
2019-09-20 05:00:00+00:00,172.8129,4.2364,27.0177
2019-09-20 06:00:00+00:00,244.3110,4.5955,27.8011
2019-09-20 07:00:00+00:00,99.9839,3.8092,28.6842
2019-09-20 08:00:00+00:00,40.4953,3.3058,29.4226
2019-09-20 09:00:00+00:00,13.2358,3.1726,29.4516
2019-09-20 10:00:00+00:00,-5.2895,2.8120,30.2364
2019-09-20 11:00:00+00:00,-8.1985,2.3592,30.6759
2019-09-20 12:00:00+00:00,-6.0233,2.3591,30.0108
2019-09-20 13:00:00+00:00,109.2249,4.0505,28.0669
2019-09-20 14:00:00+00:00,159.2597,4.4970,27.5701
2019-09-20 15:00:00+00:00,104.6928,4.1211,27.6655
2019-09-20 16:00:00+00:00,50.3997,3.5256,27.5487
2019-09-20 17:00:00+00:00,36.1831,3.5352,27.4264
2019-09-20 18:00:00+00:00,-6.4732,2.9234,27.6252
2019-09-20 19:00:00+00:00,-6.4576,2.7511,27.8235
2019-09-20 20:00:00+00:00,-6.4154,2.7643,28.0156
2019-09-20 21:00:00+00:00,-6.0667,2.0206,27.7212
2019-09-20 22:00:00+00:00,314.7463,5.1547,25.7231
2019-09-20 23:00:00+00:00,421.9002,5.7075,25.1508
2019-09-21 00:00:00+00:00,289.9086,5.3687,25.2201
2019-09-21 01:00:00+00:00,177.6264,5.0303,25.6526
2019-09-21 02:00:00+00:00,85.7026,3.6890,25.6521
2019-09-21 03:00:00+00:00,65.9573,3.6036,26.6276
2019-09-21 04:00:00+00:00,146.1388,4.2982,27.5413
2019-09-21 05:00:00+00:00,44.7317,3.4833,28.3883
2019-09-21 06:00:00+00:00,-3.2893,2.9626,29.2504
2019-09-21 07:00:00+00:00,-6.2210,2.7171,31.1021
2019-09-21 08:00:00+00:00,-6.4467,2.5730,31.8828
2019-09-21 09:00:00+00:00,-6.9519,2.4990,31.5580
2019-09-21 10:00:00+00:00,-6.5174,2.6731,31.8300
2019-09-21 11:00:00+00:00,39.6730,3.0426,31.3344
2019-09-21 12:00:00+00:00,118.1580,3.8519,30.3344
2019-09-21 13:00:00+00:00,243.9234,4.9859,29.3074
2019-09-21 14:00:00+00:00,110.2155,3.9520,28.9373
2019-09-21 15:00:00+00:00,208.8501,4.5316,28.7729
2019-09-21 16:00:00+00:00,320.5336,5.3005,28.5454
2019-09-21 17:00:00+00:00,274.2980,5.1993,28.1845
2019-09-21 18:00:00+00:00,217.9687,4.8170,28.0634
2019-09-21 19:00:00+00:00,179.6407,4.5542,27.9224
2019-09-21 20:00:00+00:00,141.3127,4.2913,27.7814
2019-09-21 21:00:00+00:00,102.9847,4.0284,27.6403
2019-09-21 22:00:00+00:00,70.7126,3.5714,27.3160
2019-09-21 23:00:00+00:00,48.3165,3.0734,26.4840
2019-09-22 00:00:00+00:00,32.6411,2.7117,25.6292
2019-09-22 01:00:00+00:00,16.9656,2.3500,24.7745
2019-09-22 02:00:00+00:00,1.2902,1.9883,23.9197
2019-09-22 03:00:00+00:00,-3.9090,1.8949,23.9420
2019-09-22 04:00:00+00:00,-1.6252,1.9932,24.5909
2019-09-22 05:00:00+00:00,0.6586,2.0916,25.2398
2019-09-22 06:00:00+00:00,2.9425,2.1899,25.8886
2019-09-22 07:00:00+00:00,5.2263,2.2882,26.5375
2019-09-22 08:00:00+00:00,7.5102,2.3866,27.1863
2019-09-22 09:00:00+00:00,9.7940,2.4849,27.8352
2019-09-22 10:00:00+00:00,12.0778,2.5832,28.4841
2019-09-22 11:00:00+00:00,14.3617,2.6816,29.1329
2019-09-22 12:00:00+00:00,-4.9058,3.2293,29.2698
2019-09-22 13:00:00+00:00,-8.9068,3.3852,28.8649
2019-09-22 14:00:00+00:00,-8.5952,3.3140,28.5019
2019-09-22 15:00:00+00:00,-8.2837,3.2427,28.1388
2019-09-22 16:00:00+00:00,-7.9721,3.1715,27.7758
2019-09-22 17:00:00+00:00,-7.6605,3.1002,27.4128
2019-09-22 18:00:00+00:00,-7.3490,3.0290,27.0497
2019-09-22 19:00:00+00:00,-7.0374,2.9577,26.6867
2019-09-22 20:00:00+00:00,-6.7259,2.8865,26.3236
2019-09-22 21:00:00+00:00,-6.6944,2.9104,26.0182
2019-09-22 22:00:00+00:00,-1.7653,3.1175,25.8452
2019-09-22 23:00:00+00:00,-3.6148,2.7101,26.2804
2019-09-23 00:00:00+00:00,-4.2361,2.3832,26.7938
2019-09-23 01:00:00+00:00,-4.8574,2.0563,27.3072
2019-09-23 02:00:00+00:00,-5.4503,1.7890,27.9087
2019-09-23 03:00:00+00:00,-5.7191,2.2719,28.2730
2019-09-23 04:00:00+00:00,9.0462,2.6746,28.8153
2019-09-23 05:00:00+00:00,138.5322,4.0965,28.0533
2019-09-23 06:00:00+00:00,206.0418,4.4241,29.1810
2019-09-23 07:00:00+00:00,181.6778,4.2844,30.5908
2019-09-23 08:00:00+00:00,69.4858,3.5492,31.4911
2019-09-23 09:00:00+00:00,47.5128,3.3612,32.0116
2019-09-23 10:00:00+00:00,-4.1918,2.7808,32.4059
2019-09-23 11:00:00+00:00,399.7396,4.8097,31.0161
2019-09-23 12:00:00+00:00,112.2209,4.0311,28.1061
2019-09-23 13:00:00+00:00,397.0336,5.1452,26.3730
2019-09-23 14:00:00+00:00,30.0988,3.5709,27.7675
2019-09-23 15:00:00+00:00,2.2362,2.8332,28.0257
2019-09-23 16:00:00+00:00,50.7197,3.5246,27.5057
2019-09-23 17:00:00+00:00,199.4981,4.8403,27.0744
2019-09-23 18:00:00+00:00,295.1101,5.1418,26.5011
2019-09-23 19:00:00+00:00,189.9714,4.5875,26.1766
2019-09-23 20:00:00+00:00,151.1064,4.3303,25.9039
2019-09-23 21:00:00+00:00,215.3744,4.5651,25.7821
2019-09-23 22:00:00+00:00,134.0178,4.0300,25.7967
2019-09-23 23:00:00+00:00,517.4197,5.9796,25.0787
2019-09-24 00:00:00+00:00,823.3905,6.9359,23.5513
2019-09-24 01:00:00+00:00,963.9831,7.3963,23.7085
2019-09-24 02:00:00+00:00,736.3943,6.5315,24.5907
2019-09-24 03:00:00+00:00,601.5324,6.3619,25.6839
2019-09-24 04:00:00+00:00,244.9989,5.3607,26.6567
2019-09-24 05:00:00+00:00,100.6324,4.1947,27.8466
2019-09-24 06:00:00+00:00,-3.6300,2.3480,29.4936
2019-09-24 07:00:00+00:00,-5.6848,1.9512,31.0216
2019-09-24 08:00:00+00:00,-5.8253,2.1887,31.8880
2019-09-24 09:00:00+00:00,-6.1233,2.0030,32.8723
2019-09-24 10:00:00+00:00,-6.2038,2.4002,32.0352
2019-09-24 11:00:00+00:00,9.8432,3.0002,31.1213
2019-09-24 12:00:00+00:00,280.3823,5.0080,29.5285
2019-09-24 13:00:00+00:00,533.5689,5.9868,28.7987
2019-09-24 14:00:00+00:00,253.8232,5.0360,28.3577
2019-09-24 15:00:00+00:00,303.1984,5.2287,27.6062
2019-09-24 16:00:00+00:00,234.6575,4.9021,27.2639
2019-09-24 17:00:00+00:00,67.1260,3.8094,26.8563
2019-09-24 18:00:00+00:00,68.1603,3.7730,26.6509
2019-09-24 19:00:00+00:00,-5.1135,3.0807,26.5297
2019-09-24 20:00:00+00:00,28.5758,3.4569,26.3865
2019-09-24 21:00:00+00:00,-6.4635,2.4398,26.2131
2019-09-24 22:00:00+00:00,-6.0672,2.2507,26.1941
2019-09-24 23:00:00+00:00,-5.5368,1.5556,26.2498
2019-09-25 00:00:00+00:00,-5.4255,1.5850,26.1768
2019-09-25 01:00:00+00:00,-5.6046,1.7271,26.4829
2019-09-25 02:00:00+00:00,-5.5725,1.5780,27.5170
2019-09-25 03:00:00+00:00,-5.7365,1.7204,27.9382
2019-09-25 04:00:00+00:00,-5.6434,1.9934,28.9632
2019-09-25 05:00:00+00:00,-6.0739,1.9111,30.6530
2019-09-25 06:00:00+00:00,-6.4127,1.7930,31.7124
2019-09-25 07:00:00+00:00,-6.8546,2.4242,32.2252
2019-09-25 08:00:00+00:00,-7.1197,2.2440,32.0105
2019-09-25 09:00:00+00:00,403.3957,5.0933,30.5169
2019-09-25 10:00:00+00:00,644.1740,6.3617,27.8696
2019-09-25 11:00:00+00:00,621.0768,6.2733,27.7546
2019-09-25 12:00:00+00:00,816.3464,6.8680,27.0427
2019-09-25 13:00:00+00:00,561.2601,6.2662,26.8132
2019-09-25 14:00:00+00:00,642.5667,6.4384,26.7042
2019-09-25 15:00:00+00:00,906.8466,7.0294,26.6584
2019-09-25 16:00:00+00:00,1115.9439,7.6173,26.3077
2019-09-25 17:00:00+00:00,952.8627,7.3283,25.9834
2019-09-25 18:00:00+00:00,331.1874,5.4622,25.9037
2019-09-25 19:00:00+00:00,239.4598,4.9324,25.7993
2019-09-25 20:00:00+00:00,93.7907,3.8543,25.9470
2019-09-25 21:00:00+00:00,173.3961,4.5476,25.6667
2019-09-25 22:00:00+00:00,333.8684,5.3809,25.5119
2019-09-25 23:00:00+00:00,178.2934,3.8944,25.9497
2019-09-26 00:00:00+00:00,111.2599,4.0327,26.1443
2019-09-26 01:00:00+00:00,75.0958,3.6793,25.9348
2019-09-26 02:00:00+00:00,10.8439,3.0182,26.3011
2019-09-26 03:00:00+00:00,2.8093,3.2536,27.7076
2019-09-26 04:00:00+00:00,126.7175,4.0762,29.2832
2019-09-26 05:00:00+00:00,150.9495,4.1598,30.6799
2019-09-26 06:00:00+00:00,110.4094,3.9231,31.4289
2019-09-26 07:00:00+00:00,243.0012,4.5802,31.7836
2019-09-26 08:00:00+00:00,137.3458,4.0340,32.4929
2019-09-26 09:00:00+00:00,118.6794,3.8287,32.4890
2019-09-26 10:00:00+00:00,19.2731,3.2195,32.5501
2019-09-26 11:00:00+00:00,283.4235,4.8434,32.0054
2019-09-26 12:00:00+00:00,698.5349,6.5823,30.5929
2019-09-26 13:00:00+00:00,218.2964,4.4553,29.8929
2019-09-26 14:00:00+00:00,67.3654,3.5777,28.6734
2019-09-26 15:00:00+00:00,-5.6656,2.2089,28.1327
2019-09-26 16:00:00+00:00,-9.0968,2.4122,27.2781
2019-09-26 17:00:00+00:00,-6.1252,2.0817,27.5366
2019-09-26 18:00:00+00:00,-6.9993,2.2941,27.2396
2019-09-26 19:00:00+00:00,-6.2729,2.2123,26.4559
2019-09-26 20:00:00+00:00,-6.4819,2.7020,26.4785
2019-09-26 21:00:00+00:00,-6.4329,2.6662,25.9134
2019-09-26 22:00:00+00:00,-6.6271,2.5293,25.3923
2019-09-26 23:00:00+00:00,-5.8587,2.1346,24.8719
2019-09-27 00:00:00+00:00,-5.9299,1.5393,24.7781
2019-09-27 01:00:00+00:00,-5.9667,1.4683,25.3250
2019-09-27 02:00:00+00:00,-6.0661,1.9351,26.5051
2019-09-27 03:00:00+00:00,-5.9101,1.7601,28.1501
2019-09-27 04:00:00+00:00,-6.6779,2.3573,29.1009
2019-09-27 05:00:00+00:00,-6.6510,2.3079,30.8543
2019-09-27 06:00:00+00:00,-7.0398,2.0643,32.1381
2019-09-27 07:00:00+00:00,-7.3807,2.5172,32.1579
2019-09-27 08:00:00+00:00,-5.0076,2.8085,31.9021
2019-09-27 09:00:00+00:00,-6.5428,2.6136,32.2881
2019-09-27 10:00:00+00:00,-6.3796,2.1821,32.8648
2019-09-27 11:00:00+00:00,43.6712,3.3701,31.9196
2019-09-27 12:00:00+00:00,95.3401,3.4976,31.3287
2019-09-27 13:00:00+00:00,585.1577,5.5278,28.4856
2019-09-27 14:00:00+00:00,82.9105,3.6036,29.6234
2019-09-27 15:00:00+00:00,198.3136,4.6958,28.9324
2019-09-27 16:00:00+00:00,147.3831,4.2232,28.3941
2019-09-27 17:00:00+00:00,22.3808,2.6012,27.8429
2019-09-27 18:00:00+00:00,219.4554,4.6578,25.8194
2019-09-27 19:00:00+00:00,3.6687,2.6351,26.4076
2019-09-27 20:00:00+00:00,-6.2410,1.4937,26.9832
2019-09-27 21:00:00+00:00,-8.4089,2.7749,26.5510
2019-09-27 22:00:00+00:00,31.9509,3.5385,25.5374
2019-09-27 23:00:00+00:00,95.3784,3.7197,24.6527
2019-09-28 00:00:00+00:00,100.2001,3.8745,24.1363
2019-09-28 01:00:00+00:00,117.4534,4.1549,24.3665
2019-09-28 02:00:00+00:00,-3.9773,3.1561,25.8210
2019-09-28 03:00:00+00:00,-6.1503,2.2407,27.8607
2019-09-28 04:00:00+00:00,-5.7238,2.0441,30.0303
2019-09-28 05:00:00+00:00,-5.5006,2.5384,30.7645
2019-09-28 06:00:00+00:00,-8.7540,2.5064,31.4218
2019-09-28 07:00:00+00:00,-6.3153,2.6629,32.4815
2019-09-28 08:00:00+00:00,-6.2612,2.3590,33.3919
2019-09-28 09:00:00+00:00,-6.5653,2.6281,34.1277
2019-09-28 10:00:00+00:00,-6.9064,2.5464,33.5537
2019-09-28 11:00:00+00:00,35.3240,3.1422,32.3093
2019-09-28 12:00:00+00:00,83.9602,3.5984,30.0914
2019-09-28 13:00:00+00:00,177.2466,4.4686,30.0574
2019-09-28 14:00:00+00:00,225.1618,4.5747,29.9934
2019-09-28 15:00:00+00:00,175.6225,4.4125,29.4719
2019-09-28 16:00:00+00:00,203.9573,4.6194,29.2684
2019-09-28 17:00:00+00:00,47.3455,3.4292,28.7171
2019-09-28 18:00:00+00:00,189.2482,4.5224,28.4426
2019-09-28 19:00:00+00:00,433.8995,5.8075,27.7845
2019-09-28 20:00:00+00:00,469.0076,6.2447,27.2636
2019-09-28 21:00:00+00:00,125.1170,4.2903,26.8123
2019-09-28 22:00:00+00:00,129.0627,4.2685,26.5104
2019-09-28 23:00:00+00:00,130.9945,4.3131,26.1982
2019-09-29 00:00:00+00:00,139.4818,4.4253,26.2229
2019-09-29 01:00:00+00:00,5.0348,2.2715,27.2674
2019-09-29 02:00:00+00:00,-5.8825,2.4116,28.4162
2019-09-29 03:00:00+00:00,-5.7684,2.2599,29.2015
2019-09-29 04:00:00+00:00,-6.2288,2.4506,30.6986
2019-09-29 05:00:00+00:00,8.9165,3.2036,31.0807
2019-09-29 06:00:00+00:00,80.3541,3.6191,31.6668
2019-09-29 07:00:00+00:00,22.0704,3.1292,31.6754
2019-09-29 08:00:00+00:00,44.4651,3.2656,31.9138
2019-09-29 09:00:00+00:00,121.6261,3.8466,32.5982
2019-09-29 10:00:00+00:00,86.4367,3.8850,32.5851
2019-09-29 11:00:00+00:00,86.4821,3.6912,31.8892
2019-09-29 12:00:00+00:00,333.0921,4.9007,31.0728
2019-09-29 13:00:00+00:00,538.2981,6.1282,30.1319
2019-09-29 14:00:00+00:00,335.7922,5.5167,29.8089
2019-09-29 15:00:00+00:00,228.3512,5.1979,29.4381
2019-09-29 16:00:00+00:00,560.7896,6.3255,28.9811
2019-09-29 17:00:00+00:00,446.9778,5.8823,28.2675
2019-09-29 18:00:00+00:00,359.0288,5.4250,27.4082
2019-09-29 19:00:00+00:00,198.0085,4.7528,26.6364
2019-09-29 20:00:00+00:00,139.9955,4.3197,26.1850
2019-09-29 21:00:00+00:00,135.0276,4.3639,26.0139
2019-09-29 22:00:00+00:00,157.5605,4.4296,25.4698
2019-09-29 23:00:00+00:00,123.4069,4.0015,25.3275
2019-09-30 00:00:00+00:00,238.7632,4.9292,25.6220
2019-09-30 01:00:00+00:00,332.1049,4.9291,25.9068
2019-09-30 02:00:00+00:00,56.3653,3.4102,26.8743
2019-09-30 03:00:00+00:00,67.9428,3.4329,28.2998
2019-09-30 04:00:00+00:00,90.8606,3.8441,29.1246
2019-09-30 05:00:00+00:00,102.3300,3.9629,30.3007
2019-09-30 06:00:00+00:00,245.2626,4.5118,31.4222
2019-09-30 07:00:00+00:00,95.0272,3.8665,32.5518
2019-09-30 08:00:00+00:00,39.3886,3.4142,33.5118
2019-09-30 09:00:00+00:00,-5.2423,2.3425,34.4962
2019-09-30 10:00:00+00:00,-1.0500,2.7271,34.3091
2019-09-30 11:00:00+00:00,-1.8746,3.0219,33.6132
2019-09-30 12:00:00+00:00,183.8318,4.3915,32.2989
2019-09-30 13:00:00+00:00,302.8757,5.1421,31.2740
2019-09-30 14:00:00+00:00,445.7957,5.8606,30.5419
2019-09-30 15:00:00+00:00,464.3514,5.7962,30.0617
2019-09-30 16:00:00+00:00,297.2764,5.2228,29.5423
2019-09-30 17:00:00+00:00,136.6065,4.2531,29.0433
2019-09-30 18:00:00+00:00,50.4190,3.5066,28.8051
2019-09-30 19:00:00+00:00,241.1687,5.0418,28.1744
2019-09-30 20:00:00+00:00,419.7325,5.9318,27.5439
2019-09-30 21:00:00+00:00,216.7114,4.5359,27.1395
2019-09-30 22:00:00+00:00,-6.3746,2.9014,26.9905
2019-09-30 23:00:00+00:00,-1.1834,3.0038,26.9464
2019-10-01 00:00:00+00:00,-8.1703,2.5466,27.0257
2019-10-01 01:00:00+00:00,-5.4925,1.9115,28.3301
2019-10-01 02:00:00+00:00,-6.0689,2.5363,29.1225
2019-10-01 03:00:00+00:00,24.4263,3.3132,29.6410
2019-10-01 04:00:00+00:00,12.5689,3.3490,30.7959
2019-10-01 05:00:00+00:00,-7.6081,4.3159,31.1225
2019-10-01 06:00:00+00:00,-6.9149,4.6131,31.6059
2019-10-01 07:00:00+00:00,-5.5987,5.1633,32.0468
2019-10-01 08:00:00+00:00,-4.4046,4.3963,33.4213
2019-10-01 09:00:00+00:00,-3.8348,4.5616,33.6149
2019-10-01 10:00:00+00:00,16.0981,3.6978,32.5570
2019-10-01 11:00:00+00:00,36.5785,3.2744,31.0918
2019-10-01 12:00:00+00:00,-5.5197,2.7720,30.4138
2019-10-01 13:00:00+00:00,22.4431,3.2254,30.1508
2019-10-01 14:00:00+00:00,201.2130,4.5643,29.7053
2019-10-01 15:00:00+00:00,176.9746,4.3842,29.6802
2019-10-01 16:00:00+00:00,61.9144,3.3529,29.6941
2019-10-01 17:00:00+00:00,61.2520,3.3439,29.0859
2019-10-01 18:00:00+00:00,41.3822,3.3186,28.4215
2019-10-01 19:00:00+00:00,-5.6956,2.6430,28.0344
2019-10-01 20:00:00+00:00,3.7340,2.8750,27.3825
2019-10-01 21:00:00+00:00,100.2255,3.0874,27.3541
2019-10-01 22:00:00+00:00,526.9518,5.7015,24.7135
2019-10-01 23:00:00+00:00,231.9392,4.6969,24.0029
2019-10-02 00:00:00+00:00,212.5150,4.7867,24.7561
2019-10-02 01:00:00+00:00,478.3732,5.7025,24.4644
2019-10-02 02:00:00+00:00,424.2165,5.4412,25.1354
2019-10-02 03:00:00+00:00,420.5786,5.5346,26.6035
2019-10-02 04:00:00+00:00,220.9393,4.4414,28.2964
2019-10-02 05:00:00+00:00,208.2596,4.3617,29.7814
2019-10-02 06:00:00+00:00,-1.9747,2.6807,31.4283
2019-10-02 07:00:00+00:00,-6.6218,2.3922,33.1820
2019-10-02 08:00:00+00:00,-5.9300,2.8534,34.0610
2019-10-02 09:00:00+00:00,-5.5014,2.7863,34.4629
2019-10-02 10:00:00+00:00,168.7488,4.2665,32.4226
2019-10-02 11:00:00+00:00,85.6335,3.6112,31.7778
2019-10-02 12:00:00+00:00,97.9746,3.9301,29.7635
2019-10-02 13:00:00+00:00,-6.8575,2.6600,29.6673
2019-10-02 14:00:00+00:00,39.6347,3.4121,30.2981
2019-10-02 15:00:00+00:00,-6.5196,2.5993,30.6483
2019-10-02 16:00:00+00:00,-5.4261,2.5125,30.5647
2019-10-02 17:00:00+00:00,7.6183,2.5352,30.0732
2019-10-02 18:00:00+00:00,105.2322,3.8806,28.2641
2019-10-02 19:00:00+00:00,62.5263,3.6436,28.3149
2019-10-02 20:00:00+00:00,138.2564,4.2290,27.6225
2019-10-02 21:00:00+00:00,55.1100,3.6073,27.8944
2019-10-02 22:00:00+00:00,43.5774,3.4963,27.8843
2019-10-02 23:00:00+00:00,30.0475,3.2698,27.1024
2019-10-03 00:00:00+00:00,44.6812,3.9826,26.3701
2019-10-03 01:00:00+00:00,152.5092,4.0429,26.1933
2019-10-03 02:00:00+00:00,-5.0512,2.3510,28.1904
2019-10-03 03:00:00+00:00,-6.4052,2.1660,30.2357
2019-10-03 04:00:00+00:00,-5.5121,2.0575,31.8819
2019-10-03 05:00:00+00:00,18.6626,2.7940,31.9157
2019-10-03 06:00:00+00:00,-7.7442,2.2484,31.4410
2019-10-03 07:00:00+00:00,-4.9889,2.7311,32.2069
2019-10-03 08:00:00+00:00,0.1598,3.8344,31.8928
2019-10-03 09:00:00+00:00,430.5205,6.4503,28.2346
2019-10-03 10:00:00+00:00,263.1854,3.9428,28.6828
2019-10-03 11:00:00+00:00,-5.6588,2.8338,29.8272
2019-10-03 12:00:00+00:00,-5.3839,2.0170,29.8599
2019-10-03 13:00:00+00:00,-5.4365,2.0132,29.2714
2019-10-03 14:00:00+00:00,-5.4230,1.6046,29.2539
2019-10-03 15:00:00+00:00,-4.9922,1.7635,29.0948
2019-10-03 16:00:00+00:00,-2.3610,2.5885,28.2571
2019-10-03 17:00:00+00:00,34.5297,3.3774,27.9483
2019-10-03 18:00:00+00:00,-3.7197,3.0233,27.3735
2019-10-03 19:00:00+00:00,-5.6376,2.0575,26.9797
2019-10-03 20:00:00+00:00,57.6561,3.1326,26.3596
2019-10-03 21:00:00+00:00,264.8352,4.6624,24.3182
2019-10-03 22:00:00+00:00,824.4920,6.5507,23.5614
2019-10-03 23:00:00+00:00,245.2237,4.9788,22.5599
2019-10-04 00:00:00+00:00,17.6832,2.8590,23.4694
2019-10-04 01:00:00+00:00,61.7824,3.6127,23.7853
2019-10-04 02:00:00+00:00,-5.3646,1.8858,24.2855
2019-10-04 03:00:00+00:00,-5.4253,1.6857,26.4445
2019-10-04 04:00:00+00:00,125.5415,3.7005,27.2280
2019-10-04 05:00:00+00:00,182.2566,4.0905,28.1755
2019-10-04 06:00:00+00:00,48.8736,3.4203,29.4177
2019-10-04 07:00:00+00:00,30.3109,3.2952,30.8531
2019-10-04 08:00:00+00:00,87.8713,3.8467,31.2481
2019-10-04 09:00:00+00:00,29.9086,3.4214,31.7809
2019-10-04 10:00:00+00:00,56.3037,3.3642,31.9948
2019-10-04 11:00:00+00:00,-6.8312,2.7880,32.3765
2019-10-04 12:00:00+00:00,0.0269,2.8213,31.2059
2019-10-04 13:00:00+00:00,14.5038,2.7928,30.3990
2019-10-04 14:00:00+00:00,114.3837,4.0079,30.2471
2019-10-04 15:00:00+00:00,122.0758,3.9590,28.4653
2019-10-04 16:00:00+00:00,82.8480,3.6076,28.7073
2019-10-04 17:00:00+00:00,606.5674,4.5243,26.3541
2019-10-04 18:00:00+00:00,584.7801,6.1451,24.1702
2019-10-04 19:00:00+00:00,101.4874,3.4322,25.0663
2019-10-04 20:00:00+00:00,-7.1822,2.0679,24.5006
2019-10-04 21:00:00+00:00,-7.2651,2.0917,24.2917
2019-10-04 22:00:00+00:00,-7.3480,2.1154,24.9839
2019-10-04 23:00:00+00:00,-7.4310,2.1392,25.6762
2019-10-05 00:00:00+00:00,-7.5139,2.1630,26.3684
2019-10-05 01:00:00+00:00,-7.5968,2.1867,27.0606
2019-10-05 02:00:00+00:00,-7.6797,2.2105,27.7529
2019-10-05 03:00:00+00:00,-7.7626,2.2343,28.4451
2019-10-05 04:00:00+00:00,-7.8455,2.2580,29.1374
2019-10-05 05:00:00+00:00,-7.9285,2.2818,29.8296
2019-10-05 06:00:00+00:00,-8.0114,2.3056,30.5219
2019-10-05 07:00:00+00:00,-8.0943,2.3293,31.2141
2019-10-05 08:00:00+00:00,-8.1772,2.3531,31.9064
2019-10-05 09:00:00+00:00,-8.2601,2.3769,32.5986
2019-10-05 10:00:00+00:00,2.3661,2.5560,33.1730
2019-10-05 11:00:00+00:00,61.3460,3.5175,32.3510
2019-10-05 12:00:00+00:00,404.3351,5.2205,29.4594
2019-10-05 13:00:00+00:00,327.8870,5.1185,28.4576
2019-10-05 14:00:00+00:00,213.4754,4.8230,28.2923
2019-10-05 15:00:00+00:00,205.9878,4.5899,28.0060
2019-10-05 16:00:00+00:00,147.9097,4.1716,27.6890
2019-10-05 17:00:00+00:00,64.7003,3.5202,27.2432
2019-10-05 18:00:00+00:00,50.9464,3.5473,26.8491
2019-10-05 19:00:00+00:00,37.1925,3.5745,26.4549
2019-10-05 20:00:00+00:00,23.4386,3.6016,26.0608
2019-10-05 21:00:00+00:00,65.9470,3.6733,25.5893
2019-10-05 22:00:00+00:00,102.2974,3.6577,26.6011
2019-10-05 23:00:00+00:00,58.5452,2.5608,26.6772
2019-10-06 00:00:00+00:00,9.4916,1.5116,26.6577
2019-10-06 01:00:00+00:00,-5.0411,2.3462,27.2962
2019-10-06 02:00:00+00:00,-4.7393,2.1720,28.2989
2019-10-06 03:00:00+00:00,-4.9356,2.3855,29.4236
2019-10-06 04:00:00+00:00,-5.6092,2.7716,30.1822
2019-10-06 05:00:00+00:00,38.0800,3.5034,30.8256
2019-10-06 06:00:00+00:00,242.6380,4.4999,30.2847
2019-10-06 07:00:00+00:00,239.0479,4.4589,31.0121
2019-10-06 08:00:00+00:00,139.4884,4.4039,31.5411
2019-10-06 09:00:00+00:00,81.2720,3.8466,31.1083
2019-10-06 10:00:00+00:00,50.0820,3.3019,30.6416
2019-10-06 11:00:00+00:00,18.8919,2.7571,30.1748
2019-10-06 12:00:00+00:00,-1.0595,2.4452,29.7850
2019-10-06 13:00:00+00:00,25.1294,2.7116,29.2795
2019-10-06 14:00:00+00:00,57.7767,2.9599,28.6689
2019-10-06 15:00:00+00:00,90.4240,3.2082,28.0583
2019-10-06 16:00:00+00:00,123.0713,3.4566,27.4477
2019-10-06 17:00:00+00:00,155.7186,3.7049,26.8371
2019-10-06 18:00:00+00:00,188.3659,3.9532,26.2265
2019-10-06 19:00:00+00:00,221.0132,4.2015,25.6159
2019-10-06 20:00:00+00:00,253.6605,4.4498,25.0053
2019-10-06 21:00:00+00:00,286.3078,4.6981,24.3947
2019-10-06 22:00:00+00:00,318.9551,4.9465,23.7841
2019-10-06 23:00:00+00:00,351.6024,5.1948,23.1735
2019-10-07 00:00:00+00:00,384.2497,5.4431,22.5629
2019-10-07 01:00:00+00:00,416.8970,5.6914,21.9523
2019-10-07 02:00:00+00:00,412.2764,5.6784,21.6052
2019-10-07 03:00:00+00:00,49.1467,3.6448,22.7496
2019-10-07 04:00:00+00:00,227.6471,4.7203,25.0055
2019-10-07 05:00:00+00:00,95.0373,3.6370,27.1607
2019-10-07 06:00:00+00:00,-3.3839,2.5995,28.9269
2019-10-07 07:00:00+00:00,12.3032,3.0858,29.5845
2019-10-07 08:00:00+00:00,41.3573,3.3475,30.3581
2019-10-07 09:00:00+00:00,77.7259,3.6724,30.6474
2019-10-07 10:00:00+00:00,35.5250,3.4687,30.8563
2019-10-07 11:00:00+00:00,138.1624,3.9688,30.5300
2019-10-07 12:00:00+00:00,78.4346,3.5504,30.2705
2019-10-07 13:00:00+00:00,72.8084,3.4377,30.0986
2019-10-07 14:00:00+00:00,67.1821,3.3249,29.9267
2019-10-07 15:00:00+00:00,61.5559,3.2122,29.7548
2019-10-07 16:00:00+00:00,55.9296,3.0994,29.5829
2019-10-07 17:00:00+00:00,50.3033,2.9867,29.4110
2019-10-07 18:00:00+00:00,44.6771,2.8739,29.2391
2019-10-07 19:00:00+00:00,39.0508,2.7612,29.0672
2019-10-07 20:00:00+00:00,33.4246,2.6484,28.8953
2019-10-07 21:00:00+00:00,27.7983,2.5356,28.7234
2019-10-07 22:00:00+00:00,22.1721,2.4229,28.5515
2019-10-07 23:00:00+00:00,16.5458,2.3101,28.3796
2019-10-08 00:00:00+00:00,10.9196,2.1974,28.2077
2019-10-08 01:00:00+00:00,5.2933,2.0846,28.0358
2019-10-08 02:00:00+00:00,-0.3330,1.9719,27.8639
2019-10-08 03:00:00+00:00,-4.4506,1.9694,28.3051
2019-10-08 04:00:00+00:00,-4.8027,2.2286,30.2263
2019-10-08 05:00:00+00:00,-5.7118,2.1142,31.6236
2019-10-08 06:00:00+00:00,-5.9020,2.1255,32.4846
2019-10-08 07:00:00+00:00,-6.0486,2.5388,32.9682
2019-10-08 08:00:00+00:00,-4.8057,2.4449,33.0058
2019-10-08 09:00:00+00:00,-5.1300,2.5871,32.5754
2019-10-08 10:00:00+00:00,-5.4542,2.7293,32.1449
2019-10-08 11:00:00+00:00,-5.7784,2.8715,31.7145
2019-10-08 12:00:00+00:00,-6.1027,3.0137,31.2840
2019-10-08 13:00:00+00:00,82.6622,3.7520,30.6854
2019-10-08 14:00:00+00:00,180.4987,4.4388,30.1199
2019-10-08 15:00:00+00:00,164.3690,4.2899,29.7993
2019-10-08 16:00:00+00:00,148.2393,4.1409,29.4788
2019-10-08 17:00:00+00:00,132.1096,3.9920,29.1582
2019-10-08 18:00:00+00:00,115.9799,3.8431,28.8376
2019-10-08 19:00:00+00:00,99.8502,3.6941,28.5170
2019-10-08 20:00:00+00:00,83.7205,3.5452,28.1964
2019-10-08 21:00:00+00:00,67.5908,3.3962,27.8758
2019-10-08 22:00:00+00:00,51.4611,3.2473,27.5552
2019-10-08 23:00:00+00:00,35.3314,3.0984,27.2346
2019-10-09 00:00:00+00:00,19.2017,2.9494,26.9140
2019-10-09 01:00:00+00:00,3.0720,2.8005,26.5934
2019-10-09 02:00:00+00:00,-6.6995,2.7839,26.8527
2019-10-09 03:00:00+00:00,-5.4060,1.9906,29.0009
2019-10-09 04:00:00+00:00,-4.9841,1.8747,30.5617
2019-10-09 05:00:00+00:00,-4.6186,1.8141,31.9188
2019-10-09 06:00:00+00:00,-4.5721,1.6051,32.3394
2019-10-09 07:00:00+00:00,-4.7801,1.7870,32.7629
2019-10-09 08:00:00+00:00,-4.9881,1.9689,33.1863
2019-10-09 09:00:00+00:00,-6.1278,2.7865,33.2750
2019-10-09 10:00:00+00:00,-6.0635,3.3064,33.3226
2019-10-09 11:00:00+00:00,-0.5539,2.8396,32.9143
2019-10-09 12:00:00+00:00,253.8734,3.5758,31.1874
2019-10-09 13:00:00+00:00,1169.8826,7.4337,28.2530
2019-10-09 14:00:00+00:00,1098.5039,7.2676,26.9189
2019-10-09 15:00:00+00:00,13.7143,3.4513,27.7609
2019-10-09 16:00:00+00:00,49.8034,3.6908,27.5826
2019-10-09 17:00:00+00:00,85.8925,3.9303,27.4043
2019-10-09 18:00:00+00:00,136.4904,4.0756,26.9244
2019-10-09 19:00:00+00:00,22.3394,2.9744,26.5572
2019-10-09 20:00:00+00:00,189.8461,4.7415,25.2916
2019-10-09 21:00:00+00:00,110.6077,4.1090,25.4075
2019-10-09 22:00:00+00:00,85.2557,3.6965,25.4663
2019-10-09 23:00:00+00:00,59.9037,3.2839,25.5252
2019-10-10 00:00:00+00:00,34.5517,2.8713,25.5841
2019-10-10 01:00:00+00:00,9.1997,2.4588,25.6430
2019-10-10 02:00:00+00:00,-5.5507,2.4960,25.8847
2019-10-10 03:00:00+00:00,-5.3498,2.3097,26.6450
2019-10-10 04:00:00+00:00,-4.6601,2.0232,28.5244
2019-10-10 05:00:00+00:00,-4.7207,2.1187,30.0603
2019-10-10 06:00:00+00:00,-5.5595,2.3760,31.4761
2019-10-10 07:00:00+00:00,-5.6313,2.3558,32.3057
2019-10-10 08:00:00+00:00,-5.9441,2.0412,32.9731
2019-10-10 09:00:00+00:00,-6.4992,2.6124,32.9468
2019-10-10 10:00:00+00:00,-5.7338,2.4608,32.1995
2019-10-10 11:00:00+00:00,6.3705,2.7673,31.8432
2019-10-10 12:00:00+00:00,78.5928,3.6006,30.5978
2019-10-10 13:00:00+00:00,90.7633,3.8060,30.0327
2019-10-10 14:00:00+00:00,73.2226,3.5933,29.5040
2019-10-10 15:00:00+00:00,-6.8384,2.0394,29.1477
2019-10-10 16:00:00+00:00,29.8009,3.3102,29.1765
2019-10-10 17:00:00+00:00,72.2392,2.5486,28.3467
2019-10-10 18:00:00+00:00,802.9927,6.3567,24.5849
2019-10-10 19:00:00+00:00,92.2127,3.8052,26.0234
2019-10-10 20:00:00+00:00,561.2563,5.9530,23.7829
2019-10-10 21:00:00+00:00,45.0714,3.2794,23.6944
2019-10-10 22:00:00+00:00,67.8726,3.5913,23.1580
2019-10-10 23:00:00+00:00,11.5677,3.1228,23.9903
2019-10-11 00:00:00+00:00,11.5444,2.8320,23.9676
2019-10-11 01:00:00+00:00,140.8858,4.0451,24.1598
2019-10-11 02:00:00+00:00,14.9059,3.1113,24.6713
2019-10-11 03:00:00+00:00,2.5625,2.7430,25.4289
2019-10-11 04:00:00+00:00,-5.6528,1.8924,27.5929
2019-10-11 05:00:00+00:00,-5.4601,1.9177,29.4187
2019-10-11 06:00:00+00:00,-5.2467,2.1192,30.1927
2019-10-11 07:00:00+00:00,-5.4132,2.1795,30.7941
2019-10-11 08:00:00+00:00,-5.1130,2.0628,31.8913
2019-10-11 09:00:00+00:00,-4.9881,1.7764,32.6625
2019-10-11 10:00:00+00:00,-5.3580,2.2144,31.9733
2019-10-11 11:00:00+00:00,8.2623,2.9054,30.8375
2019-10-11 12:00:00+00:00,-6.0540,2.7743,29.6768
2019-10-11 13:00:00+00:00,6.1734,2.8436,28.9119
2019-10-11 14:00:00+00:00,35.9671,3.3256,28.9832
2019-10-11 15:00:00+00:00,95.6757,3.7768,28.3038
2019-10-11 16:00:00+00:00,61.2174,3.6072,27.9320
2019-10-11 17:00:00+00:00,62.9632,3.4330,27.6942
2019-10-11 18:00:00+00:00,328.6364,5.2019,27.0838
2019-10-11 19:00:00+00:00,54.6280,3.5125,26.1743
2019-10-11 20:00:00+00:00,104.1725,4.0836,26.2304
2019-10-11 21:00:00+00:00,33.4704,3.1804,25.2805
2019-10-11 22:00:00+00:00,187.5488,4.5721,25.3848
2019-10-11 23:00:00+00:00,159.8482,4.3518,25.6718
2019-10-12 00:00:00+00:00,55.5267,3.5856,25.4295
2019-10-12 01:00:00+00:00,118.6563,4.2445,25.0800
2019-10-12 02:00:00+00:00,-4.3352,2.3465,26.7490
2019-10-12 03:00:00+00:00,-5.1145,1.9353,28.3752
2019-10-12 04:00:00+00:00,-5.2839,1.9489,30.7237
2019-10-12 05:00:00+00:00,-5.1087,1.8306,31.5822
2019-10-12 06:00:00+00:00,-4.7260,1.7983,33.0662
2019-10-12 07:00:00+00:00,-5.7364,2.6208,32.9747
2019-10-12 08:00:00+00:00,-3.4327,2.8980,33.0965
2019-10-12 09:00:00+00:00,16.1496,3.2683,32.8697
2019-10-12 10:00:00+00:00,65.4423,3.4859,31.4071
2019-10-12 11:00:00+00:00,139.9386,4.0172,31.9847
2019-10-12 12:00:00+00:00,218.3494,4.5919,31.1084
2019-10-12 13:00:00+00:00,153.3143,4.2726,30.5667
2019-10-12 14:00:00+00:00,306.5753,5.1724,29.9060
2019-10-12 15:00:00+00:00,568.5686,6.1523,28.7570
2019-10-12 16:00:00+00:00,587.0722,6.1265,28.3544
2019-10-12 17:00:00+00:00,420.7099,5.7360,27.4385
2019-10-12 18:00:00+00:00,633.8860,6.4790,27.3018
2019-10-12 19:00:00+00:00,409.0743,5.5840,26.9027
2019-10-12 20:00:00+00:00,133.5631,4.0937,26.5826
2019-10-12 21:00:00+00:00,-5.4802,2.5786,26.1556
2019-10-12 22:00:00+00:00,-5.5763,2.9629,26.3906
2019-10-12 23:00:00+00:00,-5.6755,2.5095,25.5520
2019-10-13 00:00:00+00:00,8.1496,3.0511,25.7909
2019-10-13 01:00:00+00:00,77.8918,3.8563,25.6918
2019-10-13 02:00:00+00:00,49.6381,3.4576,26.5460
2019-10-13 03:00:00+00:00,-5.4164,2.7416,28.3331
2019-10-13 04:00:00+00:00,-5.5217,2.7170,29.8862
2019-10-13 05:00:00+00:00,12.4938,3.3916,30.8258
2019-10-13 06:00:00+00:00,45.2902,3.3799,31.3596
2019-10-13 07:00:00+00:00,5.5042,3.1469,31.9433
2019-10-13 08:00:00+00:00,114.8976,3.9118,32.2024
2019-10-13 09:00:00+00:00,121.5651,3.8180,32.7535
2019-10-13 10:00:00+00:00,11.7641,3.1837,32.8701
2019-10-13 11:00:00+00:00,24.5457,2.9927,31.6439
2019-10-13 12:00:00+00:00,164.4821,4.1693,31.5098
2019-10-13 13:00:00+00:00,261.0020,4.8455,30.9018
2019-10-13 14:00:00+00:00,560.1277,6.1262,29.6935
2019-10-13 15:00:00+00:00,515.2843,6.0561,28.9322
2019-10-13 16:00:00+00:00,605.2726,6.2887,28.0485
2019-10-13 17:00:00+00:00,548.7633,6.1899,28.0271
2019-10-13 18:00:00+00:00,513.1440,6.0769,27.0424
2019-10-13 19:00:00+00:00,226.0232,4.9567,27.3276
2019-10-13 20:00:00+00:00,49.8309,3.5952,26.9986
2019-10-13 21:00:00+00:00,144.0133,4.3263,26.0468
2019-10-13 22:00:00+00:00,190.0186,4.4750,26.0051
2019-10-13 23:00:00+00:00,30.9002,3.0486,25.8052
2019-10-14 00:00:00+00:00,-5.2160,2.2015,26.1577
2019-10-14 01:00:00+00:00,-5.5010,2.7926,26.0636
2019-10-14 02:00:00+00:00,-5.4297,2.3252,27.3359
2019-10-14 03:00:00+00:00,-5.4203,2.5222,28.6727
2019-10-14 04:00:00+00:00,-5.2247,2.3620,30.2413
2019-10-14 05:00:00+00:00,35.7585,3.3134,30.9077
2019-10-14 06:00:00+00:00,79.8602,3.6494,31.0271
2019-10-14 07:00:00+00:00,155.0458,3.9929,31.7109
2019-10-14 08:00:00+00:00,148.2213,4.1344,32.3136
2019-10-14 09:00:00+00:00,130.8812,3.9198,32.7069
2019-10-14 10:00:00+00:00,93.1631,3.5493,32.7639
2019-10-14 11:00:00+00:00,161.0115,4.2684,32.2196
2019-10-14 12:00:00+00:00,172.9705,4.3416,31.4866
2019-10-14 13:00:00+00:00,692.2798,6.2964,29.9523
2019-10-14 14:00:00+00:00,627.0294,6.3457,29.2090
2019-10-14 15:00:00+00:00,614.2995,6.3129,28.6439
2019-10-14 16:00:00+00:00,634.3000,6.2043,28.0921
2019-10-14 17:00:00+00:00,533.1848,5.9857,27.4001
2019-10-14 18:00:00+00:00,511.6834,5.9121,27.0210
2019-10-14 19:00:00+00:00,394.2794,5.5288,26.8198
2019-10-14 20:00:00+00:00,102.4960,3.9583,26.1160
2019-10-14 21:00:00+00:00,44.9888,3.4795,26.3944
2019-10-14 22:00:00+00:00,147.7334,4.2194,26.0417
2019-10-14 23:00:00+00:00,305.5197,5.0174,25.6511
2019-10-15 00:00:00+00:00,252.9666,4.8406,25.2664
2019-10-15 01:00:00+00:00,87.6697,3.8377,25.1359
2019-10-15 02:00:00+00:00,138.7797,4.1052,25.4953
2019-10-15 03:00:00+00:00,40.5452,3.4768,26.6054
2019-10-15 04:00:00+00:00,272.4335,4.7641,27.4752
2019-10-15 05:00:00+00:00,415.9580,5.4870,28.4184
2019-10-15 06:00:00+00:00,283.8179,4.8582,29.8520
2019-10-15 07:00:00+00:00,283.7486,4.8119,30.9026
2019-10-15 08:00:00+00:00,126.4350,3.7909,31.0483
2019-10-15 09:00:00+00:00,397.1799,5.2261,29.8057
2019-10-15 10:00:00+00:00,968.5137,6.9881,29.9165
2019-10-15 11:00:00+00:00,1247.7449,7.8112,29.0570
2019-10-15 12:00:00+00:00,1209.1835,7.8335,28.2974
2019-10-15 13:00:00+00:00,723.8224,6.5734,27.0844
2019-10-15 14:00:00+00:00,537.0176,6.0648,27.2448
2019-10-15 15:00:00+00:00,118.7401,4.0930,27.1314
2019-10-15 16:00:00+00:00,114.6223,3.9687,27.0153
2019-10-15 17:00:00+00:00,24.3247,3.1690,26.7508
2019-10-15 18:00:00+00:00,-5.3214,2.7540,26.6472
2019-10-15 19:00:00+00:00,-5.4039,2.6798,26.3993
2019-10-15 20:00:00+00:00,9.5629,3.0989,26.0300
2019-10-15 21:00:00+00:00,122.6256,3.9272,25.6049
2019-10-15 22:00:00+00:00,124.0473,4.0408,24.9077
2019-10-15 23:00:00+00:00,163.7139,4.3629,24.1528
2019-10-16 00:00:00+00:00,36.8922,3.3623,24.0618
2019-10-16 01:00:00+00:00,411.5200,5.5464,23.9709
2019-10-16 02:00:00+00:00,827.5655,7.1513,23.8799
2019-10-16 03:00:00+00:00,900.8592,7.1149,23.7889
2019-10-16 04:00:00+00:00,974.1529,7.0784,23.6980
2019-10-16 05:00:00+00:00,1025.2476,7.0475,23.6347
2019-10-16 06:00:00+00:00,1020.8446,7.0303,23.6407
2019-10-16 07:00:00+00:00,1014.2218,7.0136,23.6494
2019-10-16 08:00:00+00:00,1007.5989,6.9969,23.6581
2019-10-16 09:00:00+00:00,1000.9761,6.9803,23.6669
2019-10-16 10:00:00+00:00,994.3533,6.9636,23.6756
2019-10-16 11:00:00+00:00,987.7304,6.9469,23.6843
2019-10-16 12:00:00+00:00,981.1076,6.9303,23.6931
2019-10-16 13:00:00+00:00,974.4848,6.9136,23.7018
2019-10-16 14:00:00+00:00,967.8619,6.8969,23.7105
2019-10-16 15:00:00+00:00,961.2391,6.8802,23.7193
2019-10-16 16:00:00+00:00,954.6163,6.8636,23.7280
2019-10-16 17:00:00+00:00,947.9934,6.8469,23.7367
2019-10-16 18:00:00+00:00,941.3706,6.8302,23.7455
2019-10-16 19:00:00+00:00,934.7477,6.8135,23.7542
2019-10-16 20:00:00+00:00,928.1249,6.7969,23.7629
2019-10-16 21:00:00+00:00,921.5021,6.7802,23.7716
2019-10-16 22:00:00+00:00,914.8792,6.7635,23.7804
2019-10-16 23:00:00+00:00,908.2564,6.7469,23.7891
2019-10-17 00:00:00+00:00,901.6336,6.7302,23.7978
2019-10-17 01:00:00+00:00,895.0107,6.7135,23.8066
2019-10-17 02:00:00+00:00,888.3879,6.6968,23.8153
2019-10-17 03:00:00+00:00,881.7651,6.6802,23.8240
2019-10-17 04:00:00+00:00,875.1422,6.6635,23.8328
2019-10-17 05:00:00+00:00,868.5194,6.6468,23.8415
2019-10-17 06:00:00+00:00,861.8965,6.6302,23.8502
2019-10-17 07:00:00+00:00,855.2737,6.6135,23.8590
2019-10-17 08:00:00+00:00,848.6509,6.5968,23.8677
2019-10-17 09:00:00+00:00,842.0280,6.5801,23.8764
2019-10-17 10:00:00+00:00,835.4052,6.5635,23.8851
2019-10-17 11:00:00+00:00,828.7824,6.5468,23.8939
2019-10-17 12:00:00+00:00,822.1595,6.5301,23.9026
2019-10-17 13:00:00+00:00,815.5367,6.5135,23.9113
2019-10-17 14:00:00+00:00,808.9139,6.4968,23.9201
2019-10-17 15:00:00+00:00,802.2910,6.4801,23.9288
2019-10-17 16:00:00+00:00,795.6682,6.4634,23.9375
2019-10-17 17:00:00+00:00,789.0453,6.4468,23.9463
2019-10-17 18:00:00+00:00,782.4225,6.4301,23.9550
2019-10-17 19:00:00+00:00,775.7997,6.4134,23.9637
2019-10-17 20:00:00+00:00,769.1768,6.3967,23.9725
2019-10-17 21:00:00+00:00,762.5540,6.3801,23.9812
2019-10-17 22:00:00+00:00,755.9312,6.3634,23.9899
2019-10-17 23:00:00+00:00,749.3083,6.3467,23.9986
2019-10-18 00:00:00+00:00,742.6855,6.3301,24.0074
2019-10-18 01:00:00+00:00,736.0627,6.3134,24.0161
2019-10-18 02:00:00+00:00,729.4398,6.2967,24.0248
2019-10-18 03:00:00+00:00,722.8170,6.2800,24.0336
2019-10-18 04:00:00+00:00,716.1941,6.2634,24.0423
2019-10-18 05:00:00+00:00,709.5713,6.2467,24.0510
2019-10-18 06:00:00+00:00,702.9485,6.2300,24.0598
2019-10-18 07:00:00+00:00,696.3256,6.2134,24.0685
2019-10-18 08:00:00+00:00,689.7028,6.1967,24.0772
2019-10-18 09:00:00+00:00,683.0800,6.1800,24.0860
2019-10-18 10:00:00+00:00,676.4571,6.1633,24.0947
2019-10-18 11:00:00+00:00,669.8343,6.1467,24.1034
2019-10-18 12:00:00+00:00,663.2115,6.1300,24.1121
2019-10-18 13:00:00+00:00,656.5886,6.1133,24.1209
2019-10-18 14:00:00+00:00,649.9658,6.0966,24.1296
2019-10-18 15:00:00+00:00,643.3429,6.0800,24.1383
2019-10-18 16:00:00+00:00,636.7201,6.0633,24.1471
2019-10-18 17:00:00+00:00,630.0973,6.0466,24.1558
2019-10-18 18:00:00+00:00,623.4744,6.0300,24.1645
2019-10-18 19:00:00+00:00,616.8516,6.0133,24.1733
2019-10-18 20:00:00+00:00,610.2288,5.9966,24.1820
2019-10-18 21:00:00+00:00,603.6059,5.9799,24.1907
2019-10-18 22:00:00+00:00,596.9831,5.9633,24.1995
2019-10-18 23:00:00+00:00,590.3603,5.9466,24.2082
2019-10-19 00:00:00+00:00,583.7374,5.9299,24.2169
2019-10-19 01:00:00+00:00,577.1146,5.9133,24.2256
2019-10-19 02:00:00+00:00,570.4917,5.8966,24.2344
2019-10-19 03:00:00+00:00,563.8689,5.8799,24.2431
2019-10-19 04:00:00+00:00,557.2461,5.8632,24.2518
2019-10-19 05:00:00+00:00,550.6232,5.8466,24.2606
2019-10-19 06:00:00+00:00,544.0004,5.8299,24.2693
2019-10-19 07:00:00+00:00,537.3776,5.8132,24.2780
2019-10-19 08:00:00+00:00,530.7547,5.7965,24.2868
2019-10-19 09:00:00+00:00,524.1319,5.7799,24.2955
2019-10-19 10:00:00+00:00,517.5091,5.7632,24.3042
2019-10-19 11:00:00+00:00,510.8862,5.7465,24.3130
2019-10-19 12:00:00+00:00,504.2634,5.7299,24.3217
2019-10-19 13:00:00+00:00,497.6405,5.7132,24.3304
2019-10-19 14:00:00+00:00,491.0177,5.6965,24.3391
2019-10-19 15:00:00+00:00,484.3949,5.6798,24.3479
2019-10-19 16:00:00+00:00,477.7720,5.6632,24.3566
2019-10-19 17:00:00+00:00,471.1492,5.6465,24.3653
2019-10-19 18:00:00+00:00,464.5264,5.6298,24.3741
2019-10-19 19:00:00+00:00,457.9035,5.6132,24.3828
2019-10-19 20:00:00+00:00,451.2807,5.5965,24.3915
2019-10-19 21:00:00+00:00,444.6579,5.5798,24.4003
2019-10-19 22:00:00+00:00,438.0350,5.5631,24.4090
2019-10-19 23:00:00+00:00,431.4122,5.5465,24.4177
2019-10-20 00:00:00+00:00,424.7893,5.5298,24.4265
2019-10-20 01:00:00+00:00,418.1665,5.5131,24.4352
2019-10-20 02:00:00+00:00,411.5437,5.4964,24.4439
2019-10-20 03:00:00+00:00,404.9208,5.4798,24.4526
2019-10-20 04:00:00+00:00,398.2980,5.4631,24.4614
2019-10-20 05:00:00+00:00,391.6752,5.4464,24.4701
2019-10-20 06:00:00+00:00,385.0523,5.4298,24.4788
2019-10-20 07:00:00+00:00,378.4295,5.4131,24.4876
2019-10-20 08:00:00+00:00,371.8067,5.3964,24.4963
2019-10-20 09:00:00+00:00,365.1838,5.3797,24.5050
2019-10-20 10:00:00+00:00,358.5610,5.3631,24.5138
2019-10-20 11:00:00+00:00,351.9381,5.3464,24.5225
2019-10-20 12:00:00+00:00,345.3153,5.3297,24.5312
2019-10-20 13:00:00+00:00,338.6925,5.3131,24.5400
2019-10-20 14:00:00+00:00,332.0696,5.2964,24.5487
2019-10-20 15:00:00+00:00,325.4468,5.2797,24.5574
2019-10-20 16:00:00+00:00,318.8240,5.2630,24.5661
2019-10-20 17:00:00+00:00,312.2011,5.2464,24.5749
2019-10-20 18:00:00+00:00,305.5783,5.2297,24.5836
2019-10-20 19:00:00+00:00,298.9555,5.2130,24.5923
2019-10-20 20:00:00+00:00,292.3326,5.1963,24.6011
2019-10-20 21:00:00+00:00,285.7098,5.1797,24.6098
2019-10-20 22:00:00+00:00,279.0869,5.1630,24.6185
2019-10-20 23:00:00+00:00,272.4641,5.1463,24.6273
2019-10-21 00:00:00+00:00,265.8413,5.1297,24.6360
2019-10-21 01:00:00+00:00,259.2184,5.1130,24.6447
2019-10-21 02:00:00+00:00,252.5956,5.0963,24.6535
2019-10-21 03:00:00+00:00,245.9728,5.0796,24.6622
2019-10-21 04:00:00+00:00,239.3499,5.0630,24.6709
2019-10-21 05:00:00+00:00,232.7271,5.0463,24.6796
2019-10-21 06:00:00+00:00,226.1042,5.0296,24.6884
2019-10-21 07:00:00+00:00,219.4814,5.0130,24.6971
2019-10-21 08:00:00+00:00,212.8586,4.9963,24.7058
2019-10-21 09:00:00+00:00,206.2357,4.9796,24.7146
2019-10-21 10:00:00+00:00,199.6129,4.9629,24.7233
2019-10-21 11:00:00+00:00,192.9901,4.9463,24.7320
2019-10-21 12:00:00+00:00,186.3672,4.9296,24.7408
2019-10-21 13:00:00+00:00,179.7444,4.9129,24.7495
2019-10-21 14:00:00+00:00,173.1216,4.8962,24.7582
2019-10-21 15:00:00+00:00,166.4987,4.8796,24.7670
2019-10-21 16:00:00+00:00,159.8759,4.8629,24.7757
2019-10-21 17:00:00+00:00,128.2196,4.4581,24.7289
2019-10-21 18:00:00+00:00,37.6085,3.5465,24.5921
2019-10-21 19:00:00+00:00,-2.6467,2.5726,24.5822
2019-10-21 20:00:00+00:00,-5.1456,2.2417,24.4714
2019-10-21 21:00:00+00:00,-4.8706,1.7362,24.6468
2019-10-21 22:00:00+00:00,-4.7165,1.6750,24.6395
2019-10-21 23:00:00+00:00,-4.7263,1.2637,24.8997
2019-10-22 00:00:00+00:00,-4.8662,2.0522,24.6726
2019-10-22 01:00:00+00:00,-5.5113,2.5498,24.6905
2019-10-22 02:00:00+00:00,-5.4510,2.7222,25.0402
2019-10-22 03:00:00+00:00,-5.4009,2.0425,25.9418
2019-10-22 04:00:00+00:00,-5.5265,2.2031,26.4087
2019-10-22 05:00:00+00:00,-5.7061,3.4305,26.3881
2019-10-22 06:00:00+00:00,-5.6723,3.3547,26.6694
2019-10-22 07:00:00+00:00,-5.6907,3.2464,26.5906
2019-10-22 08:00:00+00:00,-6.2230,3.2345,26.1985
2019-10-22 09:00:00+00:00,-2.7517,1.7910,8.7155
2019-10-22 10:00:00+00:00,-6.2987,2.8908,26.2341
2019-10-22 11:00:00+00:00,-6.0293,2.4935,26.1986
2019-10-22 12:00:00+00:00,-5.4570,3.0795,25.4554
2019-10-22 13:00:00+00:00,22.0332,3.4210,25.1828
2019-10-22 14:00:00+00:00,-5.8726,2.7246,25.1881
2019-10-22 15:00:00+00:00,-5.1562,1.7912,25.1973
2019-10-22 16:00:00+00:00,-4.8174,1.7535,25.1189
2019-10-22 17:00:00+00:00,-3.8141,1.9121,25.1345
2019-10-22 18:00:00+00:00,26.3653,2.9282,25.0326
2019-10-22 19:00:00+00:00,68.1293,3.4126,24.9301
2019-10-22 20:00:00+00:00,109.8932,3.8969,25.2258
2019-10-22 21:00:00+00:00,151.6571,4.3812,25.5374
2019-10-22 22:00:00+00:00,154.0150,4.5344,25.8490
2019-10-22 23:00:00+00:00,198.1900,4.6864,26.1606
2019-10-23 00:00:00+00:00,251.1819,4.8805,26.4723
2019-10-23 01:00:00+00:00,304.1738,5.0746,26.7839
2019-10-23 02:00:00+00:00,357.1657,5.2687,27.0955
2019-10-23 03:00:00+00:00,410.1576,5.4629,27.4071
2019-10-23 04:00:00+00:00,463.1495,5.6570,27.7187
2019-10-23 05:00:00+00:00,516.1413,5.8511,28.0304
2019-10-23 06:00:00+00:00,476.7015,5.7905,28.3427
2019-10-23 07:00:00+00:00,395.7507,5.5139,29.1107
2019-10-23 08:00:00+00:00,440.9386,5.5996,29.7451
2019-10-23 09:00:00+00:00,317.4787,5.1274,29.8889
2019-10-23 10:00:00+00:00,173.6711,3.8901,30.1404
2019-10-23 11:00:00+00:00,31.0234,2.5600,28.5827
2019-10-23 12:00:00+00:00,-5.5195,2.3375,28.8001
2019-10-23 13:00:00+00:00,-7.5978,2.6488,28.4840
2019-10-23 14:00:00+00:00,847.3510,6.2462,24.8426
2019-10-23 15:00:00+00:00,581.4375,6.0885,23.0998
2019-10-23 16:00:00+00:00,269.8825,5.1639,24.2014
2019-10-23 17:00:00+00:00,128.3183,4.1142,24.3285
2019-10-23 18:00:00+00:00,182.3463,4.6725,23.9911
2019-10-23 19:00:00+00:00,323.2588,5.4730,24.1992
2019-10-23 20:00:00+00:00,290.9536,5.4935,24.5804
2019-10-23 21:00:00+00:00,139.1609,4.4159,24.1003
2019-10-23 22:00:00+00:00,60.2381,3.6024,24.3341
2019-10-23 23:00:00+00:00,-5.0217,2.4964,24.3713
2019-10-24 00:00:00+00:00,-5.6143,2.7768,24.5670
2019-10-24 01:00:00+00:00,-5.0853,2.6109,24.8308
2019-10-24 02:00:00+00:00,-5.2684,2.2886,25.6903
2019-10-24 03:00:00+00:00,-5.1436,2.4438,26.8090
2019-10-24 04:00:00+00:00,-2.9940,2.8032,27.4219
2019-10-24 05:00:00+00:00,68.9285,3.3874,28.3936
2019-10-24 06:00:00+00:00,288.9282,4.7930,29.3214
2019-10-24 07:00:00+00:00,470.9837,5.6025,30.3126
2019-10-24 08:00:00+00:00,679.0288,6.3490,30.9611
2019-10-24 09:00:00+00:00,578.4826,6.0034,30.4348
2019-10-24 10:00:00+00:00,280.5394,4.7117,31.0609
2019-10-24 11:00:00+00:00,451.7746,5.7252,30.6387
2019-10-24 12:00:00+00:00,95.6739,3.6213,30.2152
2019-10-24 13:00:00+00:00,40.6479,3.3430,29.5497
2019-10-24 14:00:00+00:00,1221.4611,8.3270,25.0055
2019-10-24 15:00:00+00:00,748.5644,6.5423,22.7883
2019-10-24 16:00:00+00:00,407.3485,5.5590,24.1307
2019-10-24 17:00:00+00:00,154.2976,3.6184,24.5365
2019-10-24 18:00:00+00:00,18.7337,2.6978,25.2359
2019-10-24 19:00:00+00:00,-5.4502,2.4030,25.4167
2019-10-24 20:00:00+00:00,-5.7606,2.3568,25.4911
2019-10-24 21:00:00+00:00,-4.6673,2.3630,25.7662
2019-10-24 22:00:00+00:00,-0.6465,2.5721,26.0637
2019-10-24 23:00:00+00:00,9.1251,2.7361,26.3611
2019-10-25 00:00:00+00:00,18.8967,2.9002,26.6586
2019-10-25 01:00:00+00:00,28.6683,3.0642,26.9560
2019-10-25 02:00:00+00:00,38.4399,3.2283,27.2535
2019-10-25 03:00:00+00:00,48.2115,3.3923,27.5509
2019-10-25 04:00:00+00:00,57.9831,3.5564,27.8484
2019-10-25 05:00:00+00:00,67.7547,3.7204,28.1458
2019-10-25 06:00:00+00:00,77.5262,3.8845,28.4433
2019-10-25 07:00:00+00:00,87.2978,4.0485,28.7407
2019-10-25 08:00:00+00:00,97.0694,4.2126,29.0382
2019-10-25 09:00:00+00:00,106.8410,4.3766,29.3357
2019-10-25 10:00:00+00:00,116.6126,4.5407,29.6331
2019-10-25 11:00:00+00:00,137.8004,4.6343,29.9306
2019-10-25 12:00:00+00:00,177.8697,4.6258,30.0629
2019-10-25 13:00:00+00:00,240.4531,4.8004,25.4451
2019-10-25 14:00:00+00:00,43.8000,3.3203,26.1507
2019-10-25 15:00:00+00:00,56.4853,3.4988,27.7495
2019-10-25 16:00:00+00:00,115.4947,3.8720,27.8985
2019-10-25 17:00:00+00:00,216.5509,4.7226,27.3497
2019-10-25 18:00:00+00:00,116.7155,3.9631,27.0535
2019-10-25 19:00:00+00:00,65.7744,3.4963,26.7421
2019-10-25 20:00:00+00:00,77.7573,3.6282,26.4788
2019-10-25 21:00:00+00:00,20.0558,3.2694,26.1875
2019-10-25 22:00:00+00:00,12.8191,3.0550,26.1716
2019-10-25 23:00:00+00:00,172.5649,4.5966,25.6921
2019-10-26 00:00:00+00:00,302.4296,5.3345,25.2649
2019-10-26 01:00:00+00:00,49.5420,3.3190,25.3683
2019-10-26 02:00:00+00:00,25.7002,3.6118,26.0479
2019-10-26 03:00:00+00:00,88.8830,4.0678,27.2121
2019-10-26 04:00:00+00:00,82.5393,3.6924,28.6928
2019-10-26 05:00:00+00:00,92.6492,3.8543,29.8620
2019-10-26 06:00:00+00:00,60.0974,3.8201,31.2103
2019-10-26 07:00:00+00:00,109.6232,3.8915,31.9879
2019-10-26 08:00:00+00:00,-0.8910,2.7075,31.9175
2019-10-26 09:00:00+00:00,1.1417,2.9413,32.0620
2019-10-26 10:00:00+00:00,-7.5399,2.6208,31.6278
2019-10-26 11:00:00+00:00,180.7545,4.7443,29.5628
2019-10-26 12:00:00+00:00,214.9769,4.3432,28.8505
2019-10-26 13:00:00+00:00,544.0947,5.7496,28.1246
2019-10-26 14:00:00+00:00,459.9588,5.5337,24.0930
2019-10-26 15:00:00+00:00,170.9366,3.9359,24.3725
2019-10-26 16:00:00+00:00,616.1859,5.9109,24.3324
2019-10-26 17:00:00+00:00,879.6494,6.6149,23.5868
2019-10-26 18:00:00+00:00,832.0118,6.4149,23.9750
2019-10-26 19:00:00+00:00,784.3743,6.2150,24.3632
2019-10-26 20:00:00+00:00,736.7367,6.0150,24.7513
2019-10-26 21:00:00+00:00,689.0992,5.8150,25.1395
2019-10-26 22:00:00+00:00,641.4617,5.6150,25.5277
2019-10-26 23:00:00+00:00,593.8241,5.4150,25.9159
2019-10-27 00:00:00+00:00,546.1866,5.2150,26.3040
2019-10-27 01:00:00+00:00,498.5490,5.0151,26.6922
2019-10-27 02:00:00+00:00,450.9115,4.8151,27.0804
2019-10-27 03:00:00+00:00,403.2740,4.6151,27.4685
2019-10-27 04:00:00+00:00,355.6364,4.4151,27.8567
2019-10-27 05:00:00+00:00,307.9989,4.2151,28.2449
2019-10-27 06:00:00+00:00,260.3613,4.0152,28.6330
2019-10-27 07:00:00+00:00,212.7238,3.8152,29.0212
2019-10-27 08:00:00+00:00,165.0863,3.6152,29.4094
2019-10-27 09:00:00+00:00,117.4487,3.4152,29.7975
2019-10-27 10:00:00+00:00,69.8112,3.2152,30.1857
2019-10-27 11:00:00+00:00,22.1736,3.0152,30.5739
2019-10-27 12:00:00+00:00,-1.4342,2.8368,30.4256
2019-10-27 13:00:00+00:00,12.5054,2.9208,30.3267
2019-10-27 14:00:00+00:00,26.8000,3.0260,30.3005
2019-10-27 15:00:00+00:00,41.0946,3.1311,30.2743
2019-10-27 16:00:00+00:00,55.3893,3.2363,30.2481
2019-10-27 17:00:00+00:00,69.6839,3.3415,30.2219
2019-10-27 18:00:00+00:00,83.9785,3.4466,30.1957
2019-10-27 19:00:00+00:00,98.2732,3.5518,30.1695
2019-10-27 20:00:00+00:00,112.5678,3.6569,30.1433
2019-10-27 21:00:00+00:00,126.8624,3.7621,30.1171
2019-10-27 22:00:00+00:00,141.1571,3.8673,30.0909
2019-10-27 23:00:00+00:00,155.4517,3.9724,30.0647
2019-10-28 00:00:00+00:00,169.7463,4.0776,30.0385
2019-10-28 01:00:00+00:00,184.0410,4.1827,30.0123
2019-10-28 02:00:00+00:00,198.3356,4.2879,29.9861
2019-10-28 03:00:00+00:00,212.6302,4.3930,29.9599
2019-10-28 04:00:00+00:00,226.9249,4.4982,29.9337
2019-10-28 05:00:00+00:00,241.2195,4.6034,29.9075
2019-10-28 06:00:00+00:00,255.5141,4.7085,29.8814
2019-10-28 07:00:00+00:00,269.8088,4.8137,29.8552
2019-10-28 08:00:00+00:00,284.1034,4.9188,29.8290
2019-10-28 09:00:00+00:00,298.3980,5.0240,29.8028
2019-10-28 10:00:00+00:00,312.6927,5.1291,29.7766
2019-10-28 11:00:00+00:00,326.9873,5.2343,29.7504
2019-10-28 12:00:00+00:00,495.0812,5.9022,29.5588
2019-10-28 13:00:00+00:00,550.8856,6.1830,28.9098
2019-10-28 14:00:00+00:00,740.1541,6.7345,27.9855
2019-10-28 15:00:00+00:00,811.6820,6.9330,27.2421
2019-10-28 16:00:00+00:00,673.0066,6.6008,26.7765
2019-10-28 17:00:00+00:00,243.2125,4.9748,26.1930
2019-10-28 18:00:00+00:00,85.4305,3.8671,25.5656
2019-10-28 19:00:00+00:00,63.7807,3.6816,25.2408
2019-10-28 20:00:00+00:00,168.2812,4.5664,25.0018
2019-10-28 21:00:00+00:00,135.9272,4.4047,24.7308
2019-10-28 22:00:00+00:00,33.9678,3.6252,24.3660
2019-10-28 23:00:00+00:00,128.1151,4.2376,24.2250
2019-10-29 00:00:00+00:00,211.4667,4.7804,24.2007
2019-10-29 01:00:00+00:00,228.1333,5.0337,24.5348
2019-10-29 02:00:00+00:00,129.1012,4.0892,25.0434
2019-10-29 03:00:00+00:00,82.0378,3.6596,26.0806
2019-10-29 04:00:00+00:00,345.7344,5.0744,27.2469
2019-10-29 05:00:00+00:00,423.1526,5.4030,28.1607
2019-10-29 06:00:00+00:00,861.0502,6.8642,26.4933
2019-10-29 07:00:00+00:00,391.1445,5.2823,25.7886
2019-10-29 08:00:00+00:00,727.5214,6.6051,26.9077
2019-10-29 09:00:00+00:00,402.5751,5.5297,26.9457
2019-10-29 10:00:00+00:00,250.7350,4.6877,26.9590
2019-10-29 11:00:00+00:00,145.1733,4.2232,26.8322
2019-10-29 12:00:00+00:00,216.9950,4.6089,26.1742
2019-10-29 13:00:00+00:00,291.0377,5.0731,25.7959
2019-10-29 14:00:00+00:00,196.7922,4.7062,25.6885
2019-10-29 15:00:00+00:00,280.5653,5.1784,25.5219
2019-10-29 16:00:00+00:00,410.6641,5.7809,25.3670
2019-10-29 17:00:00+00:00,270.0712,5.1106,24.8390
2019-10-29 18:00:00+00:00,87.7254,3.6457,24.6500
2019-10-29 19:00:00+00:00,7.0752,2.9716,24.4530
2019-10-29 20:00:00+00:00,6.9688,3.2937,24.2166
2019-10-29 21:00:00+00:00,-5.6227,2.9987,24.4114
2019-10-29 22:00:00+00:00,32.4157,3.4424,24.5225
2019-10-29 23:00:00+00:00,8.0045,3.1811,24.6012
2019-10-30 00:00:00+00:00,219.9901,4.3286,24.7020
2019-10-30 01:00:00+00:00,705.2625,6.3947,24.8028
2019-10-30 02:00:00+00:00,312.4800,5.2478,24.9036
2019-10-30 03:00:00+00:00,431.8525,5.7938,25.0044
2019-10-30 04:00:00+00:00,180.8590,4.4537,25.1052
2019-10-30 05:00:00+00:00,565.5354,6.1117,25.2060
2019-10-30 06:00:00+00:00,559.6045,5.8656,25.3068
2019-10-30 07:00:00+00:00,825.6616,6.6632,25.4076
2019-10-30 08:00:00+00:00,1335.1852,7.9143,25.5084
2019-10-30 09:00:00+00:00,824.8443,6.5753,25.6092
2019-10-30 10:00:00+00:00,304.6984,5.2551,25.7100
2019-10-30 11:00:00+00:00,504.6470,5.9354,25.8108
2019-10-30 12:00:00+00:00,1310.8589,8.1370,25.9116
2019-10-30 13:00:00+00:00,1105.8138,7.4667,26.0125
2019-10-30 14:00:00+00:00,1399.9531,8.0929,26.1133
2019-10-30 15:00:00+00:00,937.2138,7.3299,26.2141
2019-10-30 16:00:00+00:00,641.8113,6.4744,26.3149
2019-10-30 17:00:00+00:00,652.2745,6.6295,26.4157
2019-10-30 18:00:00+00:00,425.0908,5.8895,26.5165
2019-10-30 19:00:00+00:00,324.2237,5.3879,26.6173
2019-10-30 20:00:00+00:00,244.2384,4.9328,26.7181
2019-10-30 21:00:00+00:00,218.4188,4.8240,26.8189
2019-10-30 22:00:00+00:00,436.4506,5.7370,26.9197
2019-10-30 23:00:00+00:00,596.1585,6.3184,27.0205
2019-10-31 00:00:00+00:00,623.5013,6.3387,27.1213
2019-10-31 01:00:00+00:00,394.0759,5.4997,27.2221
2019-10-31 02:00:00+00:00,292.2417,5.0404,27.3230
2019-10-31 03:00:00+00:00,313.9882,5.0757,27.4238
2019-10-31 04:00:00+00:00,797.8427,6.6439,27.5246
2019-10-31 05:00:00+00:00,536.5760,5.9716,27.6254
2019-10-31 06:00:00+00:00,519.4593,5.8930,27.7262
2019-10-31 07:00:00+00:00,584.6250,6.2254,27.8270
2019-10-31 08:00:00+00:00,452.0392,5.7163,27.8704
2019-10-31 09:00:00+00:00,371.7643,5.3906,27.6900
2019-10-31 10:00:00+00:00,570.7264,6.1135,27.6406
2019-10-31 11:00:00+00:00,768.2833,6.8303,27.4350
2019-10-31 12:00:00+00:00,554.6139,6.2785,27.4124
2019-10-31 13:00:00+00:00,714.8789,6.8632,27.4944
2019-10-31 14:00:00+00:00,381.7769,5.6103,26.9824
2019-10-31 15:00:00+00:00,747.5237,6.8408,26.4820
2019-10-31 16:00:00+00:00,335.4245,5.4558,26.0799
2019-10-31 17:00:00+00:00,284.2976,5.1639,25.7126
2019-10-31 18:00:00+00:00,598.3179,6.3675,25.2494
2019-10-31 19:00:00+00:00,359.8055,5.5387,25.1658
2019-10-31 20:00:00+00:00,294.5223,5.2664,24.9019
2019-10-31 21:00:00+00:00,399.2529,5.8582,24.7950
2019-10-31 22:00:00+00:00,340.1241,5.4532,24.4065
2019-10-31 23:00:00+00:00,275.8831,5.1146,24.1076
2019-11-01 00:00:00+00:00,217.1193,4.6913,24.2703
2019-11-01 01:00:00+00:00,443.1842,5.8867,24.2634
2019-11-01 02:00:00+00:00,298.6859,5.0565,24.8480
2019-11-01 03:00:00+00:00,64.5774,3.5143,26.4432
2019-11-01 04:00:00+00:00,35.0974,3.3667,27.8581
2019-11-01 05:00:00+00:00,-5.8438,3.0046,29.4915
2019-11-01 06:00:00+00:00,1.4619,2.8097,29.5617
2019-11-01 07:00:00+00:00,106.2402,3.8428,29.7764
2019-11-01 08:00:00+00:00,229.7881,4.5046,30.3897
2019-11-01 09:00:00+00:00,333.9637,5.0725,30.3831
2019-11-01 10:00:00+00:00,494.3645,5.8736,29.4399
2019-11-01 11:00:00+00:00,249.0794,5.0671,29.2483
2019-11-01 12:00:00+00:00,266.1355,5.1370,28.6383
2019-11-01 13:00:00+00:00,352.8668,5.5426,28.2376
2019-11-01 14:00:00+00:00,389.3463,5.6740,27.6777
2019-11-01 15:00:00+00:00,658.7835,6.4321,27.0023
2019-11-01 16:00:00+00:00,866.9481,7.1191,26.5562
2019-11-01 17:00:00+00:00,635.4581,6.3897,26.0279
2019-11-01 18:00:00+00:00,468.8255,6.0828,25.4531
2019-11-01 19:00:00+00:00,247.9190,5.0029,25.0978
2019-11-01 20:00:00+00:00,398.8775,5.8352,24.6535
2019-11-01 21:00:00+00:00,514.0874,6.0622,24.5197
2019-11-01 22:00:00+00:00,474.3007,5.9557,24.3174
2019-11-01 23:00:00+00:00,284.3232,5.1135,24.0821
2019-11-02 00:00:00+00:00,129.9870,4.2447,24.0433
2019-11-02 01:00:00+00:00,104.8242,4.0273,24.3741
2019-11-02 02:00:00+00:00,-5.2212,2.4761,25.7808
2019-11-02 03:00:00+00:00,-5.1808,2.4441,27.1871
2019-11-02 04:00:00+00:00,-5.3362,2.6561,28.3749
2019-11-02 05:00:00+00:00,-1.5208,3.3011,29.2028
2019-11-02 06:00:00+00:00,34.9297,3.5592,29.8089
2019-11-02 07:00:00+00:00,79.6138,3.6603,30.2499
2019-11-02 08:00:00+00:00,67.1719,3.5998,30.4794
2019-11-02 09:00:00+00:00,49.6432,3.4132,30.6518
2019-11-02 10:00:00+00:00,-4.5491,2.3912,31.5013
2019-11-02 11:00:00+00:00,-1.6698,2.9419,31.2338
2019-11-02 12:00:00+00:00,149.4719,4.1368,29.6543
2019-11-02 13:00:00+00:00,411.0776,5.6181,28.7564
2019-11-02 14:00:00+00:00,646.4908,6.4179,28.0543
2019-11-02 15:00:00+00:00,997.8178,7.2856,27.3433
2019-11-02 16:00:00+00:00,614.4261,6.2660,26.6969
2019-11-02 17:00:00+00:00,492.7152,6.0978,26.2878
2019-11-02 18:00:00+00:00,531.5332,6.3545,26.0619
2019-11-02 19:00:00+00:00,477.2044,6.2029,25.7652
2019-11-02 20:00:00+00:00,338.5965,5.6496,25.7096
2019-11-02 21:00:00+00:00,117.8872,4.2156,25.7194
2019-11-02 22:00:00+00:00,109.9954,4.2633,24.9687
2019-11-02 23:00:00+00:00,140.3776,4.3332,24.6854
2019-11-03 00:00:00+00:00,137.5704,4.3581,24.8036
2019-11-03 01:00:00+00:00,53.5259,3.5182,24.7140
2019-11-03 02:00:00+00:00,-5.5741,2.8777,25.6984
2019-11-03 03:00:00+00:00,18.0287,3.2936,26.8077
2019-11-03 04:00:00+00:00,-3.2014,3.1551,28.0489
2019-11-03 05:00:00+00:00,15.4135,3.2784,28.9327
2019-11-03 06:00:00+00:00,74.0722,3.7871,29.4472
2019-11-03 07:00:00+00:00,178.5536,4.3005,30.0182
2019-11-03 08:00:00+00:00,194.8656,4.2965,30.5293
2019-11-03 09:00:00+00:00,95.0524,3.7400,31.2011
2019-11-03 10:00:00+00:00,61.9693,3.6449,31.0087
2019-11-03 11:00:00+00:00,246.7283,4.9379,30.1348
2019-11-03 12:00:00+00:00,200.4051,4.5778,29.4721
2019-11-03 13:00:00+00:00,275.2119,5.1301,28.8594
2019-11-03 14:00:00+00:00,347.0956,5.6743,28.3394
2019-11-03 15:00:00+00:00,328.4262,5.4065,27.9655
2019-11-03 16:00:00+00:00,510.2015,6.2064,27.6239
2019-11-03 17:00:00+00:00,608.9373,6.4981,27.2717
2019-11-03 18:00:00+00:00,465.6521,6.1454,26.8054
2019-11-03 19:00:00+00:00,393.9337,5.9206,26.6109
2019-11-03 20:00:00+00:00,260.3421,5.1538,26.3869
2019-11-03 21:00:00+00:00,110.0876,4.0016,26.3553
2019-11-03 22:00:00+00:00,-0.6928,2.9917,26.0758
2019-11-03 23:00:00+00:00,-6.6925,1.9810,25.7007
2019-11-04 00:00:00+00:00,-5.0441,2.1078,25.6647
2019-11-04 01:00:00+00:00,-4.7185,1.6832,25.9471
2019-11-04 02:00:00+00:00,-5.1839,1.9080,26.7310
2019-11-04 03:00:00+00:00,-4.7438,1.7785,28.3593
2019-11-04 04:00:00+00:00,-4.8586,2.0044,29.8874
2019-11-04 05:00:00+00:00,-5.3167,2.4270,30.7275
2019-11-04 06:00:00+00:00,-5.4900,2.2733,31.9216
2019-11-04 07:00:00+00:00,-5.8390,2.2863,32.4964
2019-11-04 08:00:00+00:00,-5.6589,2.1533,33.0904
2019-11-04 09:00:00+00:00,-5.0229,2.4719,33.2982
2019-11-04 10:00:00+00:00,-7.6412,2.4249,32.5595
2019-11-04 11:00:00+00:00,-4.8899,1.6765,32.4720
2019-11-04 12:00:00+00:00,-5.0554,2.1153,31.3389
2019-11-04 13:00:00+00:00,59.4133,3.4488,30.3495
2019-11-04 14:00:00+00:00,109.5598,4.2246,29.5770
2019-11-04 15:00:00+00:00,99.9912,4.1389,29.5419
2019-11-04 16:00:00+00:00,101.1176,4.1135,28.8718
2019-11-04 17:00:00+00:00,141.5770,4.4239,28.1540
2019-11-04 18:00:00+00:00,88.1858,4.0462,28.1984
2019-11-04 19:00:00+00:00,41.8110,3.6179,28.0586
2019-11-04 20:00:00+00:00,-1.0026,3.0185,27.8349
2019-11-04 21:00:00+00:00,-5.2595,2.5271,27.4631
2019-11-04 22:00:00+00:00,-5.0826,2.2634,27.1506
2019-11-04 23:00:00+00:00,-4.8340,1.3627,26.8870
2019-11-05 00:00:00+00:00,-4.4255,1.7438,26.4106
2019-11-05 01:00:00+00:00,-4.5905,1.9204,26.3255
2019-11-05 02:00:00+00:00,-4.5159,1.8416,27.0722
2019-11-05 03:00:00+00:00,-5.1095,1.7125,28.5735
2019-11-05 04:00:00+00:00,-4.9520,1.8960,30.1013
2019-11-05 05:00:00+00:00,-5.0716,2.8393,30.5778
2019-11-05 06:00:00+00:00,-3.0924,3.0290,31.4131
2019-11-05 07:00:00+00:00,-7.5403,3.0783,31.6130
2019-11-05 08:00:00+00:00,11.0848,2.9636,32.2875
2019-11-05 09:00:00+00:00,34.3276,3.3788,32.5889
2019-11-05 10:00:00+00:00,14.1899,3.1341,32.4575
2019-11-05 11:00:00+00:00,77.6920,3.6145,31.0779
2019-11-05 12:00:00+00:00,63.9814,3.6259,30.2156
2019-11-05 13:00:00+00:00,78.4105,3.8181,29.9571
2019-11-05 14:00:00+00:00,70.5211,3.6981,29.6995
2019-11-05 15:00:00+00:00,71.1138,3.6924,29.3336
2019-11-05 16:00:00+00:00,128.8757,4.2802,29.0353
2019-11-05 17:00:00+00:00,125.8055,4.2722,28.5813
2019-11-05 18:00:00+00:00,73.2439,3.7603,28.3333
2019-11-05 19:00:00+00:00,28.2022,3.3413,27.9599
2019-11-05 20:00:00+00:00,4.5395,3.1738,27.6849
2019-11-05 21:00:00+00:00,51.4168,3.5086,27.4302
2019-11-05 22:00:00+00:00,-4.5402,2.6823,26.9679
2019-11-05 23:00:00+00:00,-4.8638,1.5985,26.6225
2019-11-06 00:00:00+00:00,-4.7373,1.6846,26.5717
2019-11-06 01:00:00+00:00,-4.4421,1.6550,26.7885
2019-11-06 02:00:00+00:00,-4.5377,1.8822,27.4862
2019-11-06 03:00:00+00:00,-4.8964,1.9764,28.5828
2019-11-06 04:00:00+00:00,-5.0150,2.4973,29.4371
2019-11-06 05:00:00+00:00,-5.1258,2.4069,30.3871
2019-11-06 06:00:00+00:00,-5.0900,2.1260,31.4731
2019-11-06 07:00:00+00:00,-5.1980,2.1543,31.8817
2019-11-06 08:00:00+00:00,-5.5857,2.1942,32.5295
2019-11-06 09:00:00+00:00,-5.7625,2.6196,32.5627
2019-11-06 10:00:00+00:00,-5.7094,2.2792,32.0590
2019-11-06 11:00:00+00:00,6.2597,2.9572,30.8307
2019-11-06 12:00:00+00:00,91.2021,3.8600,29.5401
2019-11-06 13:00:00+00:00,236.0079,4.9383,29.0086
2019-11-06 14:00:00+00:00,165.1098,4.5823,29.1277
2019-11-06 15:00:00+00:00,282.8841,5.2792,28.9098
2019-11-06 16:00:00+00:00,247.2927,5.0014,28.6761
2019-11-06 17:00:00+00:00,187.5349,4.6501,28.6535
2019-11-06 18:00:00+00:00,102.2627,4.0726,28.5558
2019-11-06 19:00:00+00:00,21.2026,3.0673,28.0562
2019-11-06 20:00:00+00:00,164.1767,3.5987,26.5827
2019-11-06 21:00:00+00:00,35.3590,3.3765,25.9772
2019-11-06 22:00:00+00:00,2.6183,3.2206,26.3284
2019-11-06 23:00:00+00:00,-5.3421,1.6140,26.4176
2019-11-07 00:00:00+00:00,-5.7729,2.3469,25.5389
2019-11-07 01:00:00+00:00,-3.5669,2.9765,25.0944
2019-11-07 02:00:00+00:00,-5.0050,2.5376,26.5800
2019-11-07 03:00:00+00:00,-4.8059,2.2222,28.2772
2019-11-07 04:00:00+00:00,-4.8305,2.4072,29.5155
2019-11-07 05:00:00+00:00,-5.0650,2.1074,30.9240
2019-11-07 06:00:00+00:00,-5.4382,2.2145,31.7884
2019-11-07 07:00:00+00:00,-5.9201,2.1836,32.7377
2019-11-07 08:00:00+00:00,-1.5725,2.7459,32.2852
2019-11-07 09:00:00+00:00,-6.5337,2.6699,32.6623
2019-11-07 10:00:00+00:00,-5.5638,2.2456,32.9713
2019-11-07 11:00:00+00:00,-5.3763,2.3620,32.0471
2019-11-07 12:00:00+00:00,-5.2608,2.1937,31.1172
2019-11-07 13:00:00+00:00,69.0692,3.7414,29.7318
2019-11-07 14:00:00+00:00,120.6356,4.1966,29.4135
2019-11-07 15:00:00+00:00,271.5568,5.0804,28.8709
2019-11-07 16:00:00+00:00,255.2858,4.9646,28.0933
2019-11-07 17:00:00+00:00,310.0174,5.3447,27.8203
2019-11-07 18:00:00+00:00,85.7575,3.7178,27.8646
2019-11-07 19:00:00+00:00,-7.4775,2.1174,27.4493
2019-11-07 20:00:00+00:00,-0.0745,2.9850,27.2985
2019-11-07 21:00:00+00:00,28.6341,3.4158,27.5005
2019-11-07 22:00:00+00:00,-5.5472,2.2373,27.3439
2019-11-07 23:00:00+00:00,-5.6723,2.4263,26.8980
2019-11-08 00:00:00+00:00,-5.3522,2.5862,27.1492
2019-11-08 01:00:00+00:00,204.6360,4.7275,25.8855
2019-11-08 02:00:00+00:00,106.9403,3.9731,26.6172
2019-11-08 03:00:00+00:00,196.8262,4.3164,27.1921
2019-11-08 04:00:00+00:00,64.7395,3.6108,28.8207
2019-11-08 05:00:00+00:00,1.2329,3.1660,30.1366
2019-11-08 06:00:00+00:00,-1.2558,2.6599,31.0101
2019-11-08 07:00:00+00:00,-5.3159,2.5202,31.9208
2019-11-08 08:00:00+00:00,-5.8715,2.7330,32.6170
2019-11-08 09:00:00+00:00,11.4342,3.2283,32.4183
2019-11-08 10:00:00+00:00,57.3250,3.3685,31.8083
2019-11-08 11:00:00+00:00,21.4338,2.7198,31.3278
2019-11-08 12:00:00+00:00,-4.3851,2.3766,30.5991
2019-11-08 13:00:00+00:00,53.1496,3.3166,29.9074
2019-11-08 14:00:00+00:00,123.5427,4.1840,29.0954
2019-11-08 15:00:00+00:00,47.7241,3.1512,28.7623
2019-11-08 16:00:00+00:00,-6.4026,2.0750,28.9255
2019-11-08 17:00:00+00:00,-7.0528,2.3069,28.1720
2019-11-08 18:00:00+00:00,-5.0976,1.9752,27.9510
2019-11-08 19:00:00+00:00,-5.0183,1.9390,28.3774
2019-11-08 20:00:00+00:00,-5.1516,1.9515,28.1529
2019-11-08 21:00:00+00:00,-5.1222,1.3203,27.8383
2019-11-08 22:00:00+00:00,-4.5988,1.2538,27.7004
2019-11-08 23:00:00+00:00,-4.6618,1.7103,27.4594
2019-11-09 00:00:00+00:00,-4.7539,1.0804,27.5565
2019-11-09 01:00:00+00:00,-4.5366,1.3823,27.4743
2019-11-09 02:00:00+00:00,-5.4440,3.0435,27.2966
2019-11-09 03:00:00+00:00,-5.4866,3.6952,27.6331
2019-11-09 04:00:00+00:00,-5.4485,3.6353,27.7321
2019-11-09 05:00:00+00:00,-5.4105,3.5755,27.7854
2019-11-09 06:00:00+00:00,-5.3724,3.5156,27.8388
2019-11-09 07:00:00+00:00,-5.3343,3.4558,27.8922
2019-11-09 08:00:00+00:00,-5.2962,3.3959,27.9455
2019-11-09 09:00:00+00:00,-5.2581,3.3361,27.9989
2019-11-09 10:00:00+00:00,-5.2200,3.2762,28.0523
2019-11-09 11:00:00+00:00,-5.1819,3.2164,28.1056
2019-11-09 12:00:00+00:00,-5.1439,3.1565,28.1590
2019-11-09 13:00:00+00:00,-5.1058,3.0967,28.2124
2019-11-09 14:00:00+00:00,-5.0677,3.0369,28.2657
2019-11-09 15:00:00+00:00,-5.0296,2.9770,28.3191
2019-11-09 16:00:00+00:00,-4.9915,2.9172,28.3724
2019-11-09 17:00:00+00:00,-4.9534,2.8573,28.4258
2019-11-09 18:00:00+00:00,-5.2292,2.8548,28.4523
2019-11-09 19:00:00+00:00,4.6899,3.2193,28.0998
2019-11-09 20:00:00+00:00,11.6392,3.4379,27.5473
2019-11-09 21:00:00+00:00,90.8734,3.9206,26.6086
2019-11-09 22:00:00+00:00,304.6990,5.1987,26.3913
2019-11-09 23:00:00+00:00,232.3189,4.9641,25.8355
2019-11-10 00:00:00+00:00,272.7712,5.1275,26.1043
2019-11-10 01:00:00+00:00,125.1112,4.2534,26.1244
2019-11-10 02:00:00+00:00,-4.6067,2.4747,27.0016
2019-11-10 03:00:00+00:00,-5.1015,2.4335,28.5172
2019-11-10 04:00:00+00:00,-5.0869,2.1676,29.6660
2019-11-10 05:00:00+00:00,-5.3505,2.1869,30.8643
2019-11-10 06:00:00+00:00,-5.8117,2.5615,31.9592
2019-11-10 07:00:00+00:00,-5.0433,2.1236,32.6566
2019-11-10 08:00:00+00:00,-5.8469,3.0643,32.6027
2019-11-10 09:00:00+00:00,37.7192,3.4347,32.2959
2019-11-10 10:00:00+00:00,109.7981,3.8646,32.2439
2019-11-10 11:00:00+00:00,271.5809,4.9218,31.4586
2019-11-10 12:00:00+00:00,216.6238,4.6762,30.6728
2019-11-10 13:00:00+00:00,111.2977,3.9219,30.0475
2019-11-10 14:00:00+00:00,255.2268,4.6671,29.1920
2019-11-10 15:00:00+00:00,540.9245,6.0860,28.3900
2019-11-10 16:00:00+00:00,559.4702,6.2543,28.0183
2019-11-10 17:00:00+00:00,330.2138,5.5466,27.3127
2019-11-10 18:00:00+00:00,497.4945,6.0898,26.6558
2019-11-10 19:00:00+00:00,441.2455,5.8603,26.3057
2019-11-10 20:00:00+00:00,299.9356,5.3378,26.0119
2019-11-10 21:00:00+00:00,209.2831,5.0045,25.6052
2019-11-10 22:00:00+00:00,169.7974,4.6967,25.3773
2019-11-10 23:00:00+00:00,51.5916,3.6932,25.0034
2019-11-11 00:00:00+00:00,81.0145,4.0278,24.7448
2019-11-11 01:00:00+00:00,192.1618,4.7005,24.7600
2019-11-11 02:00:00+00:00,54.3594,3.4357,25.3789
2019-11-11 03:00:00+00:00,-2.9160,2.9781,26.8861
2019-11-11 04:00:00+00:00,195.3532,4.3948,27.3826
2019-11-11 05:00:00+00:00,324.0060,5.1196,28.1910
2019-11-11 06:00:00+00:00,189.0556,4.3090,29.2000
2019-11-11 07:00:00+00:00,41.2231,3.5709,30.2315
2019-11-11 08:00:00+00:00,38.8921,3.4869,30.6202
2019-11-11 09:00:00+00:00,23.5834,3.3714,30.9613
2019-11-11 10:00:00+00:00,8.5689,3.1892,31.0860
2019-11-11 11:00:00+00:00,119.3375,3.9671,30.0919
2019-11-11 12:00:00+00:00,165.7194,4.3931,29.2002
2019-11-11 13:00:00+00:00,86.0542,3.9369,28.9917
2019-11-11 14:00:00+00:00,234.9049,4.9994,28.4859
2019-11-11 15:00:00+00:00,314.9750,5.2705,27.9756
2019-11-11 16:00:00+00:00,519.7525,5.9604,26.8263
2019-11-11 17:00:00+00:00,793.6573,6.8487,25.8902
2019-11-11 18:00:00+00:00,807.2434,7.0242,25.4576
2019-11-11 19:00:00+00:00,716.8950,6.7411,25.1587
2019-11-11 20:00:00+00:00,589.0648,6.4464,24.7751
2019-11-11 21:00:00+00:00,454.7477,6.0264,24.3694
2019-11-11 22:00:00+00:00,304.6384,5.3993,24.2264
2019-11-11 23:00:00+00:00,321.7580,5.4614,24.3031
2019-11-12 00:00:00+00:00,300.1654,5.3676,24.2260
2019-11-12 01:00:00+00:00,30.3839,3.3800,24.1420
2019-11-12 02:00:00+00:00,-5.3656,2.9381,25.2011
2019-11-12 03:00:00+00:00,31.0456,3.3844,26.6394
2019-11-12 04:00:00+00:00,175.3043,4.2122,27.2700
2019-11-12 05:00:00+00:00,251.0006,4.4994,28.0524
2019-11-12 06:00:00+00:00,386.6421,5.2447,28.9689
2019-11-12 07:00:00+00:00,360.8038,5.0356,29.5851
2019-11-12 08:00:00+00:00,186.4254,4.3107,30.1142
2019-11-12 09:00:00+00:00,193.4071,4.3899,30.4152
2019-11-12 10:00:00+00:00,171.0265,4.2682,30.3123
2019-11-12 11:00:00+00:00,205.2834,4.3282,29.7793
2019-11-12 12:00:00+00:00,401.0713,5.4004,28.9322
2019-11-12 13:00:00+00:00,527.3329,6.0268,27.8697
2019-11-12 14:00:00+00:00,885.9934,7.1013,27.2209
2019-11-12 15:00:00+00:00,816.1288,6.8982,26.8161
2019-11-12 16:00:00+00:00,818.1629,6.8747,26.2731
2019-11-12 17:00:00+00:00,531.4440,6.2655,25.9772
2019-11-12 18:00:00+00:00,310.0057,5.5489,25.5759
2019-11-12 19:00:00+00:00,238.6624,4.8971,25.1597
2019-11-12 20:00:00+00:00,209.3219,4.7674,24.4938
2019-11-12 21:00:00+00:00,41.9149,3.5108,23.9912
2019-11-12 22:00:00+00:00,23.5316,3.5655,23.7114
2019-11-12 23:00:00+00:00,-3.4236,2.9480,23.7687
2019-11-13 00:00:00+00:00,-5.6813,2.8601,23.7342
2019-11-13 01:00:00+00:00,-5.5135,2.4893,24.1231
2019-11-13 02:00:00+00:00,-4.8488,1.9309,25.2658
2019-11-13 03:00:00+00:00,-5.1146,2.2707,26.7886
2019-11-13 04:00:00+00:00,-5.4045,2.6295,27.4583
2019-11-13 05:00:00+00:00,42.6038,3.6476,28.3286
2019-11-13 06:00:00+00:00,108.0727,3.8527,28.5254
2019-11-13 07:00:00+00:00,107.3970,3.9922,29.2855
2019-11-13 08:00:00+00:00,143.1819,4.0603,28.8862
2019-11-13 09:00:00+00:00,376.7469,5.1347,29.1576
2019-11-13 10:00:00+00:00,474.0341,5.6321,28.8357
2019-11-13 11:00:00+00:00,415.3454,5.3786,28.3592
2019-11-13 12:00:00+00:00,597.0168,6.0858,27.5108
2019-11-13 13:00:00+00:00,771.2679,6.7009,26.9539
2019-11-13 14:00:00+00:00,824.7669,6.7715,26.4106
2019-11-13 15:00:00+00:00,726.0239,6.6361,25.6391
2019-11-13 16:00:00+00:00,571.0240,6.2704,25.1224
2019-11-13 17:00:00+00:00,470.7241,5.9209,24.8701
2019-11-13 18:00:00+00:00,322.8270,5.4450,24.5261
2019-11-13 19:00:00+00:00,214.5038,4.8745,24.2009
2019-11-13 20:00:00+00:00,271.7974,5.2455,24.0657
2019-11-13 21:00:00+00:00,222.8372,4.9681,23.9184
2019-11-13 22:00:00+00:00,59.9613,3.8377,23.6293
2019-11-13 23:00:00+00:00,31.2437,3.4682,23.5014
2019-11-14 00:00:00+00:00,-5.0944,2.1939,23.5138
2019-11-14 01:00:00+00:00,-5.0556,2.4622,23.8179
2019-11-14 02:00:00+00:00,-5.4923,2.6420,24.3420
2019-11-14 03:00:00+00:00,52.5192,3.4408,25.0917
2019-11-14 04:00:00+00:00,350.8075,5.1017,24.9670
2019-11-14 05:00:00+00:00,392.7756,5.3265,25.1554
2019-11-14 06:00:00+00:00,-3.0229,2.9855,25.6662
2019-11-14 07:00:00+00:00,80.0176,3.7689,25.9130
2019-11-14 08:00:00+00:00,26.0816,3.2641,26.4918
2019-11-14 09:00:00+00:00,339.1277,4.8763,26.5182
2019-11-14 10:00:00+00:00,636.8478,6.2075,25.5500
2019-11-14 11:00:00+00:00,620.1490,6.2359,24.2933
2019-11-14 12:00:00+00:00,504.2725,5.9026,24.0343
2019-11-14 13:00:00+00:00,194.9686,4.5371,23.8792
2019-11-14 14:00:00+00:00,187.2598,4.4366,24.0498
2019-11-14 15:00:00+00:00,131.6149,4.1043,24.0268
2019-11-14 16:00:00+00:00,106.0073,4.0984,24.0701
2019-11-14 17:00:00+00:00,62.3922,3.7041,23.2066
2019-11-14 18:00:00+00:00,-0.5582,2.9126,22.7446
2019-11-14 19:00:00+00:00,-7.5454,1.3435,22.5427
2019-11-14 20:00:00+00:00,-5.1708,1.5324,22.1351
2019-11-14 21:00:00+00:00,-5.2171,2.2131,22.5166
2019-11-14 22:00:00+00:00,33.6021,2.8859,22.8743
2019-11-14 23:00:00+00:00,104.6515,3.9226,22.8739
2019-11-15 00:00:00+00:00,-5.4822,2.3555,22.9223
2019-11-15 01:00:00+00:00,-5.4160,3.0328,22.8020
2019-11-15 02:00:00+00:00,-4.4774,2.1434,23.0420
2019-11-15 03:00:00+00:00,-5.3115,2.6528,24.1006
2019-11-15 04:00:00+00:00,12.9285,3.0004,24.6000
2019-11-15 05:00:00+00:00,46.9114,3.5141,24.4179
2019-11-15 06:00:00+00:00,100.5715,3.9281,24.8899
2019-11-15 07:00:00+00:00,154.9636,4.2387,25.4844
2019-11-15 08:00:00+00:00,369.9002,5.3887,25.7460
2019-11-15 09:00:00+00:00,605.9487,6.3868,26.0432
2019-11-15 10:00:00+00:00,783.7882,6.5577,25.6299
2019-11-15 11:00:00+00:00,904.8700,6.9745,24.6381
2019-11-15 12:00:00+00:00,666.8610,6.4344,24.2571
2019-11-15 13:00:00+00:00,826.3003,6.8498,24.1481
2019-11-15 14:00:00+00:00,316.7048,5.2891,24.2230
2019-11-15 15:00:00+00:00,288.2229,5.1143,23.9950
2019-11-15 16:00:00+00:00,361.3698,5.5125,23.7210
2019-11-15 17:00:00+00:00,301.1626,5.1641,23.5161
2019-11-15 18:00:00+00:00,143.3083,4.2528,23.5526
2019-11-15 19:00:00+00:00,-5.7837,2.4309,23.6168
2019-11-15 20:00:00+00:00,-4.8430,1.6355,23.6935
2019-11-15 21:00:00+00:00,-4.9458,2.1519,23.7808
2019-11-15 22:00:00+00:00,-5.4157,2.4927,23.6591
2019-11-15 23:00:00+00:00,60.6724,3.7950,23.4459
2019-11-16 00:00:00+00:00,117.9695,4.2149,23.1852
2019-11-16 01:00:00+00:00,125.1142,4.2605,23.1393
2019-11-16 02:00:00+00:00,101.2980,3.8954,24.0066
2019-11-16 03:00:00+00:00,169.4177,4.2935,25.3684
2019-11-16 04:00:00+00:00,336.6632,5.1507,26.6790
2019-11-16 05:00:00+00:00,370.9810,5.6086,27.5985
2019-11-16 06:00:00+00:00,320.4668,4.9937,28.2236
2019-11-16 07:00:00+00:00,194.5514,4.4180,29.1912
2019-11-16 08:00:00+00:00,20.1696,4.4849,29.6597
2019-11-16 09:00:00+00:00,-3.8835,4.3750,29.8141
2019-11-16 10:00:00+00:00,-5.3218,4.3195,30.0857
2019-11-16 11:00:00+00:00,119.8787,4.9769,29.3360
2019-11-16 12:00:00+00:00,94.1260,4.5727,27.9753
2019-11-16 13:00:00+00:00,311.3599,5.2307,27.5558
2019-11-16 14:00:00+00:00,305.2819,5.1382,27.2584
2019-11-16 15:00:00+00:00,362.3139,5.3806,26.5694
2019-11-16 16:00:00+00:00,556.7733,6.3736,25.8617
2019-11-16 17:00:00+00:00,445.7850,5.9133,25.2039
2019-11-16 18:00:00+00:00,351.7741,5.5653,24.7790
2019-11-16 19:00:00+00:00,317.6061,5.3965,24.4076
2019-11-16 20:00:00+00:00,371.6500,5.5956,24.3443
2019-11-16 21:00:00+00:00,335.6110,5.5217,24.3809
2019-11-16 22:00:00+00:00,170.7983,4.7360,24.6168
2019-11-16 23:00:00+00:00,-0.3413,3.0802,24.4623
2019-11-17 00:00:00+00:00,-5.6116,2.8106,24.6527
2019-11-17 01:00:00+00:00,-5.1855,2.4913,24.9106
2019-11-17 02:00:00+00:00,-5.5350,2.0057,25.7449
2019-11-17 03:00:00+00:00,-5.1456,2.2940,27.0552
2019-11-17 04:00:00+00:00,-3.3008,2.7284,27.9102
2019-11-17 05:00:00+00:00,37.2739,3.5046,28.5577
2019-11-17 06:00:00+00:00,85.9333,3.7607,29.0683
2019-11-17 07:00:00+00:00,38.0437,3.4469,30.0008
2019-11-17 08:00:00+00:00,116.9490,4.0423,30.4566
2019-11-17 09:00:00+00:00,171.6525,4.2157,30.2708
2019-11-17 10:00:00+00:00,75.0196,3.5981,30.3762
2019-11-17 11:00:00+00:00,190.0056,4.4692,29.5204
2019-11-17 12:00:00+00:00,250.5527,4.8343,28.7938
2019-11-17 13:00:00+00:00,278.9614,5.0351,28.4603
2019-11-17 14:00:00+00:00,382.0771,5.5393,27.9898
2019-11-17 15:00:00+00:00,253.7451,4.8796,27.3809
2019-11-17 16:00:00+00:00,269.2619,4.8837,26.5830
2019-11-17 17:00:00+00:00,122.1552,4.0683,26.0063
2019-11-17 18:00:00+00:00,261.5932,5.1591,25.7671
2019-11-17 19:00:00+00:00,301.6735,5.3429,25.4610
2019-11-17 20:00:00+00:00,217.6541,4.8709,25.1447
2019-11-17 21:00:00+00:00,72.3267,3.8163,24.7847
2019-11-17 22:00:00+00:00,-1.8529,2.8256,24.8608
2019-11-17 23:00:00+00:00,-5.8754,2.9011,24.9509
2019-11-18 00:00:00+00:00,61.6506,3.7766,25.0440
2019-11-18 01:00:00+00:00,138.8240,4.2864,24.9212
2019-11-18 02:00:00+00:00,78.8296,3.7413,25.2975
2019-11-18 03:00:00+00:00,7.8096,3.0010,26.9792
2019-11-18 04:00:00+00:00,35.9070,3.4648,27.8423
2019-11-18 05:00:00+00:00,253.7627,4.3583,28.3349
2019-11-18 06:00:00+00:00,522.0026,5.6545,28.5255
2019-11-18 07:00:00+00:00,457.8870,5.5856,28.8178
2019-11-18 08:00:00+00:00,349.2329,5.1789,29.1590
2019-11-18 09:00:00+00:00,348.9307,5.2950,29.6416
2019-11-18 10:00:00+00:00,274.5100,4.9238,29.6303
2019-11-18 11:00:00+00:00,269.5411,4.8095,29.5257
2019-11-18 12:00:00+00:00,979.1227,7.1887,28.1984
2019-11-18 13:00:00+00:00,1082.6560,7.6291,27.3990
2019-11-18 14:00:00+00:00,1060.5928,7.5513,26.8997
2019-11-18 15:00:00+00:00,1107.5152,7.7145,26.4807
2019-11-18 16:00:00+00:00,615.2282,6.2864,25.8273
2019-11-18 17:00:00+00:00,529.5176,6.1269,25.3823
2019-11-18 18:00:00+00:00,503.8709,6.0566,25.2900
2019-11-18 19:00:00+00:00,245.9586,5.0337,24.7789
2019-11-18 20:00:00+00:00,178.3104,4.6997,24.6702
2019-11-18 21:00:00+00:00,33.4892,3.4682,24.7281
2019-11-18 22:00:00+00:00,-4.1444,1.9328,24.5968
2019-11-18 23:00:00+00:00,-5.4895,2.2741,24.6056
2019-11-19 00:00:00+00:00,-0.9483,2.9723,24.7332
2019-11-19 01:00:00+00:00,-5.2255,2.3541,25.1428
2019-11-19 02:00:00+00:00,-5.8077,3.1241,25.4321
2019-11-19 03:00:00+00:00,-5.5149,2.5913,26.5250
2019-11-19 04:00:00+00:00,-4.9667,2.1797,27.2967
2019-11-19 05:00:00+00:00,-5.9282,2.5509,27.1395
2019-11-19 06:00:00+00:00,78.1132,3.1086,28.1611
2019-11-19 07:00:00+00:00,531.2244,5.5297,27.3508
2019-11-19 08:00:00+00:00,468.4827,5.4850,27.3053
2019-11-19 09:00:00+00:00,202.7329,4.4701,26.6155
2019-11-19 10:00:00+00:00,207.7327,4.5448,25.0911
2019-11-19 11:00:00+00:00,197.0502,4.5721,25.0781
2019-11-19 12:00:00+00:00,244.9613,5.0570,24.9583
2019-11-19 13:00:00+00:00,326.2065,5.3356,24.8654
2019-11-19 14:00:00+00:00,190.8395,4.5462,24.8600
2019-11-19 15:00:00+00:00,475.7957,5.9443,24.5516
2019-11-19 16:00:00+00:00,326.1895,5.5360,24.7448
2019-11-19 17:00:00+00:00,216.4764,4.9113,24.8234
2019-11-19 18:00:00+00:00,158.4885,4.5721,24.4243
2019-11-19 19:00:00+00:00,71.2861,3.7409,24.1787
2019-11-19 20:00:00+00:00,107.3296,4.0753,23.8486
2019-11-19 21:00:00+00:00,111.5011,4.1880,23.5490
2019-11-19 22:00:00+00:00,16.9813,3.2855,23.4037
2019-11-19 23:00:00+00:00,-6.2401,2.8007,23.5075
2019-11-20 00:00:00+00:00,-5.9543,2.9545,23.5005
2019-11-20 01:00:00+00:00,10.4340,3.2891,23.5940
2019-11-20 02:00:00+00:00,13.3674,3.2846,23.9140
2019-11-20 03:00:00+00:00,51.7664,3.4777,25.2002
2019-11-20 04:00:00+00:00,261.8796,4.8584,26.3499
2019-11-20 05:00:00+00:00,300.5406,5.0590,26.5303
2019-11-20 06:00:00+00:00,348.2457,5.1496,27.5202
2019-11-20 07:00:00+00:00,414.6861,5.3342,28.1500
2019-11-20 08:00:00+00:00,489.8283,5.6436,28.6127
2019-11-20 09:00:00+00:00,418.4510,5.3052,28.9195
2019-11-20 10:00:00+00:00,602.9222,6.1885,28.7616
2019-11-20 11:00:00+00:00,526.3797,5.8809,28.1261
2019-11-20 12:00:00+00:00,384.9356,5.5559,27.3864
2019-11-20 13:00:00+00:00,380.3438,5.4365,26.8971
2019-11-20 14:00:00+00:00,295.1433,5.1823,26.3186
2019-11-20 15:00:00+00:00,443.7570,5.8386,25.7265
2019-11-20 16:00:00+00:00,515.3980,6.0008,25.2384
2019-11-20 17:00:00+00:00,631.5738,6.4847,25.0948
2019-11-20 18:00:00+00:00,798.5369,7.0153,24.7257
2019-11-20 19:00:00+00:00,484.7401,5.9821,24.3239
2019-11-20 20:00:00+00:00,319.1234,5.2833,23.8631
2019-11-20 21:00:00+00:00,290.3378,5.3239,23.5622
2019-11-20 22:00:00+00:00,317.1826,5.4566,23.4989
2019-11-20 23:00:00+00:00,180.8077,4.7213,23.3432
2019-11-21 00:00:00+00:00,47.6034,3.6116,23.1307
2019-11-21 01:00:00+00:00,131.4170,4.2078,23.4037
2019-11-21 02:00:00+00:00,43.4922,3.4341,24.1974
2019-11-21 03:00:00+00:00,184.8213,4.1544,25.1884
2019-11-21 04:00:00+00:00,403.8863,5.2529,26.0143
2019-11-21 05:00:00+00:00,425.7233,5.5085,26.9787
2019-11-21 06:00:00+00:00,629.3489,6.0581,27.7966
2019-11-21 07:00:00+00:00,737.5246,6.3976,28.5538
2019-11-21 08:00:00+00:00,448.2470,5.5365,28.9645
2019-11-21 09:00:00+00:00,454.7716,5.5160,29.1933
2019-11-21 10:00:00+00:00,298.3632,4.8488,29.0411
2019-11-21 11:00:00+00:00,293.0660,4.9411,28.4808
2019-11-21 12:00:00+00:00,409.5964,5.5060,27.5859
2019-11-21 13:00:00+00:00,764.9979,6.6644,26.4780
2019-11-21 14:00:00+00:00,1004.0710,7.1111,25.8726
2019-11-21 15:00:00+00:00,1003.4280,7.2548,25.2709
2019-11-21 16:00:00+00:00,471.7092,5.8836,24.7584
2019-11-21 17:00:00+00:00,392.4219,5.5675,24.5233
2019-11-21 18:00:00+00:00,549.6853,6.0435,23.9950
2019-11-21 19:00:00+00:00,325.5213,5.4407,23.5591
2019-11-21 20:00:00+00:00,302.7143,5.3433,23.3091
2019-11-21 21:00:00+00:00,82.6531,3.8018,22.8551
2019-11-21 22:00:00+00:00,229.3017,4.9063,22.6709
2019-11-21 23:00:00+00:00,270.6607,5.1616,22.6279
2019-11-22 00:00:00+00:00,426.1622,5.7884,22.7641
2019-11-22 01:00:00+00:00,529.0654,6.1028,22.8093
2019-11-22 02:00:00+00:00,323.7061,5.1569,23.4425
2019-11-22 03:00:00+00:00,536.9852,5.8700,24.2607
2019-11-22 04:00:00+00:00,595.5621,5.9966,25.1383
2019-11-22 05:00:00+00:00,723.7739,6.4075,26.1866
2019-11-22 06:00:00+00:00,405.9407,5.3834,27.5042
2019-11-22 07:00:00+00:00,223.8208,4.4936,28.4052
2019-11-22 08:00:00+00:00,279.5215,4.6821,28.7212
2019-11-22 09:00:00+00:00,271.3911,4.7805,28.9124
2019-11-22 10:00:00+00:00,268.8259,4.7040,28.7590
2019-11-22 11:00:00+00:00,246.6233,4.8703,28.1735
2019-11-22 12:00:00+00:00,294.1919,5.0006,27.3920
2019-11-22 13:00:00+00:00,337.8182,5.2844,26.8819
2019-11-22 14:00:00+00:00,567.8553,6.2594,26.2061
2019-11-22 15:00:00+00:00,1068.5820,7.4354,25.1454
2019-11-22 16:00:00+00:00,979.7479,7.4969,24.4664
2019-11-22 17:00:00+00:00,998.4680,7.5879,23.5854
2019-11-22 18:00:00+00:00,994.4458,7.5304,23.1206
2019-11-22 19:00:00+00:00,624.4093,6.4332,22.8828
2019-11-22 20:00:00+00:00,448.1986,5.7794,22.5679
2019-11-22 21:00:00+00:00,314.1830,5.4539,22.2686
2019-11-22 22:00:00+00:00,403.1417,5.9053,22.0577
2019-11-22 23:00:00+00:00,248.5460,5.2257,21.8292
2019-11-23 00:00:00+00:00,155.7257,4.6889,21.5815
2019-11-23 01:00:00+00:00,109.5715,4.3147,21.8305
2019-11-23 02:00:00+00:00,94.0662,4.0574,22.4783
2019-11-23 03:00:00+00:00,161.3675,4.2745,23.5795
2019-11-23 04:00:00+00:00,325.6881,4.9432,24.6613
2019-11-23 05:00:00+00:00,474.2596,5.6604,25.6449
2019-11-23 06:00:00+00:00,267.7997,4.7488,26.7441
2019-11-23 07:00:00+00:00,238.1160,4.5453,27.7182
2019-11-23 08:00:00+00:00,208.3038,4.3980,28.3485
2019-11-23 09:00:00+00:00,212.0942,4.6055,28.6841
2019-11-23 10:00:00+00:00,307.1622,4.9658,28.4034
2019-11-23 11:00:00+00:00,305.6042,5.0106,27.8446
2019-11-23 12:00:00+00:00,346.8362,5.2562,27.0315
2019-11-23 13:00:00+00:00,413.5007,5.5926,26.6288
2019-11-23 14:00:00+00:00,512.8327,5.9904,26.0783
2019-11-23 15:00:00+00:00,969.5940,7.5408,25.2627
2019-11-23 16:00:00+00:00,945.2718,7.1782,24.5660
2019-11-23 17:00:00+00:00,653.2849,6.5497,24.0492
2019-11-23 18:00:00+00:00,574.4137,6.3562,23.5602
2019-11-23 19:00:00+00:00,642.8741,6.4535,23.1931
2019-11-23 20:00:00+00:00,470.9258,6.0960,22.7817
2019-11-23 21:00:00+00:00,379.1619,5.6978,22.4836
2019-11-23 22:00:00+00:00,275.7645,5.3341,22.3767
2019-11-23 23:00:00+00:00,226.1866,4.9927,22.2084
2019-11-24 00:00:00+00:00,86.3405,3.7841,21.5438
2019-11-24 01:00:00+00:00,16.0167,3.2300,21.5838
2019-11-24 02:00:00+00:00,0.3420,2.9504,22.6380
2019-11-24 03:00:00+00:00,7.8364,3.0697,24.2691
2019-11-24 04:00:00+00:00,259.4972,4.6868,25.2303
2019-11-24 05:00:00+00:00,341.3894,5.2061,25.8842
2019-11-24 06:00:00+00:00,235.7553,4.6060,27.0140
2019-11-24 07:00:00+00:00,147.5521,3.9395,28.0248
2019-11-24 08:00:00+00:00,140.2156,4.3071,28.2287
2019-11-24 09:00:00+00:00,254.7205,4.8234,28.1435
2019-11-24 10:00:00+00:00,278.9451,4.9180,28.0713
2019-11-24 11:00:00+00:00,428.8080,5.5256,27.5815
2019-11-24 12:00:00+00:00,490.7543,5.8269,26.9386
2019-11-24 13:00:00+00:00,718.0811,6.6037,26.4718
2019-11-24 14:00:00+00:00,467.6321,5.9120,25.9525
2019-11-24 15:00:00+00:00,810.8991,6.9202,25.0724
2019-11-24 16:00:00+00:00,653.2247,6.6451,24.3788
2019-11-24 17:00:00+00:00,705.8329,6.8246,23.7481
2019-11-24 18:00:00+00:00,338.8050,5.4578,23.4000
2019-11-24 19:00:00+00:00,366.1209,5.7144,23.4010
2019-11-24 20:00:00+00:00,412.4469,5.8909,22.9204
2019-11-24 21:00:00+00:00,530.3516,6.2834,22.7146
2019-11-24 22:00:00+00:00,286.6812,5.0918,22.4115
2019-11-24 23:00:00+00:00,139.4632,4.3637,22.1880
2019-11-25 00:00:00+00:00,202.9900,4.8122,21.9504
2019-11-25 01:00:00+00:00,77.7978,3.9070,22.0402
2019-11-25 02:00:00+00:00,69.7256,3.6296,22.6281
2019-11-25 03:00:00+00:00,242.1054,4.8213,23.5321
2019-11-25 04:00:00+00:00,467.4945,5.6585,24.4837
2019-11-25 05:00:00+00:00,635.7402,6.1926,25.2502
2019-11-25 06:00:00+00:00,472.8981,5.7168,26.3368
2019-11-25 07:00:00+00:00,382.9644,5.1717,27.2879
2019-11-25 08:00:00+00:00,527.8710,5.8474,27.7736
2019-11-25 09:00:00+00:00,643.9797,6.2541,27.8549
2019-11-25 10:00:00+00:00,702.3692,6.4968,27.7294
2019-11-25 11:00:00+00:00,602.5407,6.1166,27.2894
2019-11-25 12:00:00+00:00,482.7085,5.7173,26.5294
2019-11-25 13:00:00+00:00,455.7081,5.7771,25.8901
2019-11-25 14:00:00+00:00,650.4202,6.4430,25.3519
2019-11-25 15:00:00+00:00,748.7714,6.8604,24.7273
2019-11-25 16:00:00+00:00,980.8273,7.3919,24.1949
2019-11-25 17:00:00+00:00,895.8392,7.1252,23.5915
2019-11-25 18:00:00+00:00,526.3560,6.0628,23.1004
2019-11-25 19:00:00+00:00,323.1713,5.4523,22.6463
2019-11-25 20:00:00+00:00,130.7151,4.3198,22.3075
2019-11-25 21:00:00+00:00,86.7832,4.0183,22.2460
2019-11-25 22:00:00+00:00,48.3724,3.3968,22.3324
2019-11-25 23:00:00+00:00,-5.5980,2.1761,22.0310
2019-11-26 00:00:00+00:00,-5.6969,2.4335,22.4002
2019-11-26 01:00:00+00:00,-5.0176,1.9096,22.6563
2019-11-26 02:00:00+00:00,-5.0119,2.2253,23.2690
2019-11-26 03:00:00+00:00,-5.3921,2.7171,24.4414
2019-11-26 04:00:00+00:00,94.0817,3.7521,25.0563
2019-11-26 05:00:00+00:00,313.8703,4.9120,25.4502
2019-11-26 06:00:00+00:00,369.1530,5.2388,26.6674
2019-11-26 07:00:00+00:00,445.0546,5.5721,27.6435
2019-11-26 08:00:00+00:00,644.5851,6.2491,28.1188
2019-11-26 09:00:00+00:00,610.9764,6.1398,27.8080
2019-11-26 10:00:00+00:00,756.9050,6.6031,27.6186
2019-11-26 11:00:00+00:00,761.8165,6.7319,27.2768
2019-11-26 12:00:00+00:00,876.3881,7.2120,26.3653
2019-11-26 13:00:00+00:00,1043.6666,7.2450,26.0203
2019-11-26 14:00:00+00:00,747.6188,6.6195,25.6529
2019-11-26 15:00:00+00:00,683.0170,6.2876,25.0528
2019-11-26 16:00:00+00:00,746.7697,6.5960,24.6468
2019-11-26 17:00:00+00:00,878.0920,6.8787,24.1982
2019-11-26 18:00:00+00:00,598.0794,6.1858,23.9756
2019-11-26 19:00:00+00:00,638.2429,6.2972,23.8184
2019-11-26 20:00:00+00:00,846.0550,6.8610,23.3619
2019-11-26 21:00:00+00:00,540.8412,6.0169,23.3260
2019-11-26 22:00:00+00:00,690.0423,6.3516,22.9837
2019-11-26 23:00:00+00:00,914.9032,7.1852,22.6802
2019-11-27 00:00:00+00:00,637.5530,6.4035,22.5557
2019-11-27 01:00:00+00:00,347.7489,5.2276,22.3102
2019-11-27 02:00:00+00:00,251.7100,4.7513,22.8947
2019-11-27 03:00:00+00:00,423.8226,5.4957,24.0291
2019-11-27 04:00:00+00:00,455.3378,5.6656,25.0730
2019-11-27 05:00:00+00:00,364.4879,5.2325,26.2281
2019-11-27 06:00:00+00:00,111.9800,3.8267,27.4697
2019-11-27 07:00:00+00:00,216.6657,4.4891,28.2920
2019-11-27 08:00:00+00:00,211.6418,4.4042,28.2555
2019-11-27 09:00:00+00:00,227.4470,4.5182,28.5719
2019-11-27 10:00:00+00:00,496.4920,5.7298,28.2787
2019-11-27 11:00:00+00:00,690.3022,6.4346,27.5080
2019-11-27 12:00:00+00:00,510.8957,5.8904,27.0389
2019-11-27 13:00:00+00:00,462.3234,5.5747,26.7392
2019-11-27 14:00:00+00:00,820.6357,6.8922,25.5541
2019-11-27 15:00:00+00:00,817.0902,6.5809,22.8873
2019-11-27 16:00:00+00:00,503.4098,5.9718,22.9095
2019-11-27 17:00:00+00:00,107.3895,3.8746,23.5946
2019-11-27 18:00:00+00:00,50.1060,3.5772,23.2904
2019-11-27 19:00:00+00:00,-3.2414,3.1093,23.1995
2019-11-27 20:00:00+00:00,-6.0528,2.9476,23.4498
2019-11-27 21:00:00+00:00,29.0063,3.1908,23.6650
2019-11-27 22:00:00+00:00,84.7411,3.8401,23.5243
2019-11-27 23:00:00+00:00,79.4373,3.7567,23.4102
2019-11-28 00:00:00+00:00,74.2600,3.7034,23.2213
2019-11-28 01:00:00+00:00,128.0543,4.1626,23.4824
2019-11-28 02:00:00+00:00,282.4621,4.9620,23.8719
2019-11-28 03:00:00+00:00,218.9672,4.5275,25.0229
2019-11-28 04:00:00+00:00,394.7186,5.2112,25.6877
2019-11-28 05:00:00+00:00,433.2918,5.4584,26.7059
2019-11-28 06:00:00+00:00,352.3591,5.3464,26.4981
2019-11-28 07:00:00+00:00,173.9735,4.3052,27.3510
2019-11-28 08:00:00+00:00,239.0466,4.6393,28.0237
2019-11-28 09:00:00+00:00,408.7121,5.4692,26.7316
2019-11-28 10:00:00+00:00,745.9924,6.6496,25.3909
2019-11-28 11:00:00+00:00,515.3703,5.9599,24.7640
2019-11-28 12:00:00+00:00,461.0964,5.7568,24.7778
2019-11-28 13:00:00+00:00,414.6318,5.6511,25.1648
2019-11-28 14:00:00+00:00,422.3488,5.5707,24.9626
2019-11-28 15:00:00+00:00,803.3766,7.0242,24.7128
2019-11-28 16:00:00+00:00,710.9333,6.6004,24.4073
2019-11-28 17:00:00+00:00,548.0368,6.2077,24.0650
2019-11-28 18:00:00+00:00,259.2928,5.1638,23.7468
2019-11-28 19:00:00+00:00,58.3323,3.7664,23.6237
2019-11-28 20:00:00+00:00,32.0323,3.3847,23.3180
2019-11-28 21:00:00+00:00,198.4701,4.7124,23.0704
2019-11-28 22:00:00+00:00,238.4125,4.9132,22.9135
2019-11-28 23:00:00+00:00,235.3164,5.1705,22.7941
2019-11-29 00:00:00+00:00,111.9290,4.1743,22.7957
2019-11-29 01:00:00+00:00,213.7419,4.6281,22.8108
2019-11-29 02:00:00+00:00,210.1334,4.5285,23.4739
2019-11-29 03:00:00+00:00,344.3418,5.2244,24.1664
2019-11-29 04:00:00+00:00,531.7390,5.9894,25.3128
2019-11-29 05:00:00+00:00,524.6117,5.9154,26.4619
2019-11-29 06:00:00+00:00,502.9915,5.6896,27.5448
2019-11-29 07:00:00+00:00,263.0224,4.6897,27.9990
2019-11-29 08:00:00+00:00,311.9316,4.9885,28.7930
2019-11-29 09:00:00+00:00,247.0644,4.6851,28.7809
2019-11-29 10:00:00+00:00,392.7682,5.2208,28.8884
2019-11-29 11:00:00+00:00,334.3772,5.2189,28.3040
2019-11-29 12:00:00+00:00,428.4444,5.4876,27.8489
2019-11-29 13:00:00+00:00,999.0214,7.2299,27.4916
2019-11-29 14:00:00+00:00,680.5774,6.5841,26.5421
2019-11-29 15:00:00+00:00,693.7031,6.5794,25.9521
2019-11-29 16:00:00+00:00,844.4225,7.0017,24.8743
2019-11-29 17:00:00+00:00,568.8626,6.2028,24.2156
2019-11-29 18:00:00+00:00,709.5043,6.7436,23.9788
2019-11-29 19:00:00+00:00,874.1786,7.3586,23.8634
2019-11-29 20:00:00+00:00,545.1940,6.4320,23.7160
2019-11-29 21:00:00+00:00,346.0980,5.5915,23.4193
2019-11-29 22:00:00+00:00,259.6870,5.1950,23.1322
2019-11-29 23:00:00+00:00,244.4577,5.1140,22.7046
2019-11-30 00:00:00+00:00,66.2034,4.1722,22.4507
2019-11-30 01:00:00+00:00,190.4824,4.7316,22.5053
2019-11-30 02:00:00+00:00,112.7619,3.9071,23.1377
2019-11-30 03:00:00+00:00,92.5568,3.7642,23.8411
2019-11-30 04:00:00+00:00,28.1848,3.3982,24.9341
2019-11-30 05:00:00+00:00,103.7136,4.0110,26.5249
2019-11-30 06:00:00+00:00,-3.8970,4.6230,27.9089
2019-11-30 07:00:00+00:00,-5.3395,4.4324,27.7065
2019-11-30 08:00:00+00:00,-4.0736,4.0539,27.6946
2019-11-30 09:00:00+00:00,-2.1186,3.4731,27.7728
2019-11-30 10:00:00+00:00,61.3516,3.8669,27.5857
2019-11-30 11:00:00+00:00,267.4136,4.6610,27.2283
2019-11-30 12:00:00+00:00,413.1813,5.6455,26.4483
2019-11-30 13:00:00+00:00,469.2096,5.9773,25.9476
2019-11-30 14:00:00+00:00,428.5615,5.6463,25.6854
2019-11-30 15:00:00+00:00,339.1556,5.3542,25.3295
2019-11-30 16:00:00+00:00,205.7977,4.6250,24.7762
2019-11-30 17:00:00+00:00,581.2534,6.1203,23.0855
2019-11-30 18:00:00+00:00,704.7310,6.5754,22.3800
2019-11-30 19:00:00+00:00,237.8213,4.6528,22.5540
2019-11-30 20:00:00+00:00,278.0096,5.0842,22.8891
2019-11-30 21:00:00+00:00,269.4267,5.0622,22.6398
2019-11-30 22:00:00+00:00,208.4583,4.8325,22.5579
2019-11-30 23:00:00+00:00,349.6582,5.4851,22.9084
2019-12-01 00:00:00+00:00,445.4021,5.7836,22.8676
2019-12-01 01:00:00+00:00,268.9515,4.9452,22.8913
2019-12-01 02:00:00+00:00,243.9110,4.9177,22.9793
2019-12-01 03:00:00+00:00,303.0327,5.0181,23.3371
2019-12-01 04:00:00+00:00,185.8958,4.4630,23.7634
2019-12-01 05:00:00+00:00,161.6475,4.2499,24.2809
2019-12-01 06:00:00+00:00,664.6246,6.0177,23.7797
2019-12-01 07:00:00+00:00,585.3433,6.1290,23.4323
2019-12-01 08:00:00+00:00,548.1765,5.8687,24.1352
2019-12-01 09:00:00+00:00,897.2844,7.0115,24.1323
2019-12-01 10:00:00+00:00,921.7759,6.8958,23.9419
2019-12-01 11:00:00+00:00,1211.1042,7.7338,23.3193
2019-12-01 12:00:00+00:00,1504.3959,8.4401,22.4798
2019-12-01 13:00:00+00:00,1340.5339,7.7329,22.4707
2019-12-01 14:00:00+00:00,1474.7376,8.1814,22.3046
2019-12-01 15:00:00+00:00,1199.5030,7.8276,21.7401
2019-12-01 16:00:00+00:00,761.8711,6.6923,21.6257
2019-12-01 17:00:00+00:00,436.5873,5.6658,21.8648
2019-12-01 18:00:00+00:00,180.3628,4.6114,22.1199
2019-12-01 19:00:00+00:00,147.4675,4.4984,22.2080
2019-12-01 20:00:00+00:00,501.5059,5.8638,22.4625
2019-12-01 21:00:00+00:00,767.9064,6.8100,22.6036
2019-12-01 22:00:00+00:00,404.8889,5.5870,22.6187
2019-12-01 23:00:00+00:00,253.8427,4.9874,22.6937
2019-12-02 00:00:00+00:00,473.4601,5.9791,22.7495
2019-12-02 01:00:00+00:00,229.3956,4.7081,22.4685
2019-12-02 02:00:00+00:00,230.9700,4.9222,22.8139
2019-12-02 03:00:00+00:00,269.8963,4.9877,23.3038
2019-12-02 04:00:00+00:00,237.0677,4.8433,23.6329
2019-12-02 05:00:00+00:00,218.1311,4.6292,24.2341
2019-12-02 06:00:00+00:00,275.9913,4.9191,24.8318
2019-12-02 07:00:00+00:00,233.5939,4.6785,25.0201
2019-12-02 08:00:00+00:00,302.2627,4.8960,25.5070
2019-12-02 09:00:00+00:00,522.5447,5.8686,25.5625
2019-12-02 10:00:00+00:00,497.3010,5.5896,25.7179
2019-12-02 11:00:00+00:00,512.4252,5.6312,25.5935
2019-12-02 12:00:00+00:00,513.5024,5.6729,25.4583
2019-12-02 13:00:00+00:00,514.5796,5.7146,25.3231
2019-12-02 14:00:00+00:00,515.6568,5.7563,25.1879
2019-12-02 15:00:00+00:00,516.7340,5.7980,25.0527
2019-12-02 16:00:00+00:00,517.8112,5.8397,24.9175
2019-12-02 17:00:00+00:00,518.8884,5.8814,24.7823
2019-12-02 18:00:00+00:00,519.9656,5.9231,24.6471
2019-12-02 19:00:00+00:00,521.0428,5.9648,24.5119
2019-12-02 20:00:00+00:00,522.1200,6.0065,24.3767
2019-12-02 21:00:00+00:00,523.1972,6.0482,24.2415
2019-12-02 22:00:00+00:00,524.2744,6.0899,24.1063
2019-12-02 23:00:00+00:00,525.3516,6.1316,23.9711
2019-12-03 00:00:00+00:00,526.4288,6.1733,23.8359
2019-12-03 01:00:00+00:00,527.5060,6.2150,23.7007
2019-12-03 02:00:00+00:00,528.5832,6.2567,23.5655
2019-12-03 03:00:00+00:00,529.6604,6.2984,23.4303
2019-12-03 04:00:00+00:00,530.7376,6.3401,23.5246
2019-12-03 05:00:00+00:00,498.8469,5.8920,24.1559
2019-12-03 06:00:00+00:00,571.8978,5.9251,25.1729
2019-12-03 07:00:00+00:00,462.4677,5.5709,25.8544
2019-12-03 08:00:00+00:00,598.4442,6.1732,26.1499
2019-12-03 09:00:00+00:00,621.7305,6.2167,26.4399
2019-12-03 10:00:00+00:00,509.4180,5.9141,26.2593
2019-12-03 11:00:00+00:00,516.7644,5.9906,25.7218
2019-12-03 12:00:00+00:00,529.2629,5.8975,24.1745
2019-12-03 13:00:00+00:00,895.2558,7.0558,24.0925
2019-12-03 14:00:00+00:00,845.6930,7.0659,24.1296
2019-12-03 15:00:00+00:00,566.1935,6.1545,23.8826
2019-12-03 16:00:00+00:00,447.8986,5.7924,23.7781
2019-12-03 17:00:00+00:00,335.0490,5.3352,23.6825
2019-12-03 18:00:00+00:00,339.5620,5.4148,23.5142
2019-12-03 19:00:00+00:00,228.7410,4.9585,23.3332
2019-12-03 20:00:00+00:00,168.5059,4.5942,23.0649
2019-12-03 21:00:00+00:00,111.2303,4.0750,22.9757
2019-12-03 22:00:00+00:00,187.8369,4.5376,22.9092
2019-12-03 23:00:00+00:00,267.2226,5.1312,22.7279
2019-12-04 00:00:00+00:00,305.7032,5.3525,22.6579
2019-12-04 01:00:00+00:00,287.7736,5.2123,22.8514
2019-12-04 02:00:00+00:00,193.0145,4.6830,23.4132
2019-12-04 03:00:00+00:00,447.6878,5.4175,24.3251
2019-12-04 04:00:00+00:00,667.2447,6.2175,25.0979
2019-12-04 05:00:00+00:00,945.5613,6.9597,25.7744
2019-12-04 06:00:00+00:00,1548.6734,8.4311,26.5126
2019-12-04 07:00:00+00:00,1351.1663,8.2032,27.0609
2019-12-04 08:00:00+00:00,847.7372,6.8112,27.0334
2019-12-04 09:00:00+00:00,1373.5998,8.1676,27.5269
2019-12-04 10:00:00+00:00,1099.4945,7.5295,27.1890
2019-12-04 11:00:00+00:00,816.8142,6.8265,26.5945
2019-12-04 12:00:00+00:00,1161.9409,7.8332,25.6443
2019-12-04 13:00:00+00:00,1390.8287,8.1238,25.1558
2019-12-04 14:00:00+00:00,1423.1609,8.2351,24.6276
2019-12-04 15:00:00+00:00,672.9217,6.4391,24.1397
2019-12-04 16:00:00+00:00,469.5987,6.0694,23.7649
2019-12-04 17:00:00+00:00,438.3368,6.0478,23.6134
2019-12-04 18:00:00+00:00,331.2555,5.5885,23.4348
2019-12-04 19:00:00+00:00,161.0249,4.6835,23.0258
2019-12-04 20:00:00+00:00,182.9635,4.9277,22.9794
2019-12-04 21:00:00+00:00,188.8158,4.9555,22.7086
2019-12-04 22:00:00+00:00,238.7623,5.0857,22.4724
2019-12-04 23:00:00+00:00,143.1645,4.3650,22.4455
2019-12-05 00:00:00+00:00,125.9819,4.4290,22.6188
2019-12-05 01:00:00+00:00,149.5967,4.5673,22.3393
2019-12-05 02:00:00+00:00,36.7158,3.4344,22.7033
2019-12-05 03:00:00+00:00,54.4335,3.6500,23.6825
2019-12-05 04:00:00+00:00,73.4018,3.7960,24.6488
2019-12-05 05:00:00+00:00,295.5732,4.8312,25.4334
2019-12-05 06:00:00+00:00,266.2616,4.9205,25.6603
2019-12-05 07:00:00+00:00,391.6807,5.2995,26.2966
2019-12-05 08:00:00+00:00,277.5087,4.8532,26.4766
2019-12-05 09:00:00+00:00,511.9439,5.7738,26.4314
2019-12-05 10:00:00+00:00,280.7213,4.9551,26.2871
2019-12-05 11:00:00+00:00,259.4397,4.9845,25.8514
2019-12-05 12:00:00+00:00,323.3315,5.3811,25.3696
2019-12-05 13:00:00+00:00,265.6696,5.1331,24.8657
2019-12-05 14:00:00+00:00,425.7190,5.7155,24.6626
2019-12-05 15:00:00+00:00,326.1699,5.4103,24.1993
2019-12-05 16:00:00+00:00,348.2318,5.5284,23.6703
2019-12-05 17:00:00+00:00,357.6639,5.4679,23.1770
2019-12-05 18:00:00+00:00,237.4895,5.0279,23.2016
2019-12-05 19:00:00+00:00,143.7587,4.4204,22.7040
2019-12-05 20:00:00+00:00,228.1947,4.9199,22.4815
2019-12-05 21:00:00+00:00,140.5581,4.3379,22.0378
2019-12-05 22:00:00+00:00,91.9140,4.0725,21.8900
2019-12-05 23:00:00+00:00,26.2949,3.6346,21.7991
2019-12-06 00:00:00+00:00,54.7825,4.0319,21.7895
2019-12-06 01:00:00+00:00,56.8774,3.8966,21.7007
2019-12-06 02:00:00+00:00,39.4402,3.3776,22.1127
2019-12-06 03:00:00+00:00,0.0000,3.1344,23.4541
2019-12-06 04:00:00+00:00,-1.2849,3.6216,23.7289
2019-12-06 05:00:00+00:00,-4.3686,4.2388,21.4228
2019-12-06 06:00:00+00:00,-3.0113,4.6964,23.7807
2019-12-06 07:00:00+00:00,-0.0003,4.8123,25.9286
2019-12-06 08:00:00+00:00,-2.6970,4.6567,26.1384
2019-12-06 09:00:00+00:00,-5.0521,4.3746,26.5757
2019-12-06 10:00:00+00:00,-5.1838,4.8431,26.5696
2019-12-06 11:00:00+00:00,-5.1398,4.2526,25.8089
2019-12-06 12:00:00+00:00,-5.1763,5.2566,24.6877
2019-12-06 13:00:00+00:00,-5.2404,5.3117,24.0716
2019-12-06 14:00:00+00:00,-5.2444,5.6312,23.5100
2019-12-06 15:00:00+00:00,-5.0735,4.8430,23.0277
2019-12-06 16:00:00+00:00,-5.0407,4.4477,22.6292
2019-12-06 17:00:00+00:00,-4.9951,4.4510,22.4087
2019-12-06 18:00:00+00:00,-5.0026,4.5645,21.9871
2019-12-06 19:00:00+00:00,-5.1199,4.7586,21.6518
2019-12-06 20:00:00+00:00,-5.3189,3.9447,21.7267
2019-12-06 21:00:00+00:00,-4.9328,2.9725,21.6307
2019-12-06 22:00:00+00:00,-4.9167,2.1935,21.1308
2019-12-06 23:00:00+00:00,-5.0961,1.9085,20.9341
2019-12-07 00:00:00+00:00,-5.7094,1.6203,21.0007
2019-12-07 01:00:00+00:00,-5.0380,2.1139,21.0918
2019-12-07 02:00:00+00:00,-5.5268,2.3994,21.7772
2019-12-07 03:00:00+00:00,-4.2813,2.1799,22.6051
2019-12-07 04:00:00+00:00,-5.5907,3.0784,22.9253
2019-12-07 05:00:00+00:00,-5.9377,4.2153,23.9423
2019-12-07 06:00:00+00:00,-6.1484,3.9845,24.2119
2019-12-07 07:00:00+00:00,-6.0624,4.0117,24.4773
2019-12-07 08:00:00+00:00,-5.2654,4.0368,23.9867
2019-12-07 09:00:00+00:00,-5.4613,3.5150,22.9930
2019-12-07 10:00:00+00:00,-5.3690,2.8477,22.5130
2019-12-07 11:00:00+00:00,-5.2695,2.7150,22.8210
2019-12-07 12:00:00+00:00,-5.3819,2.5583,22.6451
2019-12-07 13:00:00+00:00,-5.5696,2.1435,22.6400
2019-12-07 14:00:00+00:00,-5.4807,1.5243,22.7808
2019-12-07 15:00:00+00:00,-5.3163,1.7699,22.9694
2019-12-07 16:00:00+00:00,-0.3149,2.0770,23.0780
2019-12-07 17:00:00+00:00,0.0000,3.0329,23.1746
2019-12-07 18:00:00+00:00,0.0000,3.0736,23.0882
2019-12-07 19:00:00+00:00,0.0000,3.7040,22.4868
2019-12-07 20:00:00+00:00,0.0000,4.8090,21.4906
2019-12-07 21:00:00+00:00,0.0000,4.3341,21.2130
2019-12-07 22:00:00+00:00,0.0000,3.0302,21.4915
2019-12-07 23:00:00+00:00,0.0000,4.2405,21.1776
2019-12-08 00:00:00+00:00,0.0000,5.1635,21.2006
2019-12-08 01:00:00+00:00,0.0000,4.6914,21.5915
2019-12-08 02:00:00+00:00,0.0000,3.3777,22.5144
2019-12-08 03:00:00+00:00,0.0000,2.0925,22.8433
2019-12-08 04:00:00+00:00,0.0000,2.3225,23.2054
2019-12-08 05:00:00+00:00,0.0000,3.6905,22.4658
2019-12-08 06:00:00+00:00,0.0000,4.3293,22.7448
2019-12-08 07:00:00+00:00,0.0000,4.9874,23.7021
2019-12-08 08:00:00+00:00,0.0000,5.6520,24.8108
2019-12-08 09:00:00+00:00,0.0000,5.3095,25.3404
2019-12-08 10:00:00+00:00,0.0000,4.3923,25.5665
2019-12-08 11:00:00+00:00,0.0000,6.0714,24.3553
2019-12-08 12:00:00+00:00,0.0000,6.2379,22.7939
2019-12-08 13:00:00+00:00,0.0000,6.3514,24.0389
2019-12-08 14:00:00+00:00,0.0000,5.1312,24.3158
2019-12-08 15:00:00+00:00,0.0000,4.7427,23.8844
2019-12-08 16:00:00+00:00,0.0000,5.1293,23.5355
2019-12-08 17:00:00+00:00,0.0000,5.4754,23.2437
2019-12-08 18:00:00+00:00,0.0000,5.8287,23.2204
2019-12-08 19:00:00+00:00,0.0000,5.5318,23.0119
2019-12-08 20:00:00+00:00,0.0000,4.7135,22.6453
2019-12-08 21:00:00+00:00,0.0000,5.1497,22.5117
2019-12-08 22:00:00+00:00,0.0000,4.6029,22.4607
2019-12-08 23:00:00+00:00,0.0000,4.1702,21.9602
2019-12-09 00:00:00+00:00,0.0000,3.8095,21.3705
2019-12-09 01:00:00+00:00,0.0000,3.7763,21.1580
2019-12-09 02:00:00+00:00,0.0000,3.7684,21.3009
2019-12-09 03:00:00+00:00,0.0000,3.6441,21.8747
2019-12-09 04:00:00+00:00,0.0000,4.4524,24.0045
2019-12-09 05:00:00+00:00,0.0000,4.7040,25.2302
2019-12-09 06:00:00+00:00,0.0000,4.4864,26.4068
2019-12-09 07:00:00+00:00,0.0000,4.3424,27.3033
2019-12-09 08:00:00+00:00,0.0000,4.7107,27.7418
2019-12-09 09:00:00+00:00,0.0000,4.8433,27.8517
2019-12-09 10:00:00+00:00,0.0000,4.6841,27.8086
2019-12-09 11:00:00+00:00,0.0000,5.2850,27.4247
2019-12-09 12:00:00+00:00,0.0000,6.7409,24.8983
2019-12-09 13:00:00+00:00,0.0000,7.7247,24.4787
2019-12-09 14:00:00+00:00,0.0000,6.2616,24.0037
2019-12-09 15:00:00+00:00,0.0000,5.9877,23.9080
2019-12-09 16:00:00+00:00,0.0000,5.6499,23.7251
2019-12-09 17:00:00+00:00,0.0000,5.2017,23.4786
2019-12-09 18:00:00+00:00,0.0000,4.8871,23.1349
2019-12-09 19:00:00+00:00,0.0000,4.7562,22.5884
2019-12-09 20:00:00+00:00,0.0000,4.7722,22.4904
2019-12-09 21:00:00+00:00,0.0000,4.4883,22.5448
2019-12-09 22:00:00+00:00,0.0000,4.2799,22.4654
2019-12-09 23:00:00+00:00,0.0000,4.0044,22.1220
2019-12-10 00:00:00+00:00,0.0000,2.8857,21.6072
2019-12-10 01:00:00+00:00,0.0000,2.8035,21.7462
2019-12-10 02:00:00+00:00,0.0000,2.7602,22.4895
2019-12-10 03:00:00+00:00,0.0000,3.1466,23.8316
2019-12-10 04:00:00+00:00,0.0000,4.2182,24.8864
2019-12-10 05:00:00+00:00,0.0000,4.8938,25.2038
2019-12-10 06:00:00+00:00,0.0000,5.2770,25.9060
2019-12-10 07:00:00+00:00,0.0000,5.3447,26.7302
2019-12-10 08:00:00+00:00,0.0000,5.0461,27.1973
2019-12-10 09:00:00+00:00,0.0000,4.6507,27.1817
2019-12-10 10:00:00+00:00,0.0000,4.1780,26.8270
2019-12-10 11:00:00+00:00,0.0000,3.7639,26.4275
2019-12-10 12:00:00+00:00,0.0000,5.4798,25.7381
2019-12-10 13:00:00+00:00,0.0000,6.4878,24.7055
2019-12-10 14:00:00+00:00,0.0000,5.2945,24.3202
2019-12-10 15:00:00+00:00,0.0000,5.5349,24.1043
2019-12-10 16:00:00+00:00,0.0000,5.2060,23.6493
2019-12-10 17:00:00+00:00,0.0000,4.9847,23.2596
2019-12-10 18:00:00+00:00,0.0000,4.7477,22.9005
2019-12-10 19:00:00+00:00,0.0000,4.7412,22.7240
2019-12-10 20:00:00+00:00,0.0000,4.6121,22.4207
2019-12-10 21:00:00+00:00,0.0000,4.5796,22.3219
2019-12-10 22:00:00+00:00,0.0000,4.4216,22.1692
2019-12-10 23:00:00+00:00,0.0000,4.8030,22.2703
2019-12-11 00:00:00+00:00,0.0000,3.8895,22.1457
2019-12-11 01:00:00+00:00,0.0000,3.9171,22.1477
2019-12-11 02:00:00+00:00,0.0000,2.7460,22.8535
2019-12-11 03:00:00+00:00,0.0000,3.4262,23.9806
2019-12-11 04:00:00+00:00,0.0000,3.7340,25.0546
2019-12-11 05:00:00+00:00,0.0000,4.1924,25.6671
2019-12-11 06:00:00+00:00,0.0000,4.3962,26.4135
2019-12-11 07:00:00+00:00,0.0000,3.8728,27.3117
2019-12-11 08:00:00+00:00,0.0000,4.1025,27.7260
2019-12-11 09:00:00+00:00,0.0000,4.1102,27.7028
2019-12-11 10:00:00+00:00,-0.7838,3.8394,26.8299
2019-12-11 11:00:00+00:00,-3.5269,4.3962,23.3635
2019-12-11 12:00:00+00:00,-6.3485,5.0387,19.6495
2019-12-11 13:00:00+00:00,-1.7821,4.8832,25.8594
2019-12-11 14:00:00+00:00,-3.0010,4.6944,25.3217
2019-12-11 15:00:00+00:00,-2.8382,4.4902,24.9363
2019-12-11 16:00:00+00:00,-2.8521,4.3981,24.5856
2019-12-11 17:00:00+00:00,-2.8659,4.3059,24.2349
2019-12-11 18:00:00+00:00,-2.8798,4.2138,23.8842
2019-12-11 19:00:00+00:00,-2.8937,4.1217,23.5335
2019-12-11 20:00:00+00:00,-2.9076,4.0295,23.1827
2019-12-11 21:00:00+00:00,-2.9215,3.9374,22.8320
2019-12-11 22:00:00+00:00,-2.9353,3.8453,22.4813
2019-12-11 23:00:00+00:00,-2.9492,3.7532,22.1306
2019-12-12 00:00:00+00:00,52.9652,4.4436,21.9587
2019-12-12 01:00:00+00:00,169.6943,4.4347,21.9818
2019-12-12 02:00:00+00:00,22.7901,3.3595,22.2339
2019-12-12 03:00:00+00:00,103.7738,3.8312,23.2619
2019-12-12 04:00:00+00:00,268.1127,4.8616,24.1639
2019-12-12 05:00:00+00:00,334.7459,4.9566,25.2756
2019-12-12 06:00:00+00:00,362.3797,5.1596,25.9461
2019-12-12 07:00:00+00:00,346.9559,5.2124,27.0274
2019-12-12 08:00:00+00:00,231.7491,4.4710,27.9837
2019-12-12 09:00:00+00:00,153.2821,4.1458,28.3639
2019-12-12 10:00:00+00:00,282.3031,4.7625,28.1249
2019-12-12 11:00:00+00:00,398.7527,5.5163,27.4825
2019-12-12 12:00:00+00:00,502.0323,6.0235,26.4036
2019-12-12 13:00:00+00:00,961.0970,7.3478,25.4235
2019-12-12 14:00:00+00:00,1457.7126,8.3710,24.1314
2019-12-12 15:00:00+00:00,1084.2833,7.6683,23.5531
2019-12-12 16:00:00+00:00,1012.8267,7.4352,23.0803
2019-12-12 17:00:00+00:00,856.5669,7.1005,22.7950
2019-12-12 18:00:00+00:00,782.8961,6.9234,22.7232
2019-12-12 19:00:00+00:00,640.0205,6.4594,22.4739
2019-12-12 20:00:00+00:00,538.7981,6.2015,22.2721
2019-12-12 21:00:00+00:00,395.2146,5.8269,22.1860
2019-12-12 22:00:00+00:00,195.0382,4.7454,22.2296
2019-12-12 23:00:00+00:00,40.2603,3.5212,22.1656
2019-12-13 00:00:00+00:00,-5.3761,2.8752,22.0986
2019-12-13 01:00:00+00:00,-5.6016,2.9837,22.2525
2019-12-13 02:00:00+00:00,-5.5860,2.5779,23.0571
2019-12-13 03:00:00+00:00,7.4562,3.1136,24.1156
2019-12-13 04:00:00+00:00,112.9098,3.8910,24.9254
2019-12-13 05:00:00+00:00,155.2992,4.2042,25.5680
2019-12-13 06:00:00+00:00,130.9241,3.9982,26.7083
2019-12-13 07:00:00+00:00,195.2127,4.3720,27.6884
2019-12-13 08:00:00+00:00,159.8900,4.0707,28.3625
2019-12-13 09:00:00+00:00,168.1799,4.1667,28.8273
2019-12-13 10:00:00+00:00,189.7895,4.4713,28.8025
2019-12-13 11:00:00+00:00,302.7388,5.0593,27.8859
2019-12-13 12:00:00+00:00,393.2356,5.4489,26.8595
2019-12-13 13:00:00+00:00,535.7195,5.9894,26.1067
2019-12-13 14:00:00+00:00,750.1144,6.8787,25.3905
2019-12-13 15:00:00+00:00,869.3291,7.0409,24.8211
2019-12-13 16:00:00+00:00,1132.3555,7.6786,24.2719
2019-12-13 17:00:00+00:00,899.8760,7.2352,23.7804
2019-12-13 18:00:00+00:00,638.3269,6.4836,23.5117
2019-12-13 19:00:00+00:00,564.7287,6.4062,23.2043
2019-12-13 20:00:00+00:00,416.4377,5.8704,23.0659
2019-12-13 21:00:00+00:00,314.7927,5.4738,22.8613
2019-12-13 22:00:00+00:00,177.1379,4.6149,22.5733
2019-12-13 23:00:00+00:00,82.2830,3.9912,22.1129
2019-12-14 00:00:00+00:00,68.1972,3.8661,22.2821
2019-12-14 01:00:00+00:00,81.7566,3.9651,22.2793
2019-12-14 02:00:00+00:00,115.3878,4.0829,22.8835
2019-12-14 03:00:00+00:00,175.3808,4.4794,23.9426
2019-12-14 04:00:00+00:00,99.2258,3.8967,24.8981
2019-12-14 05:00:00+00:00,134.6066,3.9700,26.1831
2019-12-14 06:00:00+00:00,249.9638,4.7108,27.0161
2019-12-14 07:00:00+00:00,282.6335,4.9183,27.3939
2019-12-14 08:00:00+00:00,249.7163,4.5711,27.9651
2019-12-14 09:00:00+00:00,369.8499,5.2270,28.2653
2019-12-14 10:00:00+00:00,544.4075,5.8930,28.2488
2019-12-14 11:00:00+00:00,1453.6747,8.3501,26.3510
2019-12-14 12:00:00+00:00,1466.2385,8.4148,25.0216
2019-12-14 13:00:00+00:00,1038.7606,7.4829,24.5084
2019-12-14 14:00:00+00:00,1017.6859,7.3453,24.3247
2019-12-14 15:00:00+00:00,722.7685,6.6928,24.2288
2019-12-14 16:00:00+00:00,781.2699,6.9720,23.8729
2019-12-14 17:00:00+00:00,652.6671,6.6076,23.6768
2019-12-14 18:00:00+00:00,724.8273,6.8044,23.5346
2019-12-14 19:00:00+00:00,664.3402,6.7527,23.4106
2019-12-14 20:00:00+00:00,496.6892,5.8763,23.2246
2019-12-14 21:00:00+00:00,301.6518,4.6717,23.0786
2019-12-14 22:00:00+00:00,106.6143,3.4671,22.9337
2019-12-14 23:00:00+00:00,-5.9870,2.9518,22.7323
2019-12-15 00:00:00+00:00,4.8409,3.3881,22.8600
2019-12-15 01:00:00+00:00,-5.0446,3.0837,22.7796
2019-12-15 02:00:00+00:00,81.3054,3.7558,23.3088
2019-12-15 03:00:00+00:00,73.8979,3.7005,23.9495
2019-12-15 04:00:00+00:00,104.7278,3.8881,24.2764
2019-12-15 05:00:00+00:00,495.4251,5.8211,25.5773
2019-12-15 06:00:00+00:00,447.2720,5.5672,26.4645
2019-12-15 07:00:00+00:00,230.7347,4.5730,27.0921
2019-12-15 08:00:00+00:00,468.7193,5.4563,27.7569
2019-12-15 09:00:00+00:00,405.8303,5.3905,28.1148
2019-12-15 10:00:00+00:00,244.8324,4.6600,27.9350
2019-12-15 11:00:00+00:00,312.4416,5.0958,27.5878
2019-12-15 12:00:00+00:00,434.1457,5.8254,26.6989
2019-12-15 13:00:00+00:00,558.7952,6.2653,25.9379
2019-12-15 14:00:00+00:00,519.0577,6.1104,25.0561
2019-12-15 15:00:00+00:00,565.3861,6.3036,24.0662
2019-12-15 16:00:00+00:00,399.8534,5.7109,23.5996
2019-12-15 17:00:00+00:00,428.7605,5.7643,23.3396
2019-12-15 18:00:00+00:00,441.2146,5.9078,22.9093
2019-12-15 19:00:00+00:00,317.2826,5.3094,22.3664
2019-12-15 20:00:00+00:00,204.5807,4.6660,22.0602
2019-12-15 21:00:00+00:00,12.8425,3.2448,21.9588
2019-12-15 22:00:00+00:00,17.7235,3.5502,22.1848
2019-12-15 23:00:00+00:00,-4.4461,3.0797,22.1619
2019-12-16 00:00:00+00:00,-5.6438,2.7562,22.0407
2019-12-16 01:00:00+00:00,-5.4221,2.8043,22.0580
2019-12-16 02:00:00+00:00,-5.3884,2.7513,22.8304
2019-12-16 03:00:00+00:00,-5.8152,2.9040,24.2474
2019-12-16 04:00:00+00:00,58.2831,3.5172,24.9470
2019-12-16 05:00:00+00:00,173.6972,4.3521,25.6933
2019-12-16 06:00:00+00:00,272.8615,4.8002,26.5806
2019-12-16 07:00:00+00:00,385.2274,5.3052,26.8043
2019-12-16 08:00:00+00:00,641.9623,6.1141,26.4919
2019-12-16 09:00:00+00:00,1004.9272,7.5020,24.5702
2019-12-16 10:00:00+00:00,814.7620,6.7183,24.8063
2019-12-16 11:00:00+00:00,787.2443,6.7894,24.2897
2019-12-16 12:00:00+00:00,584.8164,6.1618,24.0521
2019-12-16 13:00:00+00:00,433.2802,5.7222,23.9776
2019-12-16 14:00:00+00:00,677.5239,6.5778,23.8584
2019-12-16 15:00:00+00:00,645.3471,6.4019,23.1150
2019-12-16 16:00:00+00:00,502.1082,6.0854,22.9129
2019-12-16 17:00:00+00:00,476.3396,5.9090,23.0408
2019-12-16 18:00:00+00:00,210.9208,4.6535,22.9594
2019-12-16 19:00:00+00:00,118.3925,4.1236,22.6355
2019-12-16 20:00:00+00:00,168.3231,4.4353,22.4220
2019-12-16 21:00:00+00:00,246.3453,4.9354,22.3056
2019-12-16 22:00:00+00:00,284.6439,5.2063,22.0699
2019-12-16 23:00:00+00:00,257.2535,4.9316,22.0148
2019-12-17 00:00:00+00:00,211.8622,4.8444,22.0315
2019-12-17 01:00:00+00:00,24.5127,3.4234,22.2163
2019-12-17 02:00:00+00:00,115.8091,3.9236,23.0273
2019-12-17 03:00:00+00:00,181.4457,4.4752,23.8656
2019-12-17 04:00:00+00:00,376.6702,5.2728,25.0192
2019-12-17 05:00:00+00:00,590.6321,5.9948,25.6957
2019-12-17 06:00:00+00:00,742.0117,6.5645,26.1901
2019-12-17 07:00:00+00:00,595.2848,6.1084,27.0174
2019-12-17 08:00:00+00:00,733.7773,6.6105,27.5285
2019-12-17 09:00:00+00:00,887.3103,6.9849,27.8337
2019-12-17 10:00:00+00:00,879.9184,6.8533,27.7542
2019-12-17 11:00:00+00:00,964.5693,7.1650,26.9795
2019-12-17 12:00:00+00:00,880.8570,6.9515,26.2456
2019-12-17 13:00:00+00:00,1039.1126,7.5344,25.2607
2019-12-17 14:00:00+00:00,1220.9827,8.0960,24.7001
2019-12-17 15:00:00+00:00,1085.9139,7.4912,24.3810
2019-12-17 16:00:00+00:00,944.3317,7.2841,24.1168
2019-12-17 17:00:00+00:00,553.0255,6.1656,23.5440
2019-12-17 18:00:00+00:00,348.6410,5.5681,22.9274
2019-12-17 19:00:00+00:00,296.4343,5.3665,22.7356
2019-12-17 20:00:00+00:00,322.3764,5.5156,22.4323
2019-12-17 21:00:00+00:00,134.4523,4.2789,22.3300
2019-12-17 22:00:00+00:00,-2.4755,3.2153,22.2417
2019-12-17 23:00:00+00:00,-5.7287,2.7052,22.2835
2019-12-18 00:00:00+00:00,-4.9786,2.2848,22.1513
2019-12-18 01:00:00+00:00,-5.6522,2.8421,21.9637
2019-12-18 02:00:00+00:00,14.3487,3.4151,22.3041
2019-12-18 03:00:00+00:00,-5.7297,3.1620,22.9756
2019-12-18 04:00:00+00:00,37.1005,3.3980,24.0064
2019-12-18 05:00:00+00:00,136.7596,4.1254,23.8464
2019-12-18 06:00:00+00:00,119.2854,4.0632,23.5827
2019-12-18 07:00:00+00:00,8.3292,3.2512,23.6618
2019-12-18 08:00:00+00:00,64.8294,3.5682,23.7319
2019-12-18 09:00:00+00:00,133.7945,4.1710,24.7590
2019-12-18 10:00:00+00:00,251.4489,4.5372,25.3320
2019-12-18 11:00:00+00:00,385.5379,5.4579,25.2505
2019-12-18 12:00:00+00:00,264.2092,5.0010,24.7294
2019-12-18 13:00:00+00:00,664.6583,6.5062,24.5840
2019-12-18 14:00:00+00:00,559.7754,6.1573,24.2571
2019-12-18 15:00:00+00:00,422.9302,5.7846,23.7424
2019-12-18 16:00:00+00:00,466.6169,5.9930,23.1925
2019-12-18 17:00:00+00:00,432.9692,5.7518,22.7919
2019-12-18 18:00:00+00:00,493.6663,6.0038,22.4371
2019-12-18 19:00:00+00:00,651.4660,6.4089,22.1496
2019-12-18 20:00:00+00:00,540.9731,6.1524,21.8465
2019-12-18 21:00:00+00:00,505.2953,6.1859,21.6619
2019-12-18 22:00:00+00:00,369.3408,5.6333,21.7665
2019-12-18 23:00:00+00:00,197.3077,4.6499,21.3875
2019-12-19 00:00:00+00:00,97.6820,3.9444,21.0997
2019-12-19 01:00:00+00:00,15.2346,3.3650,21.0385
2019-12-19 02:00:00+00:00,-5.6699,3.1311,21.7887
2019-12-19 03:00:00+00:00,6.8608,3.0026,23.2469
2019-12-19 04:00:00+00:00,252.9096,4.5996,24.3674
2019-12-19 05:00:00+00:00,613.4844,5.9913,25.1464
2019-12-19 06:00:00+00:00,751.0593,6.5804,26.0701
2019-12-19 07:00:00+00:00,394.1040,5.3421,27.1300
2019-12-19 08:00:00+00:00,275.7064,4.8810,26.7621
2019-12-19 09:00:00+00:00,383.0166,5.1811,27.5101
2019-12-19 10:00:00+00:00,382.5972,5.3036,27.7813
2019-12-19 11:00:00+00:00,546.3701,6.2668,27.4045
2019-12-19 12:00:00+00:00,351.5920,5.4335,26.6511
2019-12-19 13:00:00+00:00,429.1102,5.5994,25.8986
2019-12-19 14:00:00+00:00,623.9682,6.5067,25.0636
2019-12-19 15:00:00+00:00,762.3859,6.7745,24.4918
2019-12-19 16:00:00+00:00,543.1214,6.2434,24.0441
2019-12-19 17:00:00+00:00,301.9122,5.3084,23.9193
2019-12-19 18:00:00+00:00,135.4342,4.3021,23.5171
2019-12-19 19:00:00+00:00,356.4475,5.6036,22.7464
2019-12-19 20:00:00+00:00,303.9276,5.2770,22.2343
2019-12-19 21:00:00+00:00,227.7743,4.8751,21.7015
2019-12-19 22:00:00+00:00,277.8828,5.2429,22.0682
2019-12-19 23:00:00+00:00,265.5592,5.2302,22.1679
2019-12-20 00:00:00+00:00,258.1243,5.2027,21.8201
2019-12-20 01:00:00+00:00,186.1821,4.7270,21.6046
2019-12-20 02:00:00+00:00,85.6564,4.0173,21.8946
2019-12-20 03:00:00+00:00,-5.4451,2.9153,23.3366
2019-12-20 04:00:00+00:00,2.6330,3.0309,25.0152
2019-12-20 05:00:00+00:00,60.3574,3.7128,25.9538
2019-12-20 06:00:00+00:00,209.4016,4.4272,26.5739
2019-12-20 07:00:00+00:00,128.5280,4.0117,27.0105
2019-12-20 08:00:00+00:00,53.6937,3.6854,27.8051
2019-12-20 09:00:00+00:00,50.2936,3.5317,27.8827
2019-12-20 10:00:00+00:00,47.4281,3.4293,27.8487
2019-12-20 11:00:00+00:00,62.9686,3.5807,27.3694
2019-12-20 12:00:00+00:00,175.8715,4.4919,26.8444
2019-12-20 13:00:00+00:00,350.7726,5.4201,26.2558
2019-12-20 14:00:00+00:00,530.2023,6.2403,25.4980
2019-12-20 15:00:00+00:00,690.6367,6.5707,24.9518
2019-12-20 16:00:00+00:00,728.5209,6.7096,24.4164
2019-12-20 17:00:00+00:00,1107.2919,7.7895,23.8075
2019-12-20 18:00:00+00:00,1029.1545,7.4287,23.3804
2019-12-20 19:00:00+00:00,521.3742,6.1645,23.4001
2019-12-20 20:00:00+00:00,171.8833,4.5357,23.1970
2019-12-20 21:00:00+00:00,-6.2712,2.7961,22.8679
2019-12-20 22:00:00+00:00,12.3775,3.3380,22.7627
2019-12-20 23:00:00+00:00,4.5983,3.2852,22.4871
2019-12-21 00:00:00+00:00,78.0824,3.8897,22.3414
2019-12-21 01:00:00+00:00,102.2598,4.0453,22.4198
2019-12-21 02:00:00+00:00,159.7574,4.5324,22.4527
2019-12-21 03:00:00+00:00,29.1676,3.4169,22.7076
2019-12-21 04:00:00+00:00,153.6677,4.1070,24.2681
2019-12-21 05:00:00+00:00,498.6872,5.7174,25.5730
2019-12-21 06:00:00+00:00,517.0295,5.6806,26.7382
2019-12-21 07:00:00+00:00,483.7145,5.5394,27.4612
2019-12-21 08:00:00+00:00,692.6864,6.3077,28.0808
2019-12-21 09:00:00+00:00,610.0014,6.0686,28.1887
2019-12-21 10:00:00+00:00,676.6618,6.4771,27.9210
2019-12-21 11:00:00+00:00,481.5455,5.6907,27.5435
2019-12-21 12:00:00+00:00,653.1266,6.3883,26.3391
2019-12-21 13:00:00+00:00,777.7216,6.9174,25.4878
2019-12-21 14:00:00+00:00,1301.7891,8.0148,24.8056
2019-12-21 15:00:00+00:00,1506.9018,8.4928,24.1415
2019-12-21 16:00:00+00:00,1145.0083,7.4384,23.5297
2019-12-21 17:00:00+00:00,1017.9046,7.3784,22.9350
2019-12-21 18:00:00+00:00,713.8974,6.7762,22.6817
2019-12-21 19:00:00+00:00,486.3295,5.9926,22.5114
2019-12-21 20:00:00+00:00,216.4204,4.9229,22.5399
2019-12-21 21:00:00+00:00,197.3899,4.7974,22.2921
2019-12-21 22:00:00+00:00,134.6474,4.4532,22.1167
2019-12-21 23:00:00+00:00,196.5628,4.8993,22.1947
2019-12-22 00:00:00+00:00,162.8102,4.6018,22.2268
2019-12-22 01:00:00+00:00,27.6627,3.5456,22.2293
2019-12-22 02:00:00+00:00,-5.8795,2.7476,22.6080
2019-12-22 03:00:00+00:00,-5.4547,2.6047,23.8275
2019-12-22 04:00:00+00:00,130.8777,3.9327,24.4639
2019-12-22 05:00:00+00:00,356.5826,5.1518,25.0114
2019-12-22 06:00:00+00:00,282.2686,4.7749,25.9676
2019-12-22 07:00:00+00:00,269.0970,4.7846,26.9351
2019-12-22 08:00:00+00:00,321.7384,5.0007,27.5727
2019-12-22 09:00:00+00:00,381.6633,5.3296,27.8790
2019-12-22 10:00:00+00:00,352.9127,5.1193,27.6515
2019-12-22 11:00:00+00:00,417.9341,5.5191,27.1590
2019-12-22 12:00:00+00:00,549.8157,5.9721,26.3781
2019-12-22 13:00:00+00:00,814.5190,7.0147,25.2900
2019-12-22 14:00:00+00:00,853.5620,7.2164,24.2610
2019-12-22 15:00:00+00:00,936.9268,7.1650,23.4266
2019-12-22 16:00:00+00:00,1136.5625,7.6641,22.7193
2019-12-22 17:00:00+00:00,635.9633,6.4077,22.2763
2019-12-22 18:00:00+00:00,783.0438,6.8575,22.2149
2019-12-22 19:00:00+00:00,961.0822,7.3762,22.1131
2019-12-22 20:00:00+00:00,626.1546,6.4494,21.8082
2019-12-22 21:00:00+00:00,580.7318,6.2395,21.3360
2019-12-22 22:00:00+00:00,614.8657,6.3726,21.1446
2019-12-22 23:00:00+00:00,522.1409,6.1704,21.1265
2019-12-23 00:00:00+00:00,296.6432,5.2988,21.1077
2019-12-23 01:00:00+00:00,136.0564,4.3015,21.2684
2019-12-23 02:00:00+00:00,18.8304,3.3646,22.0684
2019-12-23 03:00:00+00:00,174.7925,4.3580,22.9683
2019-12-23 04:00:00+00:00,370.4995,5.2992,23.7345
2019-12-23 05:00:00+00:00,279.8289,4.8428,24.8445
2019-12-23 06:00:00+00:00,276.0760,4.8614,25.5939
2019-12-23 07:00:00+00:00,180.5124,4.2541,26.3843
2019-12-23 08:00:00+00:00,165.8612,4.3440,26.7089
2019-12-23 09:00:00+00:00,286.7561,4.8975,26.8980
2019-12-23 10:00:00+00:00,406.8873,5.4072,26.5286
2019-12-23 11:00:00+00:00,557.8878,6.0039,25.7687
2019-12-23 12:00:00+00:00,692.6510,6.4388,24.9966
2019-12-23 13:00:00+00:00,838.7435,6.8609,24.4940
2019-12-23 14:00:00+00:00,927.0309,7.2160,24.1537
2019-12-23 15:00:00+00:00,983.5315,7.2230,23.5507
2019-12-23 16:00:00+00:00,887.9526,7.0974,22.8901
2019-12-23 17:00:00+00:00,778.1112,6.7593,22.3270
2019-12-23 18:00:00+00:00,1032.6341,7.5508,22.1299
2019-12-23 19:00:00+00:00,747.7191,6.7984,22.0073
2019-12-23 20:00:00+00:00,710.6023,6.7083,21.9154
2019-12-23 21:00:00+00:00,425.2881,5.8110,21.8214
2019-12-23 22:00:00+00:00,278.3303,5.1060,21.5607
2019-12-23 23:00:00+00:00,170.1759,4.6687,21.5830
2019-12-24 00:00:00+00:00,110.2621,4.1649,21.7320
2019-12-24 01:00:00+00:00,-5.4760,2.9383,21.6984
2019-12-24 02:00:00+00:00,-5.5766,3.1931,21.9906
2019-12-24 03:00:00+00:00,7.0499,3.1238,23.4540
2019-12-24 04:00:00+00:00,97.3616,3.9837,24.4387
2019-12-24 05:00:00+00:00,164.0463,4.1478,25.5342
2019-12-24 06:00:00+00:00,266.5442,4.7600,26.3132
2019-12-24 07:00:00+00:00,134.2122,4.1088,27.2663
2019-12-24 08:00:00+00:00,114.7843,3.9753,27.6861
2019-12-24 09:00:00+00:00,260.0102,4.7179,27.7213
2019-12-24 10:00:00+00:00,612.1368,6.2642,27.0415
2019-12-24 11:00:00+00:00,690.6843,6.3593,26.2872
2019-12-24 12:00:00+00:00,744.3340,6.6034,25.4688
2019-12-24 13:00:00+00:00,691.4350,6.2947,24.6324
2019-12-24 14:00:00+00:00,932.4915,7.0258,23.8528
2019-12-24 15:00:00+00:00,607.8607,6.3877,23.3768
2019-12-24 16:00:00+00:00,702.3009,6.6236,23.0943
2019-12-24 17:00:00+00:00,1098.8174,7.6981,22.8952
2019-12-24 18:00:00+00:00,1130.6031,7.7115,22.7409
2019-12-24 19:00:00+00:00,875.8352,7.1865,22.7003
2019-12-24 20:00:00+00:00,815.4847,7.3323,22.5830
2019-12-24 21:00:00+00:00,489.9197,6.1217,22.4451
2019-12-24 22:00:00+00:00,532.3148,6.2225,22.4198
2019-12-24 23:00:00+00:00,528.9064,6.2027,22.2934
2019-12-25 00:00:00+00:00,374.7492,5.8677,22.3138
2019-12-25 01:00:00+00:00,334.7095,5.6350,22.4339
2019-12-25 02:00:00+00:00,475.9063,6.0338,22.7480
2019-12-25 03:00:00+00:00,664.4689,6.2902,23.6161
2019-12-25 04:00:00+00:00,742.8926,6.5610,24.7069
2019-12-25 05:00:00+00:00,414.6754,5.3786,25.6756
2019-12-25 06:00:00+00:00,248.8019,4.7436,26.4382
2019-12-25 07:00:00+00:00,198.9927,4.4102,27.5842
2019-12-25 08:00:00+00:00,219.5862,4.5969,28.1753
2019-12-25 09:00:00+00:00,207.2718,4.6034,28.4145
2019-12-25 10:00:00+00:00,179.2645,4.4244,28.5009
2019-12-25 11:00:00+00:00,297.3007,5.1319,27.7510
2019-12-25 12:00:00+00:00,298.9287,5.1881,27.0921
2019-12-25 13:00:00+00:00,556.1491,6.1643,26.4508
2019-12-25 14:00:00+00:00,875.0671,7.2922,25.7618
2019-12-25 15:00:00+00:00,1089.8873,7.7445,24.8013
2019-12-25 16:00:00+00:00,1424.3334,8.3538,24.0455
2019-12-25 17:00:00+00:00,1254.4584,8.0574,23.3886
2019-12-25 18:00:00+00:00,941.4043,7.4454,22.9589
2019-12-25 19:00:00+00:00,805.4730,6.9756,23.1698
2019-12-25 20:00:00+00:00,163.6765,4.5324,23.0913
2019-12-25 21:00:00+00:00,133.3854,4.5354,22.7281
2019-12-25 22:00:00+00:00,320.9447,5.5701,22.1576
2019-12-25 23:00:00+00:00,460.1868,6.0744,21.8364
2019-12-26 00:00:00+00:00,309.8866,5.3351,21.6683
2019-12-26 01:00:00+00:00,202.0285,4.6074,21.7799
2019-12-26 02:00:00+00:00,115.9617,4.0710,21.9464
2019-12-26 03:00:00+00:00,29.8950,3.5346,22.1129
2019-12-26 04:00:00+00:00,-5.6566,3.0313,22.6336
2019-12-26 05:00:00+00:00,-5.3378,2.5701,25.2802
2019-12-26 06:00:00+00:00,-2.7220,2.9361,26.8229
2019-12-26 07:00:00+00:00,-5.8900,2.8579,28.1823
2019-12-26 08:00:00+00:00,-4.2503,3.0262,29.0097
2019-12-26 09:00:00+00:00,46.0385,3.5920,29.2032
2019-12-26 10:00:00+00:00,187.1307,4.3169,28.6228
2019-12-26 11:00:00+00:00,186.1272,4.3409,27.9372
2019-12-26 12:00:00+00:00,185.1276,4.4342,26.9624
2019-12-26 13:00:00+00:00,439.7776,5.6061,26.0367
2019-12-26 14:00:00+00:00,723.5992,6.8488,25.4591
2019-12-26 15:00:00+00:00,677.0847,6.5877,24.9196
2019-12-26 16:00:00+00:00,918.9486,7.3319,24.4516
2019-12-26 17:00:00+00:00,1028.3723,7.5926,23.5901
2019-12-26 18:00:00+00:00,1074.5199,7.7818,23.0745
2019-12-26 19:00:00+00:00,1026.8097,7.5427,22.4742
2019-12-26 20:00:00+00:00,1180.2181,7.7739,22.3489
2019-12-26 21:00:00+00:00,882.4295,7.1085,21.9646
2019-12-26 22:00:00+00:00,368.3753,5.3016,21.8007
2019-12-26 23:00:00+00:00,76.0144,3.7379,22.0096
2019-12-27 00:00:00+00:00,132.6570,4.4164,22.0575
2019-12-27 01:00:00+00:00,23.6678,3.0641,22.0571
2019-12-27 02:00:00+00:00,-5.1359,2.1554,22.7021
2019-12-27 03:00:00+00:00,-5.2470,2.4528,24.1773
2019-12-27 04:00:00+00:00,-5.6789,2.8637,25.5781
2019-12-27 05:00:00+00:00,-2.6617,3.1487,26.9720
2019-12-27 06:00:00+00:00,78.3074,3.6601,27.7268
2019-12-27 07:00:00+00:00,155.4350,4.1214,28.0329
2019-12-27 08:00:00+00:00,196.1551,4.3345,28.5104
2019-12-27 09:00:00+00:00,195.7493,4.4942,28.8465
2019-12-27 10:00:00+00:00,286.8595,4.9302,28.5832
2019-12-27 11:00:00+00:00,346.1838,5.1361,27.9668
2019-12-27 12:00:00+00:00,618.4186,6.1790,27.0494
2019-12-27 13:00:00+00:00,852.4699,7.0277,26.1152
2019-12-27 14:00:00+00:00,1009.1925,7.5342,25.4870
2019-12-27 15:00:00+00:00,788.7819,6.8732,24.9553
2019-12-27 16:00:00+00:00,1172.3411,7.8441,24.4345
2019-12-27 17:00:00+00:00,880.2647,7.2078,23.4786
2019-12-27 18:00:00+00:00,517.9905,6.0933,23.2680
2019-12-27 19:00:00+00:00,468.1674,6.0585,23.3848
2019-12-27 20:00:00+00:00,449.6397,5.9617,23.0991
2019-12-27 21:00:00+00:00,352.9593,5.5441,22.6747
2019-12-27 22:00:00+00:00,341.5837,5.5330,22.2850
2019-12-27 23:00:00+00:00,319.3310,5.4021,21.7988
2019-12-28 00:00:00+00:00,392.2372,5.8328,21.7099
2019-12-28 01:00:00+00:00,305.1583,5.2674,21.4099
2019-12-28 02:00:00+00:00,173.5137,4.2873,21.5667
2019-12-28 03:00:00+00:00,328.8319,5.1836,22.9319
2019-12-28 04:00:00+00:00,737.4423,6.4472,24.3454
2019-12-28 05:00:00+00:00,887.6575,7.0296,25.5217
2019-12-28 06:00:00+00:00,702.3786,6.5070,25.8592
2019-12-28 07:00:00+00:00,554.5865,5.7407,26.6120
2019-12-28 08:00:00+00:00,596.6781,6.0981,26.8559
2019-12-28 09:00:00+00:00,503.4812,5.8899,27.1716
2019-12-28 10:00:00+00:00,489.4466,5.7532,27.1965
2019-12-28 11:00:00+00:00,509.4426,5.8230,26.8169
2019-12-28 12:00:00+00:00,568.2309,6.1732,26.0300
2019-12-28 13:00:00+00:00,628.5663,6.3557,25.3487
2019-12-28 14:00:00+00:00,1033.0911,7.3848,24.8760
2019-12-28 15:00:00+00:00,1002.9164,7.4832,24.5030
2019-12-28 16:00:00+00:00,643.3539,6.4486,24.0477
2019-12-28 17:00:00+00:00,626.6891,6.4383,23.4725
2019-12-28 18:00:00+00:00,724.7969,6.7087,22.8941
2019-12-28 19:00:00+00:00,782.9825,7.1125,22.5052
2019-12-28 20:00:00+00:00,744.1478,6.8809,22.1966
2019-12-28 21:00:00+00:00,617.3772,6.4373,21.9811
2019-12-28 22:00:00+00:00,424.7853,5.9203,22.0320
2019-12-28 23:00:00+00:00,560.8093,6.3772,22.0170
2019-12-29 00:00:00+00:00,372.9846,5.6416,21.9629
2019-12-29 01:00:00+00:00,187.5435,4.6567,21.9905
2019-12-29 02:00:00+00:00,12.7910,3.4505,22.4152
2019-12-29 03:00:00+00:00,60.0791,3.5843,23.5273
2019-12-29 04:00:00+00:00,190.5820,4.4070,24.2399
2019-12-29 05:00:00+00:00,310.3819,5.1091,25.2458
2019-12-29 06:00:00+00:00,250.3009,4.8033,26.2443
2019-12-29 07:00:00+00:00,135.1203,4.2020,27.3741
2019-12-29 08:00:00+00:00,95.2972,3.8922,28.2246
2019-12-29 09:00:00+00:00,117.1288,4.1846,28.5565
2019-12-29 10:00:00+00:00,233.3326,4.5826,28.4029
2019-12-29 11:00:00+00:00,216.5101,4.5868,27.8578
2019-12-29 12:00:00+00:00,718.8305,6.4709,26.4056
2019-12-29 13:00:00+00:00,1106.4643,7.3526,24.7819
2019-12-29 14:00:00+00:00,1302.1884,8.0792,23.5425
2019-12-29 15:00:00+00:00,660.0923,6.5083,22.7518
2019-12-29 16:00:00+00:00,1213.5756,8.0229,22.1158
2019-12-29 17:00:00+00:00,1357.5751,8.1638,21.8761
2019-12-29 18:00:00+00:00,1250.4775,8.0025,21.5039
2019-12-29 19:00:00+00:00,1111.8775,7.7259,21.4549
2019-12-29 20:00:00+00:00,1326.6710,8.1879,21.4115
2019-12-29 21:00:00+00:00,572.0332,6.3256,21.4475
2019-12-29 22:00:00+00:00,718.2989,6.8992,21.4852
2019-12-29 23:00:00+00:00,787.1001,6.9841,21.5077
2019-12-30 00:00:00+00:00,258.8575,4.9812,21.0340
2019-12-30 01:00:00+00:00,174.8627,4.5607,21.1502
2019-12-30 02:00:00+00:00,213.6591,4.5881,21.4325
2019-12-30 03:00:00+00:00,628.9441,6.1327,22.5310
2019-12-30 04:00:00+00:00,843.6826,6.7802,23.7811
2019-12-30 05:00:00+00:00,644.4535,6.1204,24.8118
2019-12-30 06:00:00+00:00,552.1005,5.8451,25.9725
2019-12-30 07:00:00+00:00,548.4978,5.8585,26.5662
2019-12-30 08:00:00+00:00,664.4472,6.1787,26.8528
2019-12-30 09:00:00+00:00,878.3709,6.9657,26.8555
2019-12-30 10:00:00+00:00,833.3583,6.9026,26.7620
2019-12-30 11:00:00+00:00,860.9916,6.8787,26.4264
2019-12-30 12:00:00+00:00,989.7150,7.4416,25.3497
2019-12-30 13:00:00+00:00,974.2875,7.3119,24.6639
2019-12-30 14:00:00+00:00,1310.0419,8.0089,24.1223
2019-12-30 15:00:00+00:00,1373.1866,8.1760,23.5050
2019-12-30 16:00:00+00:00,1616.2089,8.4403,22.9403
2019-12-30 17:00:00+00:00,1701.1278,8.7658,22.6595
2019-12-30 18:00:00+00:00,1245.7925,7.9057,22.5391
2019-12-30 19:00:00+00:00,678.6780,6.5653,22.2345
2019-12-30 20:00:00+00:00,384.7683,5.6640,22.1216
2019-12-30 21:00:00+00:00,711.3584,6.6555,22.2004
2019-12-30 22:00:00+00:00,356.2207,5.5051,21.8851
2019-12-30 23:00:00+00:00,331.9652,5.3945,21.7303
2019-12-31 00:00:00+00:00,298.2921,5.1849,21.5523
2019-12-31 01:00:00+00:00,145.6722,4.5129,21.9889
2019-12-31 02:00:00+00:00,327.7858,5.3611,22.5347
2019-12-31 03:00:00+00:00,1142.3868,7.3863,23.2103
2019-12-31 04:00:00+00:00,409.4313,5.5186,24.5262
2019-12-31 05:00:00+00:00,220.7263,4.4645,25.6068
2019-12-31 06:00:00+00:00,297.9109,5.0475,26.3951
2019-12-31 07:00:00+00:00,232.7722,4.5918,27.5863
2019-12-31 08:00:00+00:00,303.6466,4.8603,27.7563
2019-12-31 09:00:00+00:00,234.1878,4.5527,28.3290
2019-12-31 10:00:00+00:00,426.7807,5.4294,28.3886
2019-12-31 11:00:00+00:00,534.0494,5.9839,27.8755
2019-12-31 12:00:00+00:00,902.7920,7.2417,26.8658
2019-12-31 13:00:00+00:00,1592.5073,8.7721,25.9807
2019-12-31 14:00:00+00:00,1618.6761,8.6141,24.8551
2019-12-31 15:00:00+00:00,1677.6436,8.9546,24.0216
2019-12-31 16:00:00+00:00,1478.7330,8.5783,23.3935
2019-12-31 17:00:00+00:00,1399.9145,8.3949,23.0246
2019-12-31 18:00:00+00:00,1128.9055,7.6554,22.8286
2019-12-31 19:00:00+00:00,1030.8077,7.6534,22.6411
2019-12-31 20:00:00+00:00,889.9615,7.2601,22.5621
2019-12-31 21:00:00+00:00,717.7390,6.9072,22.4539
2019-12-31 22:00:00+00:00,511.1102,6.1483,22.3276
2019-12-31 23:00:00+00:00,387.8028,5.7836,22.3942
